CASE_ID,ACCIDENT_YEAR,PROC_DATE,JURIS,COLLISION_DATE,COLLISION_TIME,OFFICER_ID,REPORTING_DISTRICT,DAY_OF_WEEK,CHP_SHIFT,POPULATION,CNTY_CITY_LOC,SPECIAL_COND,BEAT_TYPE,CHP_BEAT_TYPE,CITY_DIVISION_LAPD,CHP_BEAT_CLASS,BEAT_NUMBER,PRIMARY_RD,SECONDARY_RD,DISTANCE,DIRECTION,INTERSECTION,WEATHER_1,WEATHER_2,STATE_HWY_IND,CALTRANS_COUNTY,CALTRANS_DISTRICT,STATE_ROUTE,ROUTE_SUFFIX,POSTMILE_PREFIX,POSTMILE,LOCATION_TYPE,RAMP_INTERSECTION,SIDE_OF_HWY,TOW_AWAY,COLLISION_SEVERITY,NUMBER_KILLED,NUMBER_INJURED,PARTY_COUNT,PRIMARY_COLL_FACTOR,PCF_CODE_OF_VIOL,PCF_VIOL_CATEGORY,PCF_VIOLATION,PCF_VIOL_SUBSECTION,HIT_AND_RUN,TYPE_OF_COLLISION,MVIW,PED_ACTION,ROAD_SURFACE,ROAD_COND_1,ROAD_COND_2,LIGHTING,CONTROL_DEVICE,CHP_ROAD_TYPE,PEDESTRIAN_ACCIDENT,BICYCLE_ACCIDENT,MOTORCYCLE_ACCIDENT,TRUCK_ACCIDENT,NOT_PRIVATE_PROPERTY,ALCOHOL_INVOLVED,STWD_VEHTYPE_AT_FAULT,CHP_VEHTYPE_AT_FAULT,COUNT_SEVERE_INJ,COUNT_VISIBLE_INJ,COUNT_COMPLAINT_PAIN,COUNT_PED_KILLED,COUNT_PED_INJURED,COUNT_BICYCLIST_KILLED,COUNT_BICYCLIST_INJURED,COUNT_MC_KILLED,COUNT_MC_INJURED,PRIMARY_RAMP,SECONDARY_RAMP,LATITUDE,LONGITUDE,COUNTY,CITY,POINT_X,POINT_Y
7190067,2016,2018-09-24,1005,2016-01-18,0121,P731,2650,1,5,7,1005,0,0,0,,0,01E,"MARKS AV","WHITES BRIDGE AV",315.00,N,N,B,-,Y,FRE,6,180,-,R,54.886,R,4,E,Y,1,1,1,1,A,-,01,23153,A,N,E,I,A,A,H,-,C,B,0,,,,,Y,Y,A,01,0,1,0,0,0,0,0,0,0,"- ","- ",,,FRESNO,FRESNO,-119.83935834,36.738235709999998
8077305,2016,2017-02-06,1009,2016-02-04,0610,R059,MENDO,4,5,2,1009,0,0,0,,0,0ME,"OLLER AV","7TH ST",0.00,,Y,A,-,Y,FRE,6,180,-,-,24.010,I,5,E,Y,4,0,1,2,A,-,08,22107,,N,A,C,A,A,H,-,C,D,0,,,,,Y,,-,,0,0,1,0,0,0,0,0,0,"- ","- ",,,FRESNO,MENDOTA,-120.38011739,36.755167960000001
8084625,2016,2017-02-23,1009,2016-04-07,1154,R052,,4,5,2,1009,0,0,0,,0,0ME,OLLER,6TH,0.00,,Y,A,-,Y,FRE,6,180,-,-,23.920,I,5,W,Y,3,0,1,2,B,-,22,,,N,C,C,A,A,H,-,A,D,0,,,,,Y,,-,,0,1,0,0,0,0,0,0,0,"- ","- ",,,FRESNO,MENDOTA,-120.38123401,36.75612666
8084629,2016,2017-02-23,1009,2016-04-28,1648,R052,,4,5,2,1009,0,0,0,,0,0ME,"OLLER ST","9TH ST",144.00,N,N,A,-,Y,FRE,6,180,-,-,24.170,H,-,E,N,4,0,1,3,A,-,03,22350,,N,C,C,A,A,H,-,A,A,0,,,,,Y,Y,-,,0,0,1,0,0,0,0,0,0,"- ","- ",,,FRESNO,MENDOTA,-120.37814768,36.753501270000001
8084868,2016,2017-02-06,1009,2016-02-13,1952,R052,,6,5,2,1009,0,0,0,,0,0ME,"OLLER ST","5TH ST",151.00,S,N,A,-,Y,FRE,6,180,-,-,23.860,H,-,W,N,4,0,1,2,A,-,21,22106,,M,C,C,A,A,H,-,C,D,0,,,,,Y,,-,,0,0,1,0,0,0,0,0,0,"- ","- ",,,FRESNO,MENDOTA,-120.38198841000001,36.756778439999998
8103310,2016,2017-02-22,1007,2016-07-26,0855,I085,KERMA,2,5,2,1007,0,0,0,,0,0KE,"WHITESBRIDGE RD",KLINE,710.00,E,N,A,-,Y,FRE,6,180,-,-,42.880,H,-,W,N,3,0,2,2,A,-,09,21801,A,N,A,D,A,A,H,-,A,D,0,,,,,Y,,-,,0,1,1,0,0,0,0,0,0,"- ","- ",,,FRESNO,KERMAN,-120.05571279,36.734948060000001
8158787,2016,2017-03-03,1007,2016-10-18,1524,I031,KERMA,2,5,2,1007,0,0,0,,0,0KE,"WHITESBRIDGE RD","GOLDENROD AV",135.00,W,N,A,-,Y,FRE,6,180,-,-,43.600,H,-,E,N,4,0,1,2,A,-,03,22350,,N,C,C,A,A,H,-,A,A,0,,,,,Y,,-,,0,0,1,0,0,0,0,0,0,"- ","- ",,,FRESNO,KERMAN,-120.04275289,36.73495836
81965234,2022,2023-01-11,1005,2022-12-23,1920,P1795,CENTR,5,5,7,1005,0,0,0,,0,00F,"WHITE AVE","PARK AVE",46.00,E,N,A,-,Y,FRE,,180,,R,57.498,H,,L,N,3,0,1,2,A,-,11,21954,A,N,G,B,E,A,H,-,C,D,0,Y,,,,Y,,N,60,0,1,0,0,1,0,0,0,0,"- ","- ",36.750759124755859,-119.79682922363281,FRESNO,FRESNO,-119.79669189453125,36.750545501708984
8305870,2016,2017-03-07,1009,2016-05-04,1404,R057,MENDO,3,5,2,1009,0,0,0,,0,0ME,"OLLER ST","7TH ST",0.00,,Y,A,-,Y,FRE,6,180,-,-,24.010,I,5,E,Y,4,0,1,2,A,-,08,22107,,N,E,I,A,A,H,-,A,D,0,,,,,Y,,-,,0,0,1,0,0,0,0,0,0,"- ","- ",,,FRESNO,MENDOTA,-120.38011739,36.755167960000001
8313192,2016,2017-04-07,1009,2016-06-04,1844,035,,6,5,2,1009,0,0,0,,0,0ME,"OLLER ST","7TH ST",0.00,,Y,A,-,Y,FRE,6,180,-,-,24.000,H,-,E,N,4,0,4,2,A,-,08,22107,,N,A,C,A,A,H,-,A,D,0,,,,,Y,Y,D,22,0,0,4,0,0,0,0,0,0,"- ","- ",,,FRESNO,MENDOTA,-120.38024178000001,36.755274679999999
8316323,2016,2017-03-07,1009,2016-12-31,2019,R035,FRESN,6,5,2,1009,0,0,0,,0,0ME,OLLER,"10TH ST",0.00,,Y,A,-,Y,FRE,6,180,-,-,24.290,I,5,E,N,4,0,1,2,A,-,08,22107,,N,C,C,A,A,H,-,C,D,0,,,,,Y,,-,,0,0,1,0,0,0,0,0,0,"- ","- ",,,FRESNO,MENDOTA,-120.37671044,36.752265309999999
8318669,2016,2017-04-07,1009,2016-09-03,1905,R035,FRESN,6,5,2,1009,0,0,0,,0,0ME,OLLER,8TH,94.00,S,N,A,-,Y,FRE,6,180,-,-,24.080,H,-,W,N,4,0,1,2,A,-,08,22107,,N,B,C,A,A,H,-,A,D,0,,,,,Y,,-,,0,0,1,0,0,0,0,0,0,"- ","- ",,,FRESNO,MENDOTA,-120.37923368,36.754436230000003
8339190,2017,2018-03-22,1007,2017-02-24,1657,I035,KERMA,5,5,2,1007,0,0,0,,0,0KE,"WHITEDOVE LN",VINELAND,0.00,,Y,A,-,Y,FRE,6,180,-,-,43.110,I,5,W,N,3,0,2,2,A,-,21,22106,,N,C,C,A,A,H,-,A,D,0,,,,,Y,,A,01,0,1,1,0,0,0,0,0,0,"- ","- ",,,FRESNO,KERMAN,-120.05148273,36.734932350000001
8363007,2017,2018-03-22,1007,2017-04-22,1154,I078,KERMA,6,5,2,1007,0,0,0,,0,0KE,"W WHITESBRIDGE RD","S GOLDEROD AV",2.00,W,N,A,-,Y,FRE,6,180,-,-,43.620,H,-,E,Y,4,0,1,2,A,-,03,22350,,N,C,C,A,A,H,-,A,A,0,,,,,Y,,-,,0,0,1,0,0,0,0,0,0,"- ","- ",,,FRESNO,KERMAN,-120.04239655000001,36.734960579999999
8420927,2017,2018-05-11,1007,2017-07-28,1253,I086,KERMA,5,5,2,1007,0,0,0,,0,0KE,"WHITESBRIDGE RD","SISKIYOU AV",232.00,E,N,A,-,Y,FRE,6,180,-,-,41.680,H,-,W,N,4,0,1,2,A,-,03,22350,,N,C,C,A,A,H,-,A,A,0,,,,,Y,,-,,0,0,1,0,0,0,0,0,0,"- ","- ",,,FRESNO,KERMAN,-120.07745894,36.734762240000002
8447836,2017,2018-06-15,1007,2017-08-29,1622,I062,KERMA,2,5,2,1007,0,0,0,,0,0KE,"WHITESBRIDGE RD","VINELAND AV",0.00,,Y,A,-,Y,FRE,6,180,-,-,43.110,I,5,E,Y,3,0,2,2,A,-,09,21802,A,N,C,C,A,A,H,-,A,A,0,,,,,Y,,-,,0,2,0,0,0,0,0,0,0,"- ","- ",,,FRESNO,KERMAN,-120.05148273,36.734932350000001
8471860,2017,2018-07-09,1007,2017-10-06,1709,1087,KERMA,5,5,2,1007,0,0,0,,0,0KE,"RT 180","RT 145",423.00,W,N,A,-,Y,FRE,6,180,-,-,42.550,H,-,E,N,4,0,1,2,A,-,09,21804,A,N,C,C,A,A,H,-,A,A,0,,,,,Y,,-,,0,0,1,0,0,0,0,0,0,"- ","- ",,,FRESNO,KERMAN,-120.06178245,36.734924059999997
8504662,2018,2018-08-07,1007,2018-01-04,1148,I092,KERMA,4,5,2,1007,0,0,0,,0,0KE,"WHITESBRIDGE RD","VINELAND AV",1320.00,W,N,A,-,Y,FRE,6,180,-,-,42.860,H,-,E,N,3,0,2,2,A,-,09,21804,A,N,A,C,A,A,H,-,A,D,0,,,,,Y,,A,08,0,1,1,0,0,0,0,0,0,"- ","- ",,,FRESNO,KERMAN,-120.05608367919922,36.734947204589844
8516291,2017,2018-07-09,1007,2017-12-15,0549,I086,KERMA,5,5,2,1007,0,0,0,,0,0KE,"WHITESBRIDGE RD","MADERA AV",0.00,,Y,A,-,Y,FRE,6,180,-,-,42.640,H,-,W,N,4,0,1,3,A,-,12,21453,A,N,C,C,A,A,H,-,C,A,0,,,,,Y,,-,,0,0,1,0,0,0,0,0,0,"- ","- ",,,FRESNO,KERMAN,-120.06016895,36.73493002
8553924,2018,2018-08-07,1007,2018-02-14,1305,1075,KERMA,3,5,2,1007,0,0,0,,0,0KE,"W WHITESBRIDGE AV","VINELAND AV",1140.00,W,N,A,-,Y,FRE,6,180,-,-,42.890,H,-,E,N,3,0,1,3,A,-,03,22350,,N,C,C,A,A,H,-,A,D,0,,,,,Y,,A,08,0,1,0,0,0,0,0,0,0,"- ","- ",,,FRESNO,KERMAN,-120.05552673339844,36.734947204589844
8557881,2018,2018-08-24,1007,2018-05-07,1937,1057,KERMA,1,5,2,1007,0,0,0,,0,0KE,"WHITESBRIDGE RD","DEL NORTE AV",0.00,,Y,A,-,Y,FRE,6,180,-,-,4.212,H,-,E,N,4,0,1,2,A,-,03,22350,,N,C,C,A,A,H,-,A,A,0,,,,,Y,,A,01,0,0,1,0,0,0,0,0,0,"- ","- ",,,FRESNO,KERMAN,-120.06918334960938,36.734859466552734
8596104,2018,2018-08-20,1007,2018-05-05,1141,1078,KERMA,6,5,2,1007,0,0,0,,0,0KE,"W WHITESBRIDGE RD","MILEPOST POWER POLE",31.00,W,N,A,-,Y,FRE,6,180,-,-,43.020,H,-,W,Y,4,0,1,2,A,-,03,22350,,N,C,C,A,A,H,-,A,D,0,,,,,Y,,A,01,0,0,1,0,0,0,0,0,0,"- ","- ",,,FRESNO,KERMAN,-120.05313873291016,36.734943389892578
8648794,2018,2018-08-16,1007,2018-05-30,1625,I062,KERMA,3,5,2,1007,0,0,0,,0,0KE,"WHITESBRIDGE RD","KLINE AV",100.00,W,N,A,-,Y,FRE,6,180,-,-,42.730,H,-,W,N,4,0,1,2,A,-,03,22350,,N,C,C,A,A,D,-,A,A,0,,,,,Y,,-,,0,0,1,0,0,0,0,0,0,"- ","- ",,,FRESNO,KERMAN,-120.05847930908203,36.734935760498047
8700903,2018,2018-12-27,1007,2018-09-13,0947,I096,KERMA,4,5,2,1007,0,0,0,,0,0KE,"WHITESBRIDGE RD","MADERA AV",1056.00,E,N,A,-,Y,FRE,6,180,-,-,42.880,H,-,E,N,4,0,2,2,A,-,09,21804,,N,C,C,A,A,H,-,A,D,0,,,,,Y,,D,22,0,0,2,0,0,0,0,0,0,"- ","- ",,,FRESNO,KERMAN,-120.05570983886719,36.734947204589844
8733181,2018,2019-01-14,1007,2018-09-28,0925,I096,KERMA,5,5,2,1007,0,0,0,,0,0KE,"WHITESBRIDGE RD",VINELAND,0.00,,Y,A,-,Y,FRE,6,180,-,-,42.088,H,-,W,N,3,0,1,2,A,-,09,21801,A,N,A,C,A,A,H,-,A,D,0,,,Y,,Y,,C,02,0,1,0,0,0,0,0,0,1,"- ","- ",,,FRESNO,KERMAN,-120.07014465332031,36.734832763671875
8760146,2018,2019-01-18,1007,2018-11-11,1024,I078,KERMA,7,5,2,1007,0,0,0,,0,0KE,"W WHITESBRIDGE RD","S MADERA AV",696.00,E,N,A,-,Y,FRE,6,180,-,-,42.610,H,-,W,N,4,0,1,2,A,-,11,21954,A,N,G,B,D,A,H,-,A,D,0,Y,,,,Y,,N,60,0,0,1,0,1,0,0,0,0,"- ","- ",,,FRESNO,KERMAN,-120.06069183349609,36.734928131103516
8760150,2018,2019-01-16,1007,2018-11-26,1808,I096,KERMA,1,5,2,1007,0,0,0,,0,0KE,"SISKIYOU AV","WHITESBRIDGE RD",22.00,S,N,A,-,Y,FRE,6,180,-,-,41.610,H,-,E,N,4,0,1,2,A,-,04,21703,,N,C,C,A,A,H,-,C,A,0,,,,,Y,,A,08,0,0,1,0,0,0,0,0,0,"- ","- ",,,FRESNO,KERMAN,-120.07871246337891,36.734752655029297
8808013,2018,2019-03-22,1009,2018-11-28,1717,R078,,3,5,2,1009,0,0,0,,0,0ME,"OLLER ST","6TH ST",0.00,,Y,C,-,Y,FRE,6,180,-,-,23.830,I,5,W,N,1,1,0,2,A,-,10,21950,A,N,G,B,B,B,H,-,C,-,0,Y,,,,Y,,-,,0,0,0,1,0,0,0,0,0,"- ","- ",,,FRESNO,MENDOTA,-120.38236999511719,36.757102966308594
8822417,2018,2019-05-07,1009,2018-11-06,1036,R006,,2,5,2,1009,0,0,0,,0,0ME,"OLLER ST","2ND ST",0.00,,Y,A,-,Y,FRE,6,180,-,-,23.570,H,-,E,N,4,0,2,2,A,-,09,21804,A,N,C,C,A,A,H,-,A,D,0,,,,,Y,,A,01,0,0,2,0,0,0,0,0,0,"- ","- ",,,FRESNO,MENDOTA,-120.38559722900391,36.759845733642578
8822445,2018,2019-04-30,1009,2018-02-18,0950,R054,,7,5,2,1009,0,0,0,,0,0ME,"OLLER ST","3RD ST",0.00,,Y,A,-,Y,FRE,6,180,-,-,23.650,I,5,W,N,3,0,1,2,A,-,10,21950,A,N,G,B,B,A,H,-,A,D,0,Y,,,,Y,,A,01,0,1,0,0,1,0,0,0,0,"- ","- ",,,FRESNO,MENDOTA,-120.38459014892578,36.759010314941406
8822487,2017,2019-05-02,1009,2017-04-19,1944,R029,MENDO,3,5,2,1009,0,0,0,,0,0ME,"OLLER ST","BELMONT AV",200.00,N,N,A,-,Y,FRE,6,180,-,-,24.470,H,-,W,Y,4,0,1,2,A,-,03,22350,,N,C,C,A,A,H,-,A,D,0,,,,,Y,,-,,0,0,1,0,0,0,0,0,0,"- ","- ",,,FRESNO,MENDOTA,-120.37468069000001,36.750506899999998
8822514,2017,2019-04-25,1009,2017-08-11,1924,R070,,5,5,2,1009,0,0,0,,0,0ME,"OLLER ST","3RD ST",0.00,,Y,A,-,Y,FRE,6,180,-,-,23.650,I,5,W,N,4,0,1,2,A,-,08,22107,,N,B,C,A,A,H,-,A,D,0,,,,,Y,Y,-,,0,0,1,0,0,0,0,0,0,"- ","- ",,,FRESNO,MENDOTA,-120.38458879,36.759008999999999
8822520,2018,2019-04-30,1009,2018-01-24,1407,R054,,3,5,2,1009,0,0,0,,0,0ME,"OLLER ST","7TH ST",0.00,,Y,A,-,Y,FRE,6,180,-,-,24.010,I,5,E,N,4,0,1,2,A,-,08,22107,,N,B,C,A,A,H,-,A,D,0,,,,,Y,,-,,0,0,1,0,0,0,0,0,0,"- ","- ",,,FRESNO,MENDOTA,-120.38011932373047,36.755168914794922
8822522,2017,2019-04-25,1009,2017-08-04,2114,R064,MENDO,5,5,2,1009,0,0,0,,0,0ME,"OLLER ST","9TH ST",0.00,,Y,A,-,Y,FRE,6,180,-,-,24.200,I,5,W,N,4,0,1,2,A,-,11,21453,D,N,G,B,B,A,H,-,C,A,0,Y,,,,Y,,N,60,0,0,1,0,1,0,0,0,0,"- ","- ",,,FRESNO,MENDOTA,-120.37778900000001,36.753190680000003
8822524,2018,2019-04-30,1009,2018-01-01,1145,R057,MENDO,1,5,2,1009,0,0,0,,0,0ME,"OLLER ST","BELMONT AV",0.00,,Y,A,-,Y,FRE,6,180,-,-,24.595,I,5,W,N,4,0,6,2,A,-,08,22107,,N,A,C,A,A,H,-,A,D,0,,,,,Y,,A,01,0,0,6,0,0,0,0,0,0,"- ","- ",,,FRESNO,MENDOTA,-120.37335205078125,36.749351501464844
8822526,2017,2019-04-25,1009,2017-09-27,1032,R035,RESNO,3,5,2,1009,0,0,0,,0,0ME,OLLER,BELMONT,0.00,,Y,A,-,Y,FRE,6,180,-,-,24.480,H,-,W,N,4,0,1,2,A,-,08,22107,,N,C,C,A,A,H,-,A,D,0,,,,,Y,,-,,0,0,1,0,0,0,0,0,0,"- ","- ",,,FRESNO,MENDOTA,-120.37457557,36.750413719999997
8822532,2018,2019-05-07,1009,2018-11-07,1732,R057,MENDO,3,5,2,1009,0,0,0,,0,0ME,"OLLER ST","9TH ST",0.00,,Y,A,-,Y,FRE,6,180,-,-,24.200,I,5,W,N,3,0,1,2,C,-,18,,,N,G,B,D,A,H,-,C,A,0,Y,,,,Y,,-,"- ",0,1,0,0,1,0,0,0,0,"- ","- ",,,FRESNO,MENDOTA,-120.37779235839844,36.753189086914062
8822534,2017,2019-04-29,1009,2017-12-10,1731,R054,,7,5,2,1009,0,0,0,,0,0ME,"OLLER ST","7TH ST",0.00,,Y,A,-,Y,FRE,6,180,-,-,24.010,I,5,W,N,3,0,2,2,A,-,09,21801,A,F,C,C,A,A,H,-,C,D,0,,,,,Y,Y,-,,0,1,1,0,0,0,0,0,0,"- ","- ",,,FRESNO,MENDOTA,-120.38011739,36.755167960000001
8826253,2018,2019-04-30,1009,2018-06-09,1849,R054,,6,5,2,1009,0,0,0,,0,0ME,"OLLER ST","11TH ST",0.00,,Y,A,-,Y,FRE,6,180,-,-,24.400,H,-,W,Y,3,0,1,2,A,-,08,22107,,M,B,C,A,A,H,-,A,D,0,,,Y,,Y,,-,99,0,1,0,0,0,0,0,0,1,"- ","- ",,,FRESNO,MENDOTA,-120.37541961669922,36.75115966796875
8849316,2019,2019-08-27,1009,2019-01-20,2138,R054,MENDO,7,5,2,1009,0,0,0,,0,0ME,"OLLER ST","3RD ST",0.00,,Y,A,-,Y,FRE,6,180,-,-,23.650,I,5,E,N,4,0,1,2,A,-,01,23153,A,F,C,C,A,B,H,-,C,D,0,,,,,Y,Y,A,01,0,0,1,0,0,0,0,0,0,"- ","- ",,,FRESNO,MENDOTA,-120.38459014892578,36.759010314941406
8936224,2019,2020-01-03,1009,2019-05-26,0142,R078,MENDO,7,5,2,1009,0,0,0,,0,0ME,"OLLER ST","8TH ST",0.00,,Y,A,-,Y,FRE,6,180,-,-,24.110,H,-,E,Y,3,0,1,2,A,-,03,22350,,N,G,B,D,A,H,-,C,A,0,Y,,,,Y,Y,A,01,0,1,0,0,1,0,0,0,0,"- ","- ",,,FRESNO,MENDOTA,-120.37886047363281,36.754123687744141
90011010,2015,2015-10-19,9435,2015-08-15,0635,015095,,6,1,9,1000,0,1,3,,1,183,"SR-180 EASTBOUND","ACADEMY AVENUE",15.00,W,N,A,-,Y,,,180,,,,,,E,N,4,0,1,2,A,-,21,22106,,N,C,C,A,A,H,-,A,A,0,,,,,Y,,A,07,0,0,1,0,0,0,0,0,0,"- ","- ",36.735410000000002,-119.55654,FRESNO,UNINCORPORATED,-119.55653522999999,36.735922080000002
90012622,2015,2015-10-19,9435,2015-08-15,2115,019603,,6,2,9,1000,0,1,3,,1,180,"SR-180 (WHITESBRIDGE RD.)","LAKE AVE",140.00,E,N,A,-,Y,,,180,,,,,,,Y,4,0,2,2,A,-,01,23152,A,N,C,C,A,A,H,-,C,D,0,,,,,Y,Y,A,01,0,0,2,0,0,0,0,0,0,"- ","- ",36.734679999999997,-120.13121,FRESNO,UNINCORPORATED,-120.13121,36.734703009999997
90013139,2015,2015-10-19,9435,2015-08-23,2058,018934,,7,2,7,1005,0,1,3,,2,181,"SR-180 W/B","ABBY ST",528.00,E,N,A,-,Y,,,180,,,,,,W,Y,3,0,1,3,A,-,07,21658,A,N,B,A,A,A,H,-,C,D,0,,,,,Y,Y,D,22,0,1,0,0,0,0,0,0,0,"- ","- ",36.752980000000001,-119.78645,FRESNO,FRESNO,-119.78644648,36.75296298
90013756,2015,2015-10-19,9435,2015-08-28,1823,018934,,5,2,7,1005,0,1,3,,2,181,"SR-180 W/B",SR-99,2640.00,E,N,A,-,Y,,,180,,,,,,W,N,4,0,1,2,A,-,03,22350,,N,C,C,A,A,H,-,A,D,0,,,,,Y,,A,08,0,0,1,0,0,0,0,0,0,"- ","- ",36.745159999999998,-119.80723,FRESNO,FRESNO,-119.80721124,36.745124560000001
90014571,2015,2015-10-19,9435,2015-08-16,1843,019113,,7,2,9,1000,0,1,3,,1,183,"SR-180 W/B","DEWOLF AVENUE",50.00,E,N,A,-,Y,,,180,,,,,,W,Y,3,0,2,2,A,-,01,23152,E,N,C,C,A,A,H,-,A,A,0,,,,,Y,,A,07,0,1,1,0,0,0,0,0,0,"- ","- ",36.737160000000003,-119.64635,FRESNO,UNINCORPORATED,-119.64635,36.73719929
90015806,2015,2015-10-19,9435,2015-09-03,1700,018609,,4,2,7,1005,0,1,3,,2,181,"SR-180 W/B","FULTON ST",200.00,W,N,A,-,Y,,,180,,,,,,W,Y,4,0,2,3,A,-,03,22350,,N,C,C,A,A,H,-,A,D,0,,,,,Y,,D,22,0,0,2,0,0,0,0,0,0,"- ","- ",36.748469999999998,-119.80009,FRESNO,FRESNO,-119.80026519,36.748801
90016135,2015,2015-10-19,9435,2015-09-04,0705,017088,,5,1,9,1000,0,1,3,,2,184,"SR-180 (KINGS CANYON RD.)","DUNLAP RD",482.00,W,N,A,-,Y,,,180,,,,,,,N,4,0,1,2,A,-,03,22350,,N,C,C,A,A,H,-,A,D,0,,,,,Y,,A,01,0,0,1,0,0,0,0,0,0,"- ","- ",36.756079999999997,-119.16629,FRESNO,UNINCORPORATED,-119.16626736000001,36.756006550000002
90017129,2015,2015-10-19,9435,2015-09-08,1650,018226,,2,2,7,1005,0,1,3,,2,182,"SR-180 E/B","WILLOW AVE",100.00,W,N,A,-,Y,,,180,,,,,,E,N,4,0,1,2,A,-,07,21658,A,N,B,C,A,A,H,-,A,D,0,,,,,Y,,A,01,0,0,1,0,0,0,0,0,0,"- ","- ",36.75347,-119.72848,FRESNO,FRESNO,-119.72847803000001,36.753529489999998
90018808,2015,2015-10-19,9435,2015-09-04,2225,019603,,5,3,7,1005,0,1,3,,1,180,"SR-180 W/B","ABBY ST",200.00,E,N,A,-,Y,,,180,,,,,,W,Y,3,0,2,2,A,-,07,21658,A,F,B,C,A,A,H,-,C,D,0,,,,,Y,,-,99,0,1,1,0,0,0,0,0,0,"- ","- ",36.753889999999998,-119.78118000000001,FRESNO,FRESNO,-119.78117182,36.753832490000001
90019216,2015,2015-10-19,9435,2015-09-08,1025,16870,,2,1,9,1000,0,1,3,,1,183,SR-180,"BETHEL AVENUE",108.00,W,N,A,-,Y,,,180,,,,,,,Y,2,0,1,2,A,-,01,23152,A,N,F,A,A,A,H,-,A,A,0,,,Y,,Y,Y,C,02,1,0,0,0,0,0,0,0,1,"- ","- ",36.73583,-119.57468,FRESNO,UNINCORPORATED,-119.57468049000001,36.735900280000003
90020878,2015,2015-10-19,9435,2015-09-18,0746,015095,,5,1,9,1000,0,1,3,,1,183,"SR-180 WESTBOUND","LEONARD AVENUE",600.00,W,N,A,-,Y,,,180,,,,,,W,Y,4,0,1,3,A,-,03,22350,,N,C,C,A,A,H,-,A,A,0,,,,,Y,,A,01,0,0,1,0,0,0,0,0,0,"- ","- ",36.73677,-119.63945,FRESNO,UNINCORPORATED,-119.63944589,36.736840379999997
90020924,2015,2015-10-19,9435,2015-09-17,0707,015751,,4,1,7,1005,0,1,3,,2,181,"SR-180 W/B","BROADWAY ST",365.00,W,N,A,-,Y,,,180,,,,,,W,Y,4,0,1,2,A,-,03,22350,,N,A,C,A,A,H,-,A,D,0,,,,Y,Y,,G,26,0,0,1,0,0,0,0,0,0,"- ","- ",36.746630000000003,-119.80412,FRESNO,FRESNO,-119.80417404000001,36.746732090000002
90024530,2015,2015-10-19,9435,2015-09-21,1800,015773,,1,2,9,1000,0,1,3,,2,184,"SR-180 (KINGS CANYON ROAD)","SILVER LN",528.00,W,N,A,-,Y,,,180,,,,,,,Y,3,0,1,1,A,-,01,23152,A,N,E,I,A,A,H,-,A,D,0,,,,,Y,Y,D,22,0,1,0,0,0,0,0,0,0,"- ","- ",36.750689999999999,-119.21908000000001,FRESNO,UNINCORPORATED,-119.21906186,36.750660949999997
90024795,2015,2015-10-19,9435,2015-09-22,0630,16870,,2,1,9,1000,0,1,3,,1,180,"SR-180 (WHITESBRIDE ROAD)","SAN MATEO AVENUE",2112.00,E,N,A,-,Y,,,180,,,,,,,Y,3,0,1,2,A,-,01,23152,A,N,A,C,A,A,H,-,B,D,0,,,,,Y,Y,A,01,0,1,0,0,0,0,0,0,0,"- ","- ",36.734439999999999,-120.30777,FRESNO,UNINCORPORATED,-120.30777,36.734381589999998
90027316,2015,2015-10-19,9435,2015-09-29,1340,017088,,2,1,9,1000,0,1,3,,2,184,"SR-180 (KINGS CANYON RD.)",SR-63,5808.00,W,N,A,-,Y,,,180,,,,,,,N,4,0,1,1,A,-,08,22107,,N,E,I,A,A,H,-,A,D,0,,,,,Y,,A,07,0,0,1,0,0,0,0,0,0,"- ","- ",36.723950000000002,-119.30195000000001,FRESNO,UNINCORPORATED,-119.30195212,36.723892900000003
90027419,2015,2015-10-19,9435,2015-09-30,0920,015751,,3,1,7,1005,0,1,3,,2,181,"SR-180 E/B TO SR-41","FRESNO ST",343.00,E,N,A,-,Y,,,180,,,,R,,E,Y,4,0,1,2,A,-,07,21658,A,N,B,C,A,A,H,-,A,D,0,,,,,Y,,A,01,0,0,1,0,0,0,0,0,0,"- ","- ",36.753509999999999,-119.78026,FRESNO,FRESNO,-119.78026,36.753509999999999
90028839,2015,2015-10-19,9435,2015-10-02,0910,017489,,5,1,7,1005,0,1,3,,2,181,"SR-180 E/B","FRESNO STREET U/C E/EDGE",2.00,E,N,A,-,Y,,,180,,,,,,E,Y,4,0,1,2,A,-,07,21658,A,N,B,C,A,A,H,-,A,D,0,,,,,Y,,A,01,0,0,1,0,0,0,0,0,0,"- ","- ",36.753520000000002,-119.78148,FRESNO,FRESNO,-119.78147887999999,36.753511400000001
90030169,2015,2015-10-19,9435,2015-09-12,1230,016570,,6,1,9,1000,0,1,3,,1,183,"SR-180 W/B TO CLOVIS AVE","CLOVIS AVE",40.00,E,N,B,F,Y,,,180,,,,R,,W,N,4,0,1,3,C,-,18,,,N,B,C,E,A,H,-,A,D,0,Y,,,,Y,Y,-,"- ",0,0,1,0,1,0,0,0,0,"- ","- ",36.753819999999997,-119.69989,FRESNO,UNINCORPORATED,-119.69989,36.753819999999997
90030311,2015,2015-10-19,9435,2015-09-27,2258,019648,,7,3,7,1005,0,1,3,,2,181,"SR-180 WESTBOUND TO SR-99 SOUTHBOUND",SR-180,20.00,N,N,A,-,Y,,,180,,,,R,,W,Y,3,0,1,1,A,-,01,23152,A,N,E,I,A,A,H,-,D,D,0,,,,,Y,Y,A,01,0,1,0,0,0,0,0,0,0,"- ","- ",36.740389999999998,-119.81644,FRESNO,FRESNO,-119.81644,36.740389999999998
90036455,2015,2015-10-22,9435,2015-10-12,0247,019323,,1,3,7,1005,0,1,3,,2,182,"SR-180 E/B FROM CEDAR AVE.","CHESTNUT AVE",300.00,W,N,A,-,Y,,,180,,,,R,,E,Y,3,0,1,1,A,-,01,23152,A,N,E,I,A,A,H,-,D,D,0,,,,,Y,Y,A,01,0,1,0,0,0,0,0,0,0,"- ","- ",36.754570000000001,-119.73730999999999,FRESNO,FRESNO,-119.73730999999999,36.754570000000001