CASE_ID,ACCIDENT_YEAR,PROC_DATE,JURIS,COLLISION_DATE,COLLISION_TIME,OFFICER_ID,REPORTING_DISTRICT,DAY_OF_WEEK,CHP_SHIFT,POPULATION,CNTY_CITY_LOC,SPECIAL_COND,BEAT_TYPE,CHP_BEAT_TYPE,CITY_DIVISION_LAPD,CHP_BEAT_CLASS,BEAT_NUMBER,PRIMARY_RD,SECONDARY_RD,DISTANCE,DIRECTION,INTERSECTION,WEATHER_1,WEATHER_2,STATE_HWY_IND,CALTRANS_COUNTY,CALTRANS_DISTRICT,STATE_ROUTE,ROUTE_SUFFIX,POSTMILE_PREFIX,POSTMILE,LOCATION_TYPE,RAMP_INTERSECTION,SIDE_OF_HWY,TOW_AWAY,COLLISION_SEVERITY,NUMBER_KILLED,NUMBER_INJURED,PARTY_COUNT,PRIMARY_COLL_FACTOR,PCF_CODE_OF_VIOL,PCF_VIOL_CATEGORY,PCF_VIOLATION,PCF_VIOL_SUBSECTION,HIT_AND_RUN,TYPE_OF_COLLISION,MVIW,PED_ACTION,ROAD_SURFACE,ROAD_COND_1,ROAD_COND_2,LIGHTING,CONTROL_DEVICE,CHP_ROAD_TYPE,PEDESTRIAN_ACCIDENT,BICYCLE_ACCIDENT,MOTORCYCLE_ACCIDENT,TRUCK_ACCIDENT,NOT_PRIVATE_PROPERTY,ALCOHOL_INVOLVED,STWD_VEHTYPE_AT_FAULT,CHP_VEHTYPE_AT_FAULT,COUNT_SEVERE_INJ,COUNT_VISIBLE_INJ,COUNT_COMPLAINT_PAIN,COUNT_PED_KILLED,COUNT_PED_INJURED,COUNT_BICYCLIST_KILLED,COUNT_BICYCLIST_INJURED,COUNT_MC_KILLED,COUNT_MC_INJURED,PRIMARY_RAMP,SECONDARY_RAMP,LATITUDE,LONGITUDE,COUNTY,CITY,POINT_X,POINT_Y
90037837,2015,2015-10-26,9435,2015-09-13,1658,019610,,7,2,7,1005,0,1,3,,2,181,"SR 180 W/B FROM SR 168 W/B","N CEDAR AVE",25.00,E,N,A,-,Y,,,180,,,,R,,W,N,4,0,1,2,A,-,08,22107,,N,B,C,A,A,H,-,A,D,0,,,,,Y,,A,01,0,0,1,0,0,0,0,0,0,"- ","- ",36.755099999999999,-119.756,FRESNO,FRESNO,-119.756,36.755099999999999
90039937,2015,2015-10-29,9435,2015-10-23,0630,017489,,5,1,7,1005,0,1,3,,2,182,"SR-180 W/B","PEACH AVENUE",2112.00,W,N,A,-,Y,,,180,,,,,,W,Y,3,0,1,1,A,-,08,22107,,N,E,I,A,A,H,-,A,D,0,,,,,Y,,A,01,0,1,0,0,0,0,0,0,0,"- ","- ",36.753709999999998,-119.72559,FRESNO,FRESNO,-119.72559098000001,36.753677619999998
90041854,2015,2015-10-30,9435,2015-10-24,1705,018934,,6,2,7,1005,0,1,3,,2,181,"SR-180 W/B","FULTON ST",1056.00,W,N,A,-,Y,,,180,,,,,,W,N,4,0,2,2,A,-,03,22350,,N,C,C,A,A,H,-,A,D,0,,,,,Y,,A,01,0,0,2,0,0,0,0,0,0,"- ","- ",36.747019999999999,-119.80374999999999,FRESNO,FRESNO,-119.8037238,36.746970509999997
90043045,2015,2015-11-03,9435,2015-10-15,1720,018609,,4,2,9,1000,0,1,3,,1,183,"SR-180 E/B","MCCALL AVE.",1000.00,W,N,B,-,Y,,,180,,,,,,E,Y,3,0,2,4,A,-,03,22350,,N,C,C,A,A,H,-,A,D,0,,,,,Y,,D,22,0,1,1,0,0,0,0,0,0,"- ","- ",36.735590000000002,-119.61415,FRESNO,UNINCORPORATED,-119.61414765000001,36.735757339999999
90044366,2015,2015-11-04,9435,2015-10-27,1900,012469,,2,2,9,1000,0,1,3,,1,183,"SR-180 E/B","RIO VISTA AVE",45.00,W,N,B,-,Y,,,180,,,,,,E,Y,4,0,1,2,A,-,03,22350,,N,C,C,A,A,H,-,D,D,0,,,,,Y,,A,01,0,0,1,0,0,0,0,0,0,"- ","- ",36.732030000000002,-119.47778,FRESNO,UNINCORPORATED,-119.47778105,36.731976510000003
90045179,2015,2015-11-05,9435,2015-10-25,1010,016870,,7,1,7,1005,0,1,3,,2,182,"SR-180 E/B","CEDAR AVENUE",528.00,E,N,A,-,Y,,,180,,,,,,E,Y,4,0,1,2,A,-,07,21658,A,F,B,C,A,A,H,-,A,D,0,,,,,Y,,D,22,0,0,1,0,0,0,0,0,0,"- ","- ",36.75497,-119.75153,FRESNO,FRESNO,-119.75152986000001,36.75487167
90047678,2015,2015-11-10,9435,2015-10-24,0011,020019,,6,3,7,1005,0,1,3,,2,181,"SR-180 E/B TO SR-41 N/B","FRESNO ST",1500.00,E,N,A,-,Y,,,180,,,,R,,E,Y,3,0,1,1,A,-,01,23152,A,N,F,A,A,A,H,-,D,D,0,,,Y,,Y,Y,C,02,0,1,0,0,0,0,0,0,1,"- ","- ",36.753459999999997,-119.77885000000001,FRESNO,FRESNO,-119.77885000000001,36.753459999999997
90047867,2015,2015-11-10,9435,2015-10-30,1720,018934,,5,2,7,1005,0,1,3,,2,181,"SR-180 E/B FROM ABBY ST.","ABBY ST",350.00,E,N,A,-,Y,,,180,,,,R,,E,Y,4,0,1,2,A,-,03,22350,,F,C,C,A,A,H,-,A,A,0,,,,,Y,,A,01,0,0,1,0,0,0,0,0,0,"- ","- ",36.751579999999997,-119.78806,FRESNO,FRESNO,-119.78806,36.751579999999997
90049077,2015,2015-11-12,9435,2015-11-03,1750,018044,,2,2,9,1000,0,1,3,,1,180,"SR-180 E/B","SAN MATEO AVE",528.00,W,N,B,-,Y,,,180,,,,,,E,N,3,0,1,2,A,-,11,21954,A,N,G,B,E,A,H,-,D,D,0,Y,,,,Y,,N,60,0,1,0,0,1,0,0,0,0,"- ","- ",36.734290000000001,-120.31617,FRESNO,UNINCORPORATED,-120.31616995,36.734343529999997
90049148,2015,2015-11-12,9435,2015-11-02,1410,018226,,1,2,9,1000,0,1,3,,1,180,SR-180,"JAMES RD",3168.00,W,N,C,-,Y,,,180,,,,,,,Y,4,0,1,2,A,-,03,22350,,N,C,C,A,B,H,-,A,D,0,,,,,Y,,A,01,0,0,1,0,0,0,0,0,0,"- ","- ",36.7346,-120.19453,FRESNO,UNINCORPORATED,-120.19453011,36.734647969999997
90050179,2015,2015-11-13,9435,2015-11-02,1030,017591,,1,1,7,1005,0,1,3,,2,181,"SR-180 W/B TO FULTON STREET","FULTON ST",200.00,W,N,C,-,Y,,,180,,,,R,,W,Y,4,0,1,1,A,-,03,22350,,N,E,I,A,B,H,-,A,D,0,,,,,Y,,A,01,0,0,1,0,0,0,0,0,0,"- ","- ",36.748989999999999,-119.8013,FRESNO,FRESNO,-119.8013,36.748989999999999
90050210,2015,2015-11-13,9435,2015-11-03,1700,014650,,2,2,7,1005,0,1,3,,2,181,"SR-180 W/B",SR-99,1584.00,E,N,A,-,Y,,,180,,,,,,W,N,4,0,4,2,A,-,03,22350,,N,C,C,A,A,H,-,B,D,0,,,,,Y,,A,01,0,0,4,0,0,0,0,0,0,"- ","- ",36.743960000000001,-119.80953,FRESNO,FRESNO,-119.80949807,36.743900580000002
90051254,2015,2015-11-16,9435,2015-11-03,1758,012469,,2,2,7,1005,0,1,3,,2,182,"SR180 E/B TO SR168 E/B","CEDAR AVE",100.00,E,N,B,-,Y,,,180,,,,R,,E,Y,4,0,4,2,A,-,03,22350,,N,C,C,A,A,H,-,D,D,0,,,,,Y,,A,01,0,0,4,0,0,0,0,0,0,"- ","- ",36.754399999999997,-119.75385,FRESNO,FRESNO,-119.75385,36.754399999999997
90051689,2015,2015-11-16,9435,2015-11-02,1917,019039,,1,2,9,1000,0,1,3,,1,183,"STATE ROUTE 180","NEWMARK AVENUE",0.00,,Y,C,-,Y,,,180,,,,,,,Y,4,0,1,2,A,-,09,21801,A,N,D,C,A,B,H,-,D,D,0,,,,,Y,,A,01,0,0,1,0,0,0,0,0,0,"- ","- ",36.736220000000003,-119.52936,FRESNO,UNINCORPORATED,-119.52936812999999,36.735601899999999
90056012,2015,2015-11-20,9435,2015-11-06,2027,019610,,5,2,7,1005,0,1,3,,2,181,"SR-180 E/B","VAN NESS AVE",1320.00,W,N,A,-,Y,,,180,,,,,,E,Y,4,0,1,2,A,-,07,21658,A,F,B,C,A,A,H,-,C,D,0,,,,,Y,,-,99,0,0,1,0,0,0,0,0,0,"- ","- ",36.7498,-119.79967000000001,FRESNO,FRESNO,-119.79926128,36.749027570000003
90061092,2015,2015-11-30,9435,2015-11-15,0945,018944,,7,1,7,1005,0,1,3,,2,181,"SR-180 W/B","BLACKSTONE AVE.",1056.00,E,N,C,-,Y,,,180,,,,,,W,N,4,0,1,3,A,-,08,22107,,F,B,C,A,B,H,-,A,D,0,,,,,Y,,-,99,0,0,1,0,0,0,0,0,0,"- ","- ",36.753300000000003,-119.78360000000001,FRESNO,FRESNO,-119.78363054,36.753475049999999
90061275,2015,2015-11-30,9435,2015-11-19,1600,014650,,4,2,7,1005,0,1,3,,2,181,"SR-180 W/B",SR-99,2640.00,E,N,A,-,Y,,,180,,,,,,W,Y,4,0,1,3,A,-,03,22350,,N,C,C,A,A,H,-,A,D,0,,,,,Y,,A,01,0,0,1,0,0,0,0,0,0,"- ","- ",36.745220000000003,-119.80713,FRESNO,FRESNO,-119.80710832,36.745179039999996
90061808,2015,2015-11-30,9435,2015-11-18,1440,019926,,3,2,9,1000,0,1,3,,1,180,SR-180,"SONOMA AVE",300.00,E,N,A,-,Y,,,180,,,,,,,Y,4,0,3,2,A,-,03,22350,,N,C,C,A,A,H,-,A,D,0,,,,,Y,,A,01,0,0,3,0,0,0,0,0,0,"- ","- ",36.734369999999998,-120.24029,FRESNO,UNINCORPORATED,-120.24028992,36.734384550000001
90066457,2015,2015-12-07,9435,2015-11-03,1640,018609,,2,2,9,1000,0,1,3,,1,183,SR-180,"BETHEL AVE.",0.00,,Y,B,-,Y,,,180,,,,,,,Y,4,0,3,2,A,-,17,21451,A,N,D,C,A,A,H,-,A,A,0,,,,,Y,,A,01,0,0,3,0,0,0,0,0,0,"- ","- ",36.735900000000001,-119.57416000000001,FRESNO,UNINCORPORATED,-119.57416003,36.73590394
90069509,2015,2015-12-10,9435,2015-11-21,1720,018934,,6,2,7,1005,0,1,3,,2,181,"SR-180 W/B",SR-99,2640.00,E,N,A,-,Y,,,180,,,,,,W,Y,3,0,1,2,A,-,03,22350,,N,B,C,A,A,H,-,C,D,0,,,,,Y,,A,01,0,1,0,0,0,0,0,0,0,"- ","- ",36.745060000000002,-119.80731,FRESNO,FRESNO,-119.80731507,36.745069569999998
90075016,2015,2015-12-16,9435,2015-11-18,1325,015602,,3,1,9,1000,0,3,5,,2,034,"SR-180 E/B","ACADEMY AVE",50.00,W,N,A,-,Y,,,180,,,,,,E,Y,4,0,1,2,A,-,03,22350,,N,C,C,A,A,H,-,A,A,0,,,,,Y,,D,22,0,0,1,0,0,0,0,0,0,"- ","- ",36.735939999999999,-119.55668,FRESNO,UNINCORPORATED,-119.55668015000001,36.73592343
90076039,2015,2015-12-17,9435,2015-11-24,0815,016570,,2,1,9,1000,0,1,3,,1,183,"SR-180 W/B","BETHEL AVE",80.00,E,N,E,-,Y,,,180,,,,,,W,Y,4,0,1,2,A,-,03,22350,,N,C,C,A,A,H,-,A,A,0,,,,,Y,,A,01,0,0,1,0,0,0,0,0,0,"- ","- ",36.736109999999996,-119.57315,FRESNO,UNINCORPORATED,-119.57314997,36.736168859999999
90085912,2015,2015-12-31,9435,2015-12-10,1708,018860,,4,2,9,1000,0,1,3,,1,180,"SR-180 (WHITESBRIDGE AVE.)","SAN MATEO AVE",3000.00,W,N,C,-,Y,,,180,,,,,,,Y,4,0,3,2,A,-,03,22350,,N,C,C,A,B,H,-,D,D,0,,,,,Y,,A,01,0,0,3,0,0,0,0,0,0,"- ","- ",36.732810000000001,-120.34220000000001,FRESNO,UNINCORPORATED,-120.34220454,36.732869809999997
90087973,2015,2016-01-05,9435,2015-12-07,0748,015751,,1,1,7,1005,0,1,3,,2,182,"SR-180 W/B","PEACH AVE",200.00,E,N,A,-,Y,,,180,,,,,,W,Y,4,0,1,2,A,-,03,22350,,N,C,C,A,A,H,-,A,D,0,,,,,Y,,A,01,0,0,1,0,0,0,0,0,0,"- ","- ",36.753509999999999,-119.71659,FRESNO,FRESNO,-119.71659312,36.753404089999997
90088986,2015,2016-01-06,9435,2015-12-11,1740,019926,,5,2,9,1000,0,1,3,,1,180,"SR-180 (WHITESBRIDGE AVE)","DICKENSON AVE",900.00,E,N,A,-,Y,,,180,,,,,,,N,2,0,1,3,A,-,03,22350,,M,C,C,A,A,H,-,D,D,0,,,Y,,Y,,C,02,1,0,0,0,0,0,0,0,1,"- ","- ",36.735039999999998,-119.96648999999999,FRESNO,UNINCORPORATED,-119.96648999,36.735038299999999
90090183,2015,2016-01-07,9435,2015-12-06,1916,019610,,7,2,7,1005,0,1,3,,2,181,"SR-180 E/B TO BLACKSTONE AVE","BLACKSTONE AVE",40.00,W,N,B,-,Y,,,180,,,,R,,E,Y,3,0,1,1,A,-,01,23152,A,N,E,I,A,A,H,-,C,D,0,,,,,Y,Y,A,01,0,1,0,0,0,0,0,0,0,"- ","- ",36.751620000000003,-119.79107999999999,FRESNO,FRESNO,-119.79107999999999,36.751620000000003
90090219,2015,2016-01-14,9435,2015-12-10,1253,015751,,4,1,7,1005,0,1,3,,2,181,"SR-180 E/B FROM VAN NESS AVE","VAN NESS AVE",86.00,E,N,B,C,Y,,,180,,,,R,,E,Y,3,0,2,1,A,-,01,23152,A,N,E,I,A,B,H,-,A,D,0,,,,,Y,Y,D,22,0,2,0,0,0,0,0,0,0,"- ","- ",36.749000000000002,-119.79853,FRESNO,FRESNO,-119.79853,36.749000000000002
90094673,2015,2016-01-13,9435,2015-12-17,0620,019210,,4,1,7,1005,0,1,3,,2,182,"STATE ROUTE 180 W/B","CHESTNUT AVE",200.00,W,N,A,-,Y,,,180,,,,,,W,Y,4,0,1,1,A,-,08,22107,,N,E,I,A,A,H,-,C,D,0,,,,,Y,,A,01,0,0,1,0,0,0,0,0,0,"- ","- ",36.755020000000002,-119.73753000000001,FRESNO,FRESNO,-119.73753096,36.75501174
90097528,2015,2016-01-19,9435,2015-12-19,0920,020082,,6,1,7,1005,0,1,3,,2,181,"SR-180 WESTBOUND","FULTON ST",1056.00,E,N,B,C,Y,,,180,,,,,,W,Y,4,0,5,2,A,-,03,22350,,N,B,C,A,B,H,-,A,D,0,,,,,Y,,D,22,0,0,5,0,0,0,0,0,0,"- ","- ",36.750309999999999,-119.79707999999999,FRESNO,FRESNO,-119.79710645999999,36.750373860000003
90098159,2015,2016-01-19,9435,2015-12-18,1130,020082,,5,1,7,1005,0,1,3,,2,181,"SR-180 E/B TO VAN NESS AVE.","FULTON ST",35.00,E,N,A,-,Y,,,180,,,,R,,E,Y,4,0,1,1,A,-,08,22107,,N,E,I,A,A,H,-,A,A,0,,,,,Y,,A,01,0,0,1,0,0,0,0,0,0,"- ","- ",36.74888,-119.80034000000001,FRESNO,FRESNO,-119.80034000000001,36.74888
90099462,2015,2016-01-21,9435,2015-12-22,0655,014547,,2,1,7,1005,0,1,3,,2,181,"SR-180 E/B","FIRST ST.",400.00,E,N,B,C,Y,,,180,,,,,,E,Y,4,0,1,1,A,-,03,22350,,N,E,I,A,B,H,-,B,D,0,,,,,Y,,A,01,0,0,1,0,0,0,0,0,0,"- ","- ",36.755009999999999,-119.76869000000001,FRESNO,FRESNO,-119.76868961,36.754852130000003
90100516,2015,2016-01-22,9435,2015-12-24,1540,018609,,4,2,9,1000,0,1,3,,2,184,SR-180,"DUNLAP RD",31680.00,E,N,B,D,Y,,,180,,,,,,,Y,4,0,3,1,A,-,03,22350,,N,E,I,A,C,H,-,A,D,0,,,,,Y,,A,07,0,0,3,0,0,0,0,0,0,"- ","- ",36.748370000000001,-119.06364000000001,FRESNO,UNINCORPORATED,-119.06369497999999,36.748467740000002
90102599,2015,2016-01-26,9435,2015-12-22,1647,020193,,2,2,9,1000,0,1,3,,1,183,"SR-180 W/B","DE WOLF AVE",100.00,E,N,C,-,Y,,,180,,,,,,W,Y,3,0,1,2,A,-,01,23152,A,N,C,C,A,B,H,-,B,D,0,,,,,Y,Y,A,07,0,1,0,0,0,0,0,0,0,"- ","- ",36.737169999999999,-119.64534,FRESNO,UNINCORPORATED,-119.64533978,36.737176429999998
90104968,2015,2016-01-28,9435,2015-09-27,0305,020064,,7,3,9,1000,0,1,3,,1,183,"SR-180 W/B","TEMPERANCE AVENUE",2112.00,E,N,B,-,Y,,,180,,,,,,W,Y,1,1,2,1,A,-,08,22107,,N,F,A,A,A,H,-,C,D,0,,,,,Y,,D,22,0,2,0,0,0,0,0,0,0,"- ","- ",36.73704,-119.65308,FRESNO,UNINCORPORATED,-119.65307855,36.737194129999999
90104999,2016,2016-01-28,9435,2016-01-08,1724,018823,,5,2,7,1005,0,1,3,,2,181,"SR-180 W/B","VAN NESS AVE",245.00,E,N,B,-,Y,,,180,,,,,,W,N,4,0,1,2,A,-,03,22350,,N,C,C,A,A,H,-,C,D,0,,,,,Y,,A,01,0,0,1,0,0,0,0,0,0,"- ","- ",36.7498,-119.7983,FRESNO,FRESNO,-119.79831199,36.749824330000003
90105223,2016,2016-01-29,9435,2016-01-05,2122,015890,,2,2,7,1005,0,1,3,,2,182,"SR-180 W/B FROM CLOVIS AVE S/B","CLOVIS AVE",463.00,W,N,B,-,Y,,,180,,,,R,,W,Y,3,0,1,1,A,-,08,22107,,N,F,A,A,B,H,-,D,D,0,,,,,Y,,A,01,0,1,0,0,0,0,0,0,0,"- ","- ",36.753079999999997,-119.70215,FRESNO,FRESNO,-119.70215,36.753079999999997
90105257,2016,2016-01-29,9435,2016-01-05,1843,016761,,2,2,7,1005,0,1,3,,2,181,"STATE ROUTE-180 W/B","H"" STREET""",375.00,E,N,B,C,Y,,,180,,,,,,W,Y,4,0,1,2,A,-,03,22350,,N,C,C,A,B,H,-,D,D,0,,,,,Y,,A,01,0,0,1,0,0,0,0,0,0,"- ","- ",36.745910000000002,-119.80573,FRESNO,FRESNO,-119.80572943,36.745908919999998
90107050,2016,2016-02-02,9435,2016-01-05,2210,019473,,2,3,7,1005,0,1,3,,2,182,"SR-180 W/B FROM CLOVIS AVE N/B","CLOVIS AVE",65.00,E,N,B,-,Y,,,180,,,,R,,W,Y,4,0,2,2,A,-,03,22350,,N,D,C,A,B,H,-,C,D,0,,,,,Y,,A,01,0,0,2,0,0,0,0,0,0,"- ","- ",36.752890000000001,-119.69989,FRESNO,FRESNO,-119.69989,36.752890000000001
90107766,2016,2016-02-02,9435,2016-01-26,1555,019926,,2,2,9,1000,0,1,3,,1,180,"SR-180 (WHITESBRIDGE AVE)","DICKENSON AVE",3168.00,W,N,A,-,Y,,,180,,,,,,,Y,2,0,1,1,A,-,06,21755,,F,F,A,A,A,H,-,A,D,0,,,,,Y,,A,01,1,0,0,0,0,0,0,0,0,"- ","- ",36.735010000000003,-119.9791,FRESNO,UNINCORPORATED,-119.97909996,36.734995069999997
90110265,2016,2016-02-05,9435,2016-01-08,1825,019210,,5,2,7,1005,0,1,3,,2,181,"SR-180 W/B","G ST",100.00,E,N,A,-,Y,,,180,,,,,,W,Y,3,0,5,3,A,-,03,22350,,N,C,C,A,A,H,-,C,D,0,,,,,Y,,A,01,0,3,2,0,0,0,0,0,0,"- ","- ",36.744280000000003,-119.80879,FRESNO,FRESNO,-119.80879046,36.744280850000003
90110654,2016,2016-02-08,9435,2016-01-10,0921,019610,,7,1,7,1005,0,1,3,,2,181,"SR-180 E/B","FRESNO ST",1056.00,W,N,B,-,Y,,,180,,,,,,E,Y,4,0,1,1,A,-,01,23152,E,N,E,I,A,B,H,-,A,D,0,,,,,Y,,A,01,0,0,1,0,0,0,0,0,0,"- ","- ",36.753140000000002,-119.78443,FRESNO,FRESNO,-119.78441803,36.75307145
90111711,2016,2016-02-09,9435,2016-01-13,1610,019926,,3,2,7,1005,0,1,3,,2,181,"SR-180 W/B","FULTON ST",800.00,W,N,A,-,Y,,,180,,,,,,W,Y,3,0,2,3,A,-,03,22350,,N,C,C,A,A,H,-,A,D,0,,,,,Y,,A,01,0,1,1,0,0,0,0,0,0,"- ","- ",36.745519999999999,-119.80665,FRESNO,FRESNO,-119.80660933,36.745443170000001
90111865,2016,2016-02-09,9435,2016-01-13,0200,020193,,3,3,7,1005,0,1,3,,2,182,"SR-180 W/B TO CEDAR AVE","SR-168 E/B",5.00,E,N,A,-,Y,,,180,,,,R,,W,Y,3,0,1,1,A,-,01,23152,A,N,E,J,A,A,H,-,C,D,0,,,,,Y,Y,A,01,0,1,0,0,0,0,0,0,0,"- ","- ",36.755809999999997,-119.74936,FRESNO,FRESNO,-119.74936,36.755809999999997
90111924,2016,2016-02-09,9435,2016-01-06,1725,020082,,3,2,7,1005,0,1,3,,2,181,"SR-180 WESTBOUND","VAN NESS AVE",80.00,W,N,B,C,Y,,,180,,,,,,W,N,4,0,1,2,A,-,03,22350,,N,C,C,A,B,H,-,A,D,0,,,,,Y,,A,07,0,0,1,0,0,0,0,0,0,"- ","- ",36.747509999999998,-119.80297,FRESNO,FRESNO,-119.80291191000001,36.747400229999997
90112673,2016,2016-02-10,9435,2016-01-21,1725,019926,,4,2,7,1005,0,1,3,,2,105,"SR-180 W/B","FULTON ST",800.00,W,N,A,-,Y,,,180,,,,,,W,Y,4,0,1,2,A,-,07,21658,A,N,C,C,A,A,H,-,D,D,0,,,,,Y,,A,07,0,0,1,0,0,0,0,0,0,"- ","- ",36.746279999999999,-119.80521,FRESNO,FRESNO,-119.80517025,36.746204900000002
90112899,2016,2016-02-10,9435,2016-01-24,0200,020078,,7,3,7,1005,0,1,3,,2,181,"SR-180 E/B TO SR-168 E/B","CEDAR AVE",250.00,E,N,A,-,Y,,,180,,,,R,,E,Y,3,0,1,1,A,-,08,22107,,N,E,I,A,A,H,-,D,D,0,,,,,Y,,A,01,0,1,0,0,0,0,0,0,0,"- ","- ",36.754350000000002,-119.7538,FRESNO,FRESNO,-119.7538,36.754350000000002
90114155,2016,2016-02-12,9435,2016-01-21,1750,018823,,4,2,7,1005,0,1,3,,2,181,"SR-180 E/B","ABBY ST",900.00,E,N,B,-,Y,,,180,,,,,,E,N,4,0,2,2,A,-,03,22350,,N,C,C,A,A,H,-,D,D,0,,,,,Y,,D,22,0,0,2,0,0,0,0,0,0,"- ","- ",36.752600000000001,-119.78619999999999,FRESNO,FRESNO,-119.78622910999999,36.752742840000003
90115519,2016,2016-02-16,9435,2016-01-30,1740,020490,,6,2,9,1000,0,1,3,,2,184,SR-180,"OLIVER AVE",0.00,,Y,A,-,Y,,,180,,,,,,,N,4,0,1,2,D,-,00,,,N,D,C,A,A,H,-,D,D,0,,,,Y,Y,,-,"- ",0,0,1,0,0,0,0,0,0,"- ","- ",36.734000000000002,-119.499,FRESNO,UNINCORPORATED,-119.49902708,36.733635020000001
90120904,2016,2016-02-22,9435,2016-02-04,0640,017489,,4,1,9,1000,0,1,3,,1,180,"SR-180 (WHITES BRIDGE ROAD)","CHATEAU FRESNO AVE",0.00,,Y,A,-,Y,,,180,,,,,,,Y,4,0,2,3,A,-,03,22350,,N,C,C,A,A,H,-,A,D,0,,,,,Y,,A,08,0,0,2,0,0,0,0,0,0,"- ","- ",36.73518,-119.93505,FRESNO,UNINCORPORATED,-119.93505016,36.735210639999998
90121444,2016,2016-02-23,9435,2016-01-19,1200,014547,,2,1,9,1000,0,1,3,,2,182,"SR-180 W/B","FOWLER AVE.",1056.00,W,N,B,C,Y,,,180,,,,,,W,Y,3,0,2,2,A,-,03,22350,,N,D,C,A,B,H,-,A,D,0,,,,,Y,,A,01,0,1,1,0,0,0,0,0,0,"- ","- ",36.753520000000002,-119.68534,FRESNO,UNINCORPORATED,-119.68532931,36.75365249
90123921,2016,2016-02-25,9435,2016-02-11,1410,019926,,4,2,7,1005,0,1,3,,2,181,"SR-180 W/B",SR-99,800.00,E,N,A,-,Y,,,180,,,,,,W,N,4,0,1,2,A,-,03,22350,,N,C,C,A,A,H,-,A,D,0,,,,,Y,,A,01,0,0,1,0,0,0,0,0,0,"- ","- ",36.744289999999999,-119.80889999999999,FRESNO,FRESNO,-119.80887164000001,36.744237230000003
90125167,2016,2016-02-29,9435,2016-02-13,0650,017310,,6,1,9,1000,0,1,3,,1,183,"SR-180 (KINGS CANYON ROAD)","RIO VISTA AVE",300.00,E,N,A,-,Y,,,180,,,,,,,Y,4,0,1,1,A,-,08,22107,,N,F,A,A,A,H,-,B,D,0,,,,,Y,,A,01,0,0,1,0,0,0,0,0,0,"- ","- ",36.731560000000002,-119.47347000000001,FRESNO,UNINCORPORATED,-119.47343897,36.731684520000002
90125284,2016,2016-02-29,9435,2016-02-06,2223,019323,,6,3,7,1005,0,1,3,,2,181,"SR-180 W/B TO FULTON ST.","FULTON ST.",300.00,W,N,A,-,Y,,,180,,,,R,,W,Y,4,0,1,1,A,-,03,22350,,N,F,A,A,A,H,-,C,D,0,,,,,Y,,A,07,0,0,1,0,0,0,0,0,0,"- ","- ",36.748959999999997,-119.80144,FRESNO,FRESNO,-119.80144,36.748959999999997
90129495,2016,2016-03-04,9435,2016-02-19,1835,019113,,5,2,7,1005,0,1,3,,2,181,"SR-180 W/B","H STREET",528.00,E,N,A,-,Y,,,180,,,,,,W,Y,4,0,1,2,A,-,03,22350,,N,C,C,A,A,H,-,D,D,0,,,,,Y,,D,22,0,0,1,0,0,0,0,0,0,"- ","- ",36.746839999999999,-119.8039,FRESNO,FRESNO,-119.80391535,36.746869009999998
90130967,2016,2016-03-07,9435,2016-02-18,1730,020490,,4,2,9,1000,0,1,3,,1,183,"SR-180 E/B","DEL REY AVE",0.00,,Y,A,-,Y,,,180,,,,,,E,Y,3,0,2,2,A,-,09,21802,A,N,D,C,A,A,H,-,B,A,0,,,,,Y,,D,22,0,1,1,0,0,0,0,0,0,"- ","- ",36.735729999999997,-119.59211000000001,FRESNO,UNINCORPORATED,-119.59211055,36.735817580000003
90130977,2016,2016-03-07,9435,2016-02-12,1928,020193,,5,2,9,1000,0,1,3,,1,183,SR-180,"ACADEMY AVE",0.00,,Y,A,-,Y,,,180,,,,,,,Y,3,0,4,2,A,-,12,21453,A,N,D,C,A,A,H,-,C,A,0,,,,,Y,,D,22,0,1,3,0,0,0,0,0,0,"- ","- ",36.735729999999997,-119.55624,FRESNO,UNINCORPORATED,-119.55623924,36.735919729999999
90132307,2016,2016-03-09,9435,2016-02-24,1840,020490,,3,2,9,1000,0,1,3,,1,180,"SR-180 W/B","BRAWLEY AVE",495.00,W,N,A,-,Y,,,180,,,,,,W,Y,3,0,4,2,A,-,01,23152,A,N,D,C,A,A,H,-,D,D,0,,,,,Y,Y,D,22,0,3,1,0,0,0,0,0,0,"- ","- ",36.735509999999998,-119.86432000000001,FRESNO,UNINCORPORATED,-119.86431998,36.735490540000001
90133308,2016,2016-03-10,9435,2016-02-14,0820,017310,,7,1,9,1000,0,1,3,,1,183,"SR-180 W/B","BETHEL AVE",25.00,E,N,E,-,Y,,,180,,,,,,W,Y,4,0,1,3,A,-,03,22350,,N,B,C,A,A,H,-,A,A,0,,,,,Y,,A,01,0,0,1,0,0,0,0,0,0,"- ","- ",36.736179999999997,-119.57402,FRESNO,UNINCORPORATED,-119.57402001,36.736169340000004
90134430,2016,2016-03-11,9435,2016-02-26,1944,018912,,5,2,9,1000,0,1,3,,1,183,"STATE ROUTE 180","RIO VISTA AVENUE",1056.00,E,N,A,-,Y,,,180,,,,,,,Y,2,0,1,1,A,-,01,23152,A,N,E,I,A,A,H,-,D,D,0,,,,,Y,Y,A,01,1,0,0,0,0,0,0,0,0,"- ","- ",36.731789999999997,-119.47365000000001,FRESNO,UNINCORPORATED,-119.47366097,36.731737649999999