CASE_ID,ACCIDENT_YEAR,PROC_DATE,JURIS,COLLISION_DATE,COLLISION_TIME,OFFICER_ID,REPORTING_DISTRICT,DAY_OF_WEEK,CHP_SHIFT,POPULATION,CNTY_CITY_LOC,SPECIAL_COND,BEAT_TYPE,CHP_BEAT_TYPE,CITY_DIVISION_LAPD,CHP_BEAT_CLASS,BEAT_NUMBER,PRIMARY_RD,SECONDARY_RD,DISTANCE,DIRECTION,INTERSECTION,WEATHER_1,WEATHER_2,STATE_HWY_IND,CALTRANS_COUNTY,CALTRANS_DISTRICT,STATE_ROUTE,ROUTE_SUFFIX,POSTMILE_PREFIX,POSTMILE,LOCATION_TYPE,RAMP_INTERSECTION,SIDE_OF_HWY,TOW_AWAY,COLLISION_SEVERITY,NUMBER_KILLED,NUMBER_INJURED,PARTY_COUNT,PRIMARY_COLL_FACTOR,PCF_CODE_OF_VIOL,PCF_VIOL_CATEGORY,PCF_VIOLATION,PCF_VIOL_SUBSECTION,HIT_AND_RUN,TYPE_OF_COLLISION,MVIW,PED_ACTION,ROAD_SURFACE,ROAD_COND_1,ROAD_COND_2,LIGHTING,CONTROL_DEVICE,CHP_ROAD_TYPE,PEDESTRIAN_ACCIDENT,BICYCLE_ACCIDENT,MOTORCYCLE_ACCIDENT,TRUCK_ACCIDENT,NOT_PRIVATE_PROPERTY,ALCOHOL_INVOLVED,STWD_VEHTYPE_AT_FAULT,CHP_VEHTYPE_AT_FAULT,COUNT_SEVERE_INJ,COUNT_VISIBLE_INJ,COUNT_COMPLAINT_PAIN,COUNT_PED_KILLED,COUNT_PED_INJURED,COUNT_BICYCLIST_KILLED,COUNT_BICYCLIST_INJURED,COUNT_MC_KILLED,COUNT_MC_INJURED,PRIMARY_RAMP,SECONDARY_RAMP,LATITUDE,LONGITUDE,COUNTY,CITY,POINT_X,POINT_Y
90285319,2016,2016-10-06,9435,2016-09-29,1657,018609,,4,2,7,1005,0,1,3,,2,181,"SR-180 E/B TO SR-41 N/B","SR-180 W/B",200.00,N,N,A,-,Y,,,180,,,,R,,E,Y,4,0,2,2,A,-,03,22350,,N,C,C,A,A,H,-,A,D,0,,,,,Y,,A,01,0,0,2,0,0,0,0,0,0,"- ","- ",36.755330000000001,-119.77548,FRESNO,FRESNO,-119.77548,36.755330000000001
90286595,2016,2016-10-07,9435,2016-09-30,2050,020082,,5,2,7,1005,0,1,3,,1,180,"SR-180 WESTBOUND","MARKS AVE",1712.00,E,N,A,-,Y,,,180,,,,,,W,N,4,0,1,2,A,-,03,22350,,F,C,C,A,A,H,-,A,D,0,,,,,Y,,-,99,0,0,1,0,0,0,0,0,0,"- ","- ",36.738390000000003,-119.83696999999999,FRESNO,FRESNO,-119.83697428000001,36.738348350000003
90287423,2016,2016-10-10,9435,2016-09-27,1610,019895,,2,2,9,1000,0,1,3,,1,180,SR-180,"MONROE AVE",150.00,W,N,A,-,Y,,,180,,,,,,,Y,3,0,3,2,A,-,03,22350,,N,C,C,A,A,H,-,A,A,0,,,,,Y,,A,01,0,1,2,0,0,0,0,0,0,"- ","- ",36.735219999999998,-119.94586,FRESNO,UNINCORPORATED,-119.9458597,36.735158599999998
90288984,2016,2016-10-11,9435,2016-09-19,0058,020193,,1,3,9,1000,0,1,3,,1,180,SR-180,"CORNELIA AVE",1200.00,E,N,A,-,Y,,,180,,,,,,,Y,2,0,1,1,A,-,01,23152,A,N,E,I,A,A,H,-,D,D,0,,,,,Y,Y,A,01,1,0,0,0,0,0,0,0,0,"- ","- ",36.735439999999997,-119.87821,FRESNO,UNINCORPORATED,-119.87820996000001,36.735491570000001
90289047,2016,2016-10-11,9435,2016-10-06,1704,020082,,4,2,7,1005,0,1,3,,2,181,"SR-180 EASTBOUND","FRESNO ST.",296.00,W,N,A,-,Y,,,180,,,,,,E,Y,4,0,1,3,A,-,03,22350,,N,C,C,A,A,H,-,A,D,0,,,,,Y,,A,07,0,0,1,0,0,0,0,0,0,"- ","- ",36.753329999999998,-119.78294,FRESNO,FRESNO,-119.78293816,36.753317520000003
90289717,2016,2016-10-12,9435,2016-10-11,0731,015026,,2,1,7,1005,0,1,3,,2,181,"SR-180 W/B","WILLOW AVE",1215.00,W,N,A,-,Y,,,180,,,,,,W,Y,3,0,2,2,A,-,03,22350,,N,C,C,A,A,H,-,A,D,0,,,,,Y,,A,01,0,1,1,0,0,0,0,0,0,"- ","- ",36.754019999999997,-119.73133,FRESNO,FRESNO,-119.7313338,36.753984879999997
90289848,2016,2016-10-12,9435,2016-10-04,1553,017518,,2,2,7,1005,0,1,3,,2,182,"SR-180  E/B TO SR-168 E/B","CEDAR AVE",60.00,W,N,A,-,Y,,,180,,,,R,,E,Y,3,0,3,4,A,-,03,22350,,N,C,C,A,A,H,-,A,D,0,,,,,Y,,D,22,0,1,2,0,0,0,0,0,0,"- ","- ",36.754829999999998,-119.75447,FRESNO,FRESNO,-119.75447,36.754829999999998
90290183,2016,2016-10-12,9435,2016-10-11,0755,018574,,2,1,9,1000,0,1,3,,2,182,"SR-180 W/B","TEMPERANCE AVE",800.00,W,N,A,-,Y,,,180,,,,,,W,N,4,0,1,2,A,-,03,22350,,N,C,C,A,A,H,-,A,D,0,,,,,Y,,A,01,0,0,1,0,0,0,0,0,0,"- ","- ",36.745260000000002,-119.66997000000001,FRESNO,UNINCORPORATED,-119.66982688,36.74536707
90293047,2016,2016-10-17,9435,2016-10-13,2030,020060,,4,2,9,1000,0,1,3,,1,183,"SR-180 E/B","BETHEL AVE",15.00,W,N,A,-,Y,,,180,,,,,,E,Y,4,0,3,2,A,-,03,22350,,N,C,C,A,A,H,-,C,A,0,,,,,Y,,A,01,0,0,3,0,0,0,0,0,0,"- ","- ",36.735709999999997,-119.57402999999999,FRESNO,UNINCORPORATED,-119.57403137,36.735904849999997
90293458,2016,2016-10-17,9435,2016-09-22,0805,019523,,4,1,7,1005,0,1,3,,2,182,"SR-180 W/B","CLOVIS AVE",528.00,W,N,A,-,Y,,,180,,,,,,W,Y,3,0,2,2,A,-,03,22350,,N,C,C,A,A,H,-,A,D,0,,,,,Y,,D,22,0,1,1,0,0,0,0,0,0,"- ","- ",36.75318,-119.70643,FRESNO,FRESNO,-119.70643385,36.753090040000004
90295711,2016,2016-10-19,9435,2016-10-18,1130,012846,,2,1,7,1005,0,1,3,,2,182,"SR-180 E/B TO CLOVIS AVENUE N/B","CLOVIS AVENUE",35.00,W,N,A,-,Y,,,180,,,,R,,E,N,3,0,2,2,A,-,03,22350,,N,C,C,A,A,H,-,A,A,0,,,,,Y,,A,07,0,1,1,0,0,0,0,0,0,"- ","- ",36.752079999999999,-119.70044,FRESNO,FRESNO,-119.70044,36.752079999999999
90302688,2016,2016-11-01,9435,2016-10-21,1736,020297,,5,2,7,1005,0,1,3,,2,181,"SR-180 E/B","SR-41 N/B",240.00,E,N,A,-,Y,,,180,,,,,,E,Y,2,0,1,4,A,-,03,22350,,N,C,C,A,A,H,-,A,D,0,,,,,Y,,A,01,1,0,0,0,0,0,0,0,0,"- ","- ",36.754300000000001,-119.77469000000001,FRESNO,FRESNO,-119.7746971,36.754356790000003
9030292,2019,2020-07-15,1002,2019-09-03,1609,E0879,,2,5,3,1002,0,0,0,,0,,"EAST ELM AV","5TH ST",0.00,,Y,A,-,Y,FRE,6,180,-,-,15.707,I,5,E,N,2,0,1,2,A,-,10,21950,A,N,G,B,B,A,H,-,A,D,0,Y,,,,Y,,A,01,1,0,0,0,1,0,0,0,0,"- ","- ",36.139720916748047,-120.36029052734375,FRESNO,COALINGA,,
90303093,2016,2016-10-27,9435,2016-10-21,2110,020429,,5,2,9,1000,0,1,3,,2,184,SR-180,"FRIANT KERN CANAL",40.00,W,N,A,-,Y,,,180,,,,,,,N,3,0,1,1,A,-,13,22515,B,N,H,J,A,A,H,-,D,D,0,,,,,Y,,A,07,0,1,0,0,0,0,0,0,0,"- ","- ",36.718150000000001,-119.43714,FRESNO,UNINCORPORATED,-119.43711515,36.718232520000001
90305619,2016,2016-10-28,9435,2016-10-13,0737,017310,,4,1,9,1000,0,1,3,,1,183,"SR-180 W/B","INDIANOLA AVE",150.00,W,N,A,-,Y,,,180,,,,,,W,Y,4,0,1,2,A,-,09,21802,A,N,B,C,A,A,H,-,A,D,0,,,,,Y,,A,07,0,0,1,0,0,0,0,0,0,"- ","- ",36.7361,-119.58338999999999,FRESNO,UNINCORPORATED,-119.58339032000001,36.736124699999998
90305622,2016,2016-10-28,9435,2016-10-15,2130,018944,,6,2,7,1005,0,1,3,,2,181,"SR-180 WB","G ST.",100.00,W,N,A,-,Y,,,180,,,,,,W,N,4,0,1,3,A,-,03,22350,,N,C,C,A,A,H,-,D,D,0,,,,,Y,,A,01,0,0,1,0,0,0,0,0,0,"- ","- ",36.7438,-119.8096,FRESNO,FRESNO,-119.80961910000001,36.743835539999999
90310412,2016,2016-11-03,9435,2016-10-24,1725,016507,,1,2,9,1000,0,1,3,,2,184,"STATE ROUTE 180","ALTA AVE",600.00,W,N,A,-,Y,,,180,,,,,,,Y,4,0,1,1,A,-,08,22107,,N,E,J,A,A,H,-,A,D,0,,,,,Y,,A,08,0,0,1,0,0,0,0,0,0,"- ","- ",36.719850000000001,-119.39587,FRESNO,UNINCORPORATED,-119.39586909000001,36.719894420000003
90310428,2016,2016-11-03,9435,2016-10-31,1452,017518,,1,2,9,1000,0,1,3,,1,180,"SR-180 (WHITESBRIDGE AVENUE)","BISHOP AVE",0.00,,Y,B,-,Y,,,180,,,,,,,Y,4,0,1,2,A,-,03,22350,,N,C,C,A,A,H,-,A,D,0,,,,,Y,,A,01,0,0,1,0,0,0,0,0,0,"- ","- ",36.734949999999998,-120.00604,FRESNO,UNINCORPORATED,-120.00604,36.734947040000002
90311481,2016,2016-11-04,9435,2016-10-21,1715,018926,,5,2,7,1005,0,1,3,,2,181,"SR-180 E/B TO SR-168 E/B","CEDAR AVE",250.00,W,N,A,-,Y,,,180,,,,R,,E,Y,4,0,2,3,A,-,03,22350,,N,C,C,A,A,H,-,A,D,0,,,,,Y,,D,22,0,0,2,0,0,0,0,0,0,"- ","- ",36.756970000000003,-119.75017,FRESNO,FRESNO,-119.75017,36.756970000000003
90314581,2016,2017-02-28,9435,2016-10-04,0957,016833,,2,1,9,1000,0,1,3,,1,180,SR-180,"SHASTA AVE",0.00,,Y,A,-,Y,,,180,,,,,,,Y,1,1,0,2,A,-,09,21802,A,N,D,C,A,A,H,-,A,A,0,,,Y,,Y,,D,22,0,0,0,0,0,0,0,1,0,"- ","- ",36.734729999999999,-120.10538,FRESNO,UNINCORPORATED,-120.10537998,36.734712870000003
90314779,2016,2016-11-09,9435,2016-11-02,1645,017518,,3,2,9,1000,0,1,3,,1,180,"SR-180 (WHITESBRIDGE AVENUE)","DICKENSON AVE",800.00,E,N,A,-,Y,,,180,,,,,,,Y,3,0,4,4,A,-,03,22350,,N,C,C,A,A,H,-,A,A,0,,,,,Y,,D,22,0,2,2,0,0,0,0,0,0,"- ","- ",36.735030000000002,-119.96986,FRESNO,UNINCORPORATED,-119.96985995999999,36.735021609999997
90316569,2016,2016-11-10,9461,2016-10-16,1115,019724,,7,1,9,1000,0,1,3,,1,680,"SR-180 W/B","BELMONT AVE",1056.00,E,N,A,-,Y,,,180,,,,,,W,Y,1,1,0,1,A,-,08,22107,,N,E,I,A,A,H,-,A,D,0,,,,,Y,,A,01,0,0,0,0,0,0,0,0,0,"- ","- ",36.747599999999998,-120.37124,FRESNO,UNINCORPORATED,-120.37126752,36.747567830000001
90319517,2016,2016-11-15,9435,2016-11-07,0805,016507,,1,1,9,1000,0,1,3,,2,184,"STATE ROUTE 180","COVE AVE",0.00,,Y,A,-,Y,,,180,,,,,,,Y,2,0,2,2,A,-,09,21802,A,N,D,C,A,A,H,-,A,A,0,,,,,Y,,A,01,1,0,1,0,0,0,0,0,0,"- ","- ",36.715350000000001,-119.34901000000001,FRESNO,UNINCORPORATED,-119.34901022,36.715329529999998
90319610,2016,2016-11-15,9435,2016-08-24,1730,018823,,3,2,9,1000,0,1,3,,1,180,"SR-180 (WHITESBRIDGE AVENUE)","HOWARD AVE",1100.00,W,N,A,-,Y,,,180,,,,,,,Y,1,1,4,4,A,-,03,22350,,N,C,C,A,A,H,-,A,D,0,,,,,Y,,A,01,1,1,2,0,0,0,0,0,0,"- ","- ",36.734999999999999,-120.0286,FRESNO,UNINCORPORATED,-120.02859988,36.73494839
90324467,2016,2016-11-18,9435,2016-11-10,0710,019210,,4,1,9,1000,0,1,3,,1,180,"SR-180 (WHITESBRIDGE AVE)","SONOMA AVE",2059.00,W,N,E,-,Y,,,180,,,,,,,Y,2,0,1,2,A,-,03,22350,,N,D,C,A,A,H,-,A,D,0,,,,Y,Y,,A,07,1,0,0,0,0,0,0,0,0,"- ","- ",36.73442,-120.24159,FRESNO,UNINCORPORATED,-120.24159009,36.734389819999997
90325066,2016,2016-11-18,9435,2016-11-13,1725,020429,,7,2,7,1005,0,1,3,,2,181,"SR-180 W/B","G ST",100.00,E,N,A,-,Y,,,180,,,,,,W,N,4,0,1,3,A,-,03,22350,,N,C,C,A,A,H,-,D,D,0,,,,,Y,,A,01,0,0,1,0,0,0,0,0,0,"- ","- ",36.744419999999998,-119.80855,FRESNO,FRESNO,-119.80854586,36.7444123
90325793,2016,2016-11-21,9435,2016-11-10,0755,017310,,4,1,9,1000,0,1,3,,1,183,"SR-180 E/B","DEWOLF AVE",30.00,W,N,E,-,Y,,,180,,,,,,E,Y,4,0,1,2,A,-,03,22350,,N,C,C,A,A,H,-,A,D,0,,,,,Y,,A,01,0,0,1,0,0,0,0,0,0,"- ","- ",36.736960000000003,-119.64615999999999,FRESNO,UNINCORPORATED,-119.64616051,36.736929949999997
90328264,2016,2016-11-23,9435,2016-11-14,1756,018920,,1,2,7,1005,0,1,3,,2,181,"SR-180 W/B","H STREET",86.00,W,N,A,-,Y,,,180,,,,,,W,Y,3,0,2,2,A,-,03,22350,,N,C,C,A,A,H,-,C,D,0,,,,,Y,,D,22,0,2,0,0,0,0,0,0,0,"- ","- ",36.744990000000001,-119.80756,FRESNO,FRESNO,-119.8075393,36.744950899999999
90328276,2016,2016-11-23,9435,2016-11-16,2342,015890,,3,3,7,1005,0,1,3,,2,182,"SR-180 W/B FROM CLOVIS AVE S/B",SR-180,209.00,N,N,A,-,Y,,,180,,,,R,,W,Y,2,0,1,1,A,-,01,23152,A,N,F,A,A,A,H,-,D,D,0,,,Y,,Y,Y,C,02,1,0,0,0,0,0,0,0,1,"- ","- ",36.753529999999998,-119.70079,FRESNO,FRESNO,-119.70079,36.753529999999998
90328610,2016,2016-11-23,9435,2016-11-16,1605,018914,,3,2,7,1005,0,1,3,,2,181,"SR-180 W/B","H STREET",500.00,W,N,A,-,Y,,,180,,,,,,W,N,4,0,1,2,A,-,03,22350,,N,C,C,A,A,D,-,A,D,0,,,,,Y,,A,07,0,0,1,0,0,0,0,0,0,"- ","- ",36.744500000000002,-119.80840000000001,FRESNO,FRESNO,-119.80839612,36.744492770000001
90328618,2016,2016-11-23,9435,2016-11-16,2122,015890,,3,2,7,1005,0,1,3,,2,181,"SR-180 W/B","H ST",207.00,E,N,A,-,Y,,,180,,,,,,W,Y,4,0,1,2,A,-,03,22350,,N,C,C,A,A,D,-,D,D,0,,,,,Y,,A,07,0,0,1,0,0,0,0,0,0,"- ","- ",36.745699999999999,-119.80606,FRESNO,FRESNO,-119.806074,36.74572646
90329289,2016,2016-11-25,9435,2016-11-17,1755,020082,,4,2,7,1005,0,1,3,,2,181,"SR-180 EASTBOUND","FRESNO ST.",484.00,W,N,A,-,Y,,,180,,,,,,E,Y,4,0,1,4,A,-,03,22350,,F,C,C,A,A,H,-,C,D,0,,,,,Y,,-,99,0,0,1,0,0,0,0,0,0,"- ","- ",36.753190000000004,-119.78327,FRESNO,FRESNO,-119.78328135,36.75326681
90331426,2016,2016-11-29,9435,2016-11-14,0748,015026,,1,1,7,1005,0,1,3,,2,181,"SR-180 W/B","WILLOW AVE",100.00,E,N,A,-,Y,,,180,,,,,,W,Y,4,0,2,5,A,-,03,22350,,N,C,C,A,A,H,-,A,D,0,,,,,Y,,A,01,0,0,2,0,0,0,0,0,0,"- ","- ",36.753729999999997,-119.72693,FRESNO,FRESNO,-119.72693036,36.753718159999998
90331433,2016,2016-11-29,9435,2016-11-27,1825,014286,,7,2,7,1005,0,1,3,,2,181,"STATE ROUTE 180 (EASTBOUND)","FULTON STREET",500.00,E,N,A,-,Y,,,180,,,,,,,Y,4,0,2,1,A,-,03,22350,,N,E,J,A,A,H,-,D,D,0,,,,,Y,,D,22,0,0,2,0,0,0,0,0,0,"- ","- ",36.747450000000001,-119.80222999999999,FRESNO,FRESNO,-119.80223067999999,36.747451290000001
90334537,2016,2016-12-01,9435,2016-11-17,0835,014547,,4,1,7,1005,0,1,3,,2,181,"SR-180 W/B TO SR-41 N/B","OLIVE AVE",200.00,S,N,A,-,Y,,,180,,,,R,,W,Y,4,0,1,2,A,-,03,22350,,N,C,C,A,A,H,-,A,A,0,,,,,Y,,A,01,0,0,1,0,0,0,0,0,0,"- ","- ",36.756709999999998,-119.77495999999999,FRESNO,FRESNO,-119.77495999999999,36.756709999999998
90337055,2016,2016-12-05,9435,2016-11-26,1858,020429,,6,2,7,1005,0,1,3,,2,182,"SR-180 W/B FROM CLOVIS AVE S/B","CLOVIS AVE",200.00,W,N,C,-,Y,,,180,,,,R,,W,Y,3,0,1,1,A,-,03,22350,,N,F,A,A,B,H,-,C,D,0,,,,,Y,,A,01,0,1,0,0,0,0,0,0,0,"- ","- ",36.753070000000001,-119.70216000000001,FRESNO,FRESNO,-119.70216000000001,36.753070000000001
90337699,2016,2016-12-06,9435,2016-11-21,0753,015026,,1,1,7,1005,0,1,3,,2,182,"SR-180 W/B FROM CLOVIS AVE N/B","CLOVIS AVE",49.00,W,N,B,-,Y,,,180,,,,R,,W,Y,3,0,1,1,A,-,03,22350,,N,E,I,A,B,H,-,A,D,0,,,,,Y,,A,07,0,1,0,0,0,0,0,0,0,"- ","- ",36.752989999999997,-119.70034,FRESNO,FRESNO,-119.70034,36.752989999999997
90339187,2016,2016-12-07,9435,2016-11-27,1520,020082,,7,2,9,1000,0,1,3,,1,180,"SR-180 WESTBOUND","DICKENSON AVE.",401.00,E,N,B,-,Y,,,180,,,,,,W,Y,4,0,1,2,A,-,01,23152,A,N,C,C,A,A,H,-,A,D,0,,,,,Y,Y,A,07,0,0,1,0,0,0,0,0,0,"- ","- ",36.735100000000003,-119.9684,FRESNO,UNINCORPORATED,-119.96839964999999,36.735028849999999
90339368,2016,2016-12-07,9435,2016-11-28,1200,014363,,1,1,9,1000,0,1,3,,1,183,"STATE ROUTE 180","QUALITY AVENUE",0.00,,Y,A,-,Y,,,180,,,,,,,Y,4,0,2,2,A,-,09,21801,A,N,D,C,A,A,H,-,A,D,0,,,,,Y,,A,01,0,0,2,0,0,0,0,0,0,"- ","- ",36.736080000000001,-119.54284,FRESNO,UNINCORPORATED,-119.54284112000001,36.735709499999999
90339883,2016,2016-12-08,9435,2016-11-29,1758,018609,,2,2,9,1000,0,1,3,,1,183,"SR-180 E/B","HIGHLAND AVE.",250.00,E,N,A,-,Y,,,180,,,,,,E,Y,4,0,1,2,A,-,03,22350,,N,C,C,A,A,H,-,B,D,0,,,,,Y,,A,01,0,0,1,0,0,0,0,0,0,"- ","- ",36.735939999999999,-119.62683,FRESNO,UNINCORPORATED,-119.62683034,36.735881710000001
90341586,2016,2016-12-09,9435,2016-12-01,2110,019895,,4,2,9,1000,0,1,3,,1,183,SR-180,"BETHEL AVE",0.00,,Y,A,-,Y,,,180,,,,,,,Y,3,0,1,2,A,-,09,21801,A,N,D,C,A,A,H,-,C,A,0,,,,,Y,,D,22,0,1,0,0,0,0,0,0,0,"- ","- ",36.736040000000003,-119.57404,FRESNO,UNINCORPORATED,-119.57403993,36.736169349999997
90342117,2016,2016-12-12,9435,2016-12-02,1715,020082,,5,2,7,1005,0,1,3,,2,181,"SR-180 EASTBOUND","FRESNOT ST.",194.00,E,N,A,-,Y,,,180,,,,,,E,Y,2,0,1,2,A,-,07,21658,A,N,B,C,A,A,H,-,B,D,0,,,,,Y,,A,01,1,0,0,0,0,0,0,0,0,"- ","- ",36.753599999999999,-119.78082999999999,FRESNO,FRESNO,-119.78082944000001,36.753595650000001
90342124,2016,2016-12-12,9435,2016-12-02,1810,020082,,5,2,7,1005,0,1,3,,2,181,"SR-180 WESTBOUND","BROADWAY ST",100.00,W,N,A,-,Y,,,180,,,,,,W,N,4,0,1,2,A,-,03,22350,,N,C,C,A,A,H,-,D,D,0,,,,,Y,,A,01,0,0,1,0,0,0,0,0,0,"- ","- ",36.747169999999997,-119.80337,FRESNO,FRESNO,-119.80336493999999,36.747160450000003
90342364,2016,2016-12-12,9435,2016-12-04,0755,019610,,7,1,7,1005,0,1,3,,2,181,"SR-180 W/B","SR-99 N/B",800.00,E,N,A,-,Y,,,180,,,,,,W,Y,4,0,1,3,A,-,07,21658,A,N,B,C,A,A,H,-,A,A,0,,,,,Y,,A,07,0,0,1,0,0,0,0,0,0,"- ","- ",36.741929999999996,-119.81336,FRESNO,FRESNO,-119.8133163,36.741848689999998
90342457,2016,2016-12-12,9435,2016-12-05,1720,019926,,1,2,7,1005,0,3,5,,2,010,"SR-180 E/B","FRESNO ST",200.00,E,N,A,-,Y,,,180,,,,,,E,Y,4,0,2,3,A,-,03,22350,,N,C,C,A,A,H,-,D,D,0,,,,,Y,,A,07,0,0,2,0,0,0,0,0,0,"- ","- ",36.75356,-119.78091000000001,FRESNO,FRESNO,-119.78091320999999,36.753584770000003
90342926,2016,2016-12-13,9435,2016-12-05,1719,019113,,1,2,7,1005,0,1,3,,2,181,"SR-180 E/B",SR-41,1584.00,W,N,B,-,Y,,,180,,,,,,E,Y,4,0,1,2,A,-,03,22350,,N,C,C,A,A,H,-,C,D,0,,,,,Y,,A,01,0,0,1,0,0,0,0,0,0,"- ","- ",36.75365,-119.78062,FRESNO,FRESNO,-119.78061653,36.753623269999999
90346435,2016,2016-12-16,9435,2016-12-08,1535,018609,,4,2,7,1005,0,1,3,,2,182,"SR-180 W/B FROM S/B CLOVIS AVE","CLOVIS AVE",450.00,W,N,B,-,Y,,,180,,,,R,,W,Y,3,0,1,1,A,-,03,22350,,N,E,I,A,B,H,-,A,D,0,,,,,Y,,A,07,0,1,0,0,0,0,0,0,0,"- ","- ",36.753160000000001,-119.70209,FRESNO,FRESNO,-119.70209,36.753160000000001
90347964,2016,2016-12-19,9435,2016-12-11,1725,020060,,7,2,9,1000,0,1,3,,1,183,"SR-180 (KINGS CANYON RD)","TRIMMER SPRINGS RD",300.00,E,N,A,-,Y,,,180,,,,,,,Y,2,0,5,3,A,-,01,23152,A,N,B,C,A,A,H,-,D,D,0,,,,,Y,Y,A,01,2,1,2,0,0,0,0,0,0,"- ","- ",36.733229999999999,-119.49316,FRESNO,UNINCORPORATED,-119.49316056000001,36.733224040000003
90349183,2016,2016-12-20,9435,2016-12-04,0150,019932,,7,3,9,1000,0,3,5,,2,015,SR-180,"S. JAMES AVE",1584.00,E,N,A,-,Y,,,180,,,,,,,Y,3,0,1,1,A,-,01,23152,A,N,E,I,A,A,H,-,D,D,0,,,,,Y,Y,A,01,0,1,0,0,0,0,0,0,0,"- ","- ",36.7346,-120.19925000000001,FRESNO,UNINCORPORATED,-120.19925001,36.734601580000003
90349353,2016,2016-12-20,9435,2016-12-13,2124,018609,,2,2,9,1000,0,1,3,,1,183,"SR-180 E/B","TEMPERANCE AVE.",500.00,E,N,A,-,Y,,,180,,,,,,E,N,4,0,1,2,A,-,03,22350,,N,C,C,A,A,H,-,D,D,0,,,,,Y,,A,01,0,0,1,0,0,0,0,0,0,"- ","- ",36.738550000000004,-119.66237,FRESNO,UNINCORPORATED,-119.66235989,36.738574679999999
90350162,2016,2016-12-21,9435,2016-12-14,0810,012846,,3,1,7,1005,0,1,3,,2,182,"SR-180 W/B TO SR-41 S/B","BELMONT AVENUE",600.00,N,N,A,-,Y,,,180,,,,R,,W,N,4,0,1,3,A,-,03,22350,,N,C,C,A,A,H,-,A,D,0,,,,,Y,,D,22,0,0,1,0,0,0,0,0,0,"- ","- ",36.752180000000003,-119.77656,FRESNO,FRESNO,-119.77656,36.752180000000003
90355862,2016,2016-12-28,9435,2016-12-21,1945,019926,,3,2,9,1000,0,1,3,,1,180,SR-180,"SONOMA AVE",8976.00,W,N,A,-,Y,,,180,,,,,,,Y,4,0,1,1,A,-,01,23152,A,N,E,I,A,A,H,-,D,D,0,,,,,Y,Y,A,08,0,0,1,0,0,0,0,0,0,"- ","- ",36.734430000000003,-120.27428,FRESNO,UNINCORPORATED,-120.27428007,36.734400960000002
90360730,2016,2017-01-04,9435,2016-12-26,1635,016507,,1,2,9,1000,0,1,3,,2,184,"STATE ROUTE 180 (KINGS CANYON ROAD)","MILLWOOD RD",5280.00,W,N,A,-,Y,,,180,,,,,,,N,4,0,2,1,A,-,08,22107,,N,E,J,A,C,H,-,A,D,0,,,,,Y,,A,01,0,0,2,0,0,0,0,0,0,"- ","- ",36.747340000000001,-119.06339,FRESNO,UNINCORPORATED,-119.0633933,36.747331600000003
90361878,2016,2017-01-05,9435,2016-12-22,1047,014479,,4,1,9,1000,0,1,3,,1,180,"SR-180 (W WHITESBRIDGE AVE)","SAN MATEO AVE",2112.00,W,N,A,-,Y,,,180,,,,,,,Y,3,0,3,2,A,-,09,21802,A,N,D,C,A,A,H,-,A,D,0,,,,,Y,,A,08,0,3,0,0,0,0,0,0,0,"- ","- ",36.734299999999998,-120.32119,FRESNO,UNINCORPORATED,-120.32119050999999,36.734368420000003
90361945,2016,2017-01-05,9435,2016-12-26,2353,015751,,1,3,9,1000,0,1,3,,2,182,"SR-180 E/B","ARMSTRONG AVE",10.00,E,N,A,-,Y,,,180,,,,,,E,Y,4,0,1,3,A,-,03,22350,,F,C,C,A,A,H,-,D,D,0,,,,,Y,,-,99,0,0,1,0,0,0,0,0,0,"- ","- ",36.74832,-119.67256,FRESNO,UNINCORPORATED,-119.67265395,36.748220590000003
90362369,2016,2017-01-31,9435,2016-11-27,1800,018926,,7,2,7,1005,0,1,3,,2,181,"SR-180 W/B TO SR-41 N/B","FIRST AVE.",200.00,W,N,B,-,Y,,,180,,,,R,,W,Y,1,1,0,1,A,-,03,22350,,N,E,I,A,A,H,-,D,D,0,,,Y,,Y,,C,02,0,0,0,0,0,0,0,1,0,"- ","- ",36.755589999999998,-119.77337,FRESNO,FRESNO,-119.77337,36.755589999999998
90363193,2016,2017-01-06,9435,2016-12-31,1550,020082,,6,2,7,1005,0,1,3,,2,181,"SR-180 W/B TO FULTON ST","SR-180 W/B",316.00,N,N,B,C,Y,,,180,,,,R,,W,N,4,0,1,1,A,-,03,22350,,N,E,I,A,B,H,-,A,D,0,,,,,Y,,A,01,0,0,1,0,0,0,0,0,0,"- ","- ",36.749189999999999,-119.80143,FRESNO,FRESNO,-119.80143,36.749189999999999
90363208,2016,2017-01-06,9435,2016-12-31,1620,020193,,6,2,7,1005,0,1,3,,2,181,"SR-180 E/B","BLACKSTONE AVE",500.00,E,N,B,-,Y,,,180,,,,,,E,Y,3,0,2,2,A,-,03,22350,,N,D,C,A,B,H,-,B,D,0,,,,,Y,,A,07,0,1,1,0,0,0,0,0,0,"- ","- ",36.753,-119.78476000000001,FRESNO,FRESNO,-119.78476199000001,36.753011409999999