CASE_ID,ACCIDENT_YEAR,PROC_DATE,JURIS,COLLISION_DATE,COLLISION_TIME,OFFICER_ID,REPORTING_DISTRICT,DAY_OF_WEEK,CHP_SHIFT,POPULATION,CNTY_CITY_LOC,SPECIAL_COND,BEAT_TYPE,CHP_BEAT_TYPE,CITY_DIVISION_LAPD,CHP_BEAT_CLASS,BEAT_NUMBER,PRIMARY_RD,SECONDARY_RD,DISTANCE,DIRECTION,INTERSECTION,WEATHER_1,WEATHER_2,STATE_HWY_IND,CALTRANS_COUNTY,CALTRANS_DISTRICT,STATE_ROUTE,ROUTE_SUFFIX,POSTMILE_PREFIX,POSTMILE,LOCATION_TYPE,RAMP_INTERSECTION,SIDE_OF_HWY,TOW_AWAY,COLLISION_SEVERITY,NUMBER_KILLED,NUMBER_INJURED,PARTY_COUNT,PRIMARY_COLL_FACTOR,PCF_CODE_OF_VIOL,PCF_VIOL_CATEGORY,PCF_VIOLATION,PCF_VIOL_SUBSECTION,HIT_AND_RUN,TYPE_OF_COLLISION,MVIW,PED_ACTION,ROAD_SURFACE,ROAD_COND_1,ROAD_COND_2,LIGHTING,CONTROL_DEVICE,CHP_ROAD_TYPE,PEDESTRIAN_ACCIDENT,BICYCLE_ACCIDENT,MOTORCYCLE_ACCIDENT,TRUCK_ACCIDENT,NOT_PRIVATE_PROPERTY,ALCOHOL_INVOLVED,STWD_VEHTYPE_AT_FAULT,CHP_VEHTYPE_AT_FAULT,COUNT_SEVERE_INJ,COUNT_VISIBLE_INJ,COUNT_COMPLAINT_PAIN,COUNT_PED_KILLED,COUNT_PED_INJURED,COUNT_BICYCLIST_KILLED,COUNT_BICYCLIST_INJURED,COUNT_MC_KILLED,COUNT_MC_INJURED,PRIMARY_RAMP,SECONDARY_RAMP,LATITUDE,LONGITUDE,COUNTY,CITY,POINT_X,POINT_Y
90363268,2016,2017-01-06,9435,2016-12-31,1615,019610,,6,2,7,1005,0,1,3,,2,181,"SR-180 E/B","BLACKSTONE AVE",100.00,E,N,C,-,Y,,,180,,,,,,E,Y,4,0,1,2,A,-,03,22350,,N,C,C,A,B,H,-,A,A,0,,,,,Y,,A,01,0,0,1,0,0,0,0,0,0,"- ","- ",36.752000000000002,-119.79089999999999,FRESNO,FRESNO,-119.79085261,36.751763930000003
90364076,2017,2017-01-09,9435,2017-01-01,0900,016270,,7,1,9,1000,0,1,3,,2,184,SR-180,"GEORGE SMITH RD",1056.00,E,N,E,-,Y,,,180,,,,,,,Y,4,0,1,2,A,-,03,22350,,N,D,C,A,A,H,-,A,D,0,,,,,Y,,A,07,0,0,1,0,0,0,0,0,0,"- ","- ",36.738390000000003,-119.25461,FRESNO,UNINCORPORATED,-119.2546024,36.738362289999998
90365200,2016,2017-02-27,9435,2016-12-30,2335,020429,,5,3,9,1000,0,1,3,,2,184,SR-180,SR-63,230.00,W,N,A,-,Y,,,180,,,,,,,Y,3,0,1,1,A,-,01,23152,A,N,F,A,A,A,H,-,D,D,0,,,,,Y,Y,A,01,0,1,0,0,0,0,0,0,0,"- ","- ",36.730559999999997,-119.28763000000001,FRESNO,UNINCORPORATED,-119.28762657999999,36.730579650000003
90366588,2017,2017-01-11,9435,2017-01-03,2236,016911,,2,3,7,1005,0,1,3,,2,181,"SR180 WB","ABBY AVE",550.00,E,N,C,-,Y,,,180,,,,,,W,Y,3,0,1,1,A,-,03,22350,,N,E,I,A,B,H,-,C,D,0,,,,,Y,,A,01,0,1,0,0,0,0,0,0,0,"- ","- ",36.75318,-119.78569,FRESNO,FRESNO,-119.78567912,36.753117629999998
90369876,2017,2017-01-16,9435,2017-01-07,1545,020490,,6,2,7,1005,0,1,3,,2,181,"SR-180 W/B TO SR-99","G ST",380.00,W,N,C,-,Y,,,180,,,,R,,W,N,4,0,1,2,A,-,03,22350,,N,C,C,A,B,H,-,A,D,0,,,,,Y,,A,01,0,0,1,0,0,0,0,0,0,"- ","- ",36.7423,-119.81282,FRESNO,FRESNO,-119.81282,36.7423
90370279,2017,2017-01-17,9435,2017-01-12,0550,015751,,4,3,7,1005,0,1,3,,2,182,"SR-180 W/B FROM CLOVIS AVE S/B","CLOVIS AVE",190.00,W,N,B,C,Y,,,180,,,,R,,W,Y,4,0,1,1,A,-,03,22350,,N,E,I,A,B,H,-,D,D,0,,,,,Y,,A,01,0,0,1,0,0,0,0,0,0,"- ","- ",36.753160000000001,-119.70125,FRESNO,FRESNO,-119.70125,36.753160000000001
90370323,2017,2017-01-17,9435,2017-01-11,1305,015106,,3,1,7,1005,0,1,3,,2,181,"SR-180 W/B","FRESNO ST. U/C",500.00,E,N,B,-,Y,,,180,,,,,,W,Y,2,0,1,1,A,-,03,22350,,N,E,I,A,A,H,-,A,D,0,,,,,Y,,A,01,1,0,0,0,0,0,0,0,0,"- ","- ",36.753880000000002,-119.77995,FRESNO,FRESNO,-119.77996759,36.75400372
90371412,2017,2017-01-18,9435,2017-01-09,1540,019926,,1,2,7,1005,0,1,3,,2,181,"SR-180 W/B","FRESNO ST",300.00,W,N,A,-,Y,,,180,,,,,,W,Y,4,0,2,2,A,-,08,22107,,N,B,C,A,A,H,-,A,D,0,,,,Y,Y,,A,01,0,0,2,0,0,0,0,0,0,"- ","- ",36.753570000000003,-119.78257000000001,FRESNO,FRESNO,-119.78257886999999,36.753632410000002
90371931,2017,2017-02-27,9435,2017-01-17,1525,020429,,2,2,7,1005,0,1,3,,2,181,"SR-180 WESTBOUND","G ST",100.00,W,N,A,-,Y,,,180,,,,,,W,Y,4,0,2,4,A,-,03,22350,,N,C,C,A,A,H,-,A,D,0,,,,,Y,,A,01,0,0,2,0,0,0,0,0,0,"- ","- ",36.743789999999997,-119.80968,FRESNO,FRESNO,-119.80968534,36.743799940000002
90376145,2017,2017-01-24,9435,2017-01-17,0650,016270,,2,1,9,1000,0,1,3,,2,184,"STATE ROUTE 180","FULGHAM LN",86.00,W,N,A,-,Y,,,180,,,,,,,Y,3,0,1,1,A,-,03,22350,,N,F,A,A,C,G,-,A,D,0,,,,,Y,,A,07,0,1,0,0,0,0,0,0,0,"- ","- ",36.749450000000003,-119.22369999999999,FRESNO,UNINCORPORATED,-119.22371052,36.749477939999998
90378463,2017,2017-01-26,9435,2017-01-23,1736,019113,,1,2,7,1005,0,1,3,,2,181,"SR-180 W/B","H STREET",1320.00,W,N,B,-,Y,,,180,,,,,,W,N,4,0,1,2,A,-,03,22350,,N,C,C,A,A,D,-,D,D,0,,,,,Y,,D,22,0,0,1,0,0,0,0,0,0,"- ","- ",36.744509999999998,-119.80802,FRESNO,FRESNO,-119.8080971,36.744653460000002
90380009,2017,2017-02-27,9435,2017-01-23,0905,016833,,1,1,9,1000,0,1,3,,2,182,"SR-180 E/B","TEMPERANCE AVE",0.00,,N,B,C,Y,,,180,,,,,,E,Y,3,0,2,2,A,-,08,22107,,N,B,E,A,B,H,-,A,D,0,,,,,Y,,A,01,0,1,1,0,0,0,0,0,0,"- ","- ",36.737229999999997,-119.65815000000001,FRESNO,UNINCORPORATED,-119.65814059,36.73728492
90381071,2017,2017-01-30,9435,2017-01-23,0210,020680,,1,3,7,1005,0,1,3,,2,182,"SR-180 E/B FROM CEDAR AVE.","CEDAR AVE.",1202.00,E,N,B,-,Y,,,180,,,,R,,E,Y,3,0,1,1,A,-,01,23152,A,N,E,I,A,B,H,-,C,D,0,,,,,Y,Y,A,01,0,1,0,0,0,0,0,0,0,"- ","- ",36.753999999999998,-119.75020000000001,FRESNO,FRESNO,-119.75020000000001,36.753999999999998
90381114,2017,2017-01-30,9435,2017-01-19,0738,018920,,4,1,7,1005,0,1,3,,2,181,"SR-180 W/B","WILLOW AVE",50.00,W,N,A,-,Y,,,180,,,,,,W,Y,4,0,1,3,A,-,03,22350,,N,C,C,A,B,H,-,A,D,0,,,,,Y,,A,01,0,0,1,0,0,0,0,0,0,"- ","- ",36.75385,-119.72787,FRESNO,FRESNO,-119.72787313000001,36.75374669
90384906,2017,2017-02-02,9435,2017-01-24,0754,014547,,2,1,7,1005,0,1,3,,2,182,"SR-180 W/B","CLOVIS AVE.",2112.00,W,N,B,-,Y,,,180,,,,,,W,Y,4,0,2,2,A,-,03,22350,,N,C,C,A,A,H,-,A,D,0,,,,,Y,,A,07,0,0,2,0,0,0,0,0,0,"- ","- ",36.753120000000003,-119.70791,FRESNO,FRESNO,-119.7079093,36.753143280000003
90385409,2016,2017-02-03,9435,2016-12-04,2030,020064,,7,2,9,1000,0,1,3,,1,180,"STATE ROUTE 180 (WHITESBRIDGE AVENUE)","SAN BENITO AVENUE",4224.00,E,N,B,-,Y,,,180,,,,,,,Y,1,1,3,2,A,-,01,23152,A,F,A,C,A,A,H,-,D,D,0,,,,,Y,Y,A,07,2,1,0,0,0,0,0,0,0,"- ","- ",36.732930000000003,-120.34096,FRESNO,UNINCORPORATED,-120.34096259,36.73296414
90387711,2017,2017-02-07,9435,2017-02-02,1750,017088,,4,2,9,1000,0,1,3,,2,184,"SR-180 (KINGS CANYON RD)","REED AVE",1584.00,W,N,B,-,Y,,,180,,,,,,,Y,4,0,1,2,A,-,03,22350,,N,C,C,A,A,H,-,D,D,0,,,,,Y,,A,01,0,0,1,0,0,0,0,0,0,"- ","- ",36.72383,-119.45789000000001,FRESNO,UNINCORPORATED,-119.45778500999999,36.723945960000002
90388267,2017,2017-02-08,9435,2017-02-01,1810,019369,,3,2,7,1005,0,1,3,,2,181,"SR-180 W/B",SR-99,1056.00,E,N,A,-,Y,,,180,,,,,,W,Y,4,0,1,2,A,-,03,22350,,N,C,C,A,A,H,-,C,D,0,,,,,Y,,D,22,0,0,1,0,0,0,0,0,0,"- ","- ",36.744660000000003,-119.80800000000001,FRESNO,FRESNO,-119.80801903,36.744695409999999
90390543,2017,2017-02-10,9435,2017-02-09,1705,020082,,4,2,7,1005,0,1,3,,2,181,"SR-180 WESTBOUND","FULTON ST.",121.00,W,N,B,-,Y,,,180,,,,,,W,Y,4,0,1,1,A,-,08,22107,,N,E,I,A,A,H,-,A,D,0,,,,,Y,,A,01,0,0,1,0,0,0,0,0,0,"- ","- ",36.747990000000001,-119.80159,FRESNO,FRESNO,-119.8016354,36.74807577
90391881,2017,2017-02-13,9435,2017-02-11,0640,017310,,6,1,7,1005,0,1,3,,2,181,"SR-180 W/B TO SR-99 N/B","NIELSON AVE",528.00,S,N,A,-,Y,,,180,,,,R,,W,Y,4,0,1,1,A,-,08,22107,,N,E,I,A,A,H,-,A,D,0,,,,,Y,,A,01,0,0,1,0,0,0,0,0,0,"- ","- ",36.7423,-119.81721,FRESNO,FRESNO,-119.81721,36.7423
90394565,2017,2017-02-16,9435,2017-02-11,0126,019648,,6,3,7,1005,0,1,3,,2,181,"SR-180 W/B FROM FULTON STREET","FULTON STREET",500.00,W,N,A,-,Y,,,180,,,,R,,W,Y,2,0,2,1,A,-,01,23152,A,N,F,I,A,A,H,-,D,D,0,,,,,Y,Y,A,01,1,0,1,0,0,0,0,0,0,"- ","- ",36.748759999999997,-119.80139,FRESNO,FRESNO,-119.80139,36.748759999999997
90396830,2017,2017-02-21,9435,2017-01-29,0500,014479,,7,3,9,1000,0,1,3,,1,183,"SR-180 W/B","TEMPERANCE AVE",2112.00,E,N,A,-,Y,,,180,,,,,,W,Y,3,0,1,1,A,-,08,22107,,N,F,A,A,A,H,-,D,D,0,,,,,Y,,A,01,0,1,0,0,0,0,0,0,0,"- ","- ",36.737589999999997,-119.65738,FRESNO,UNINCORPORATED,-119.65740073000001,36.737428430000001
90396921,2017,2017-02-21,9435,2017-02-02,0640,014479,,4,1,7,1005,0,1,3,,2,182,"SR-180 W/B FROM CLOVIS AVENUE S/B","CLOVIS AVE",528.00,W,N,B,-,Y,,,180,,,,R,,W,N,4,0,1,1,A,-,03,22350,,N,F,I,A,B,H,-,C,A,0,,,,,Y,,D,22,0,0,1,0,0,0,0,0,0,"- ","- ",36.75311,-119.70208,FRESNO,FRESNO,-119.70208,36.75311
90397460,2017,2017-02-21,9435,2017-02-15,1620,019369,,3,2,7,1005,0,1,3,,2,181,"SR-180 W/B","FULTON STREET",75.00,E,N,A,-,Y,,,180,,,,,,W,Y,3,0,1,3,A,-,08,22107,,N,B,C,A,A,H,-,A,D,0,,,,,Y,,A,01,0,1,0,0,0,0,0,0,0,"- ","- ",36.74888,-119.80013,FRESNO,FRESNO,-119.80012689,36.748874229999998
90397764,2017,2017-02-22,9435,2017-02-15,0011,015890,,3,3,7,1005,0,1,3,,2,181,"SR-180 W/B TO BLACKSTONE AVE","BLACKSTONE AVE",260.00,W,N,A,-,Y,,,180,,,,R,,W,Y,3,0,1,1,A,-,01,23152,A,N,F,A,A,A,H,-,D,D,0,,,,,Y,Y,A,01,0,1,0,0,0,0,0,0,0,"- ","- ",36.752299999999998,-119.79161999999999,FRESNO,FRESNO,-119.79161999999999,36.752299999999998
90398205,2017,2017-02-22,9435,2017-02-15,0950,012846,,3,1,7,1005,0,1,3,,2,182,"SR-180 E/B","WILLOW AVE",500.00,E,N,A,-,Y,,,180,,,,,,E,Y,4,0,2,1,A,-,08,22107,,N,E,I,A,A,H,-,A,D,0,,,,,Y,,A,01,0,0,2,0,0,0,0,0,0,"- ","- ",36.753369999999997,-119.72553000000001,FRESNO,FRESNO,-119.72552795,36.753431849999998
90400335,2017,2017-02-27,9435,2017-02-18,2240,020680,,6,3,7,1005,0,1,3,,2,182,"SR-180 W/B","CHESTNUT AVE.",1365.00,E,N,B,-,Y,,,180,,,,,,W,Y,4,0,1,1,A,-,08,22107,,N,E,I,A,A,H,-,C,D,0,,,,,Y,,A,01,0,0,1,0,0,0,0,0,0,"- ","- ",36.753810000000001,-119.73134,FRESNO,FRESNO,-119.73132124999999,36.753983519999998
90400807,2017,2017-02-27,9435,2017-02-24,2150,020019,,5,2,9,1000,0,1,3,,1,183,"SR-180 E/B","MCCALL AVE",584.00,W,N,A,-,Y,,,180,,,,,,E,Y,4,0,2,2,A,-,03,22350,,N,C,C,A,A,H,-,C,A,0,,,,,Y,,A,01,0,0,2,0,0,0,0,0,0,"- ","- ",36.735720000000001,-119.61225,FRESNO,UNINCORPORATED,-119.61224985,36.735730689999997
90401538,2017,2017-02-28,9435,2017-02-17,0855,012846,,5,1,7,1005,0,1,3,,2,182,"SR-180 W/B","CLOVIS AVE",2640.00,E,N,C,-,Y,,,180,,,,,,W,Y,4,0,1,1,A,-,08,22107,,N,E,I,A,B,H,-,A,D,0,,,,,Y,,A,01,0,0,1,0,0,0,0,0,0,"- ","- ",36.753369999999997,-119.69152,FRESNO,FRESNO,-119.69152314,36.753413420000001
90404814,2017,2017-03-02,9435,2017-02-24,1605,019980,,5,2,9,1000,0,1,3,,1,183,SR-180,"TRIMMER SPRINGS RD",70.00,W,N,A,-,N,,,180,,,,,,,Y,4,0,1,2,A,-,03,22350,,N,C,C,A,A,H,-,A,D,0,,,,,Y,,A,01,0,0,1,0,0,0,0,0,0,"- ","- ",36.733420000000002,-119.49624,FRESNO,UNINCORPORATED,-119.49623792,36.733455540000001
90405996,2017,2017-03-06,9435,2017-02-24,2320,020078,,5,3,7,1005,0,1,3,,2,181,"SR-180 W/B TO SR-41 N/B","OLIVE AVE",485.00,S,N,A,-,Y,,,180,,,,R,,W,Y,2,0,2,1,A,-,01,23152,A,N,E,I,A,A,H,-,D,D,0,,,,,Y,Y,A,01,1,1,0,0,0,0,0,0,0,"- ","- ",36.756360000000001,-119.77479,FRESNO,FRESNO,-119.77479,36.756360000000001
90408124,2017,2017-03-08,9435,2017-03-05,1125,016507,,7,1,9,1000,0,1,3,,2,184,"STATE ROUTE 180 (KINGS CANYON ROAD)","DUNLAP ROAD",28512.00,E,N,D,-,Y,,,180,,,,,,,Y,3,0,1,1,A,-,08,22107,,N,E,J,A,C,H,-,A,D,0,,,,,Y,,D,22,0,1,0,0,0,0,0,0,0,"- ","- ",36.746690000000001,-119.08789,FRESNO,UNINCORPORATED,-119.08789307000001,36.746730370000002
90408127,2017,2017-03-08,9435,2017-03-01,0705,015468,,3,1,7,1005,0,1,3,,2,181,"SR-180 W/B","FRESNO ST.",1200.00,W,N,A,-,Y,,,180,,,,,,W,N,4,0,2,1,C,-,18,,,N,E,J,A,A,H,-,A,D,0,,,,,Y,,-,"- ",0,0,2,0,0,0,0,0,0,"- ","- ",36.753529999999998,-119.78371,FRESNO,FRESNO,-119.78369834999999,36.75346322
90408147,2017,2017-03-08,9435,2017-03-01,0800,015468,,3,1,7,1005,0,1,3,,2,181,"SR-180 W/B","ABBY ST",325.00,E,N,A,-,Y,,,180,,,,,,W,Y,4,0,1,2,A,-,03,22350,,N,C,C,A,A,H,-,A,D,0,,,,,Y,,A,01,0,0,1,0,0,0,0,0,0,"- ","- ",36.752479999999998,-119.78928000000001,FRESNO,FRESNO,-119.78925886,36.752378890000003
90408488,2017,2017-03-08,9435,2017-02-28,1700,018914,,2,2,7,1005,0,1,3,,2,181,"SR-180 E/B",SR-41,300.00,W,N,A,-,Y,,,180,,,,,,E,Y,4,0,1,4,A,-,03,22350,,N,C,C,A,A,H,-,A,D,0,,,,,Y,,A,07,0,0,1,0,0,0,0,0,0,"- ","- ",36.75421,-119.7764,FRESNO,FRESNO,-119.77639334,36.754150770000003
90409730,2017,2017-03-10,9435,2017-03-03,1725,020082,,5,2,7,1005,0,1,3,,2,181,"SR-180 W/B TO SR-99 N/B","G ST.",800.00,W,N,A,-,Y,,,180,,,,R,,W,Y,4,0,1,4,A,-,03,22350,,N,C,C,A,A,H,-,A,D,0,,,Y,,Y,,A,01,0,0,1,0,0,0,0,0,1,"- ","- ",36.742849999999997,-119.81166,FRESNO,FRESNO,-119.81166,36.742849999999997
90410136,2017,2017-03-10,9435,2017-02-28,0650,015026,,2,1,7,1005,0,1,3,,2,182,"SR-180 E/B TO PEACH AVE","PEACH AVE",100.00,W,N,A,-,Y,,,180,,,,R,,E,Y,4,0,1,2,A,-,03,22350,,N,C,C,A,A,H,-,A,A,0,,,,,Y,,D,22,0,0,1,0,0,0,0,0,0,"- ","- ",36.752209999999998,-119.71962000000001,FRESNO,FRESNO,-119.71962000000001,36.752209999999998
90411962,2017,2017-03-14,9435,2017-03-06,0820,015106,,1,1,9,1000,0,1,3,,1,180,"SR-180 (WHITESBRIDGE AVE.)","SAN MATEO AVE",4220.00,E,N,A,-,Y,,,180,,,,,,,Y,4,0,1,2,A,-,06,21750,,N,B,C,A,A,H,-,A,D,0,,,,,Y,,A,01,0,0,1,0,0,0,0,0,0,"- ","- ",36.734369999999998,-120.29996,FRESNO,UNINCORPORATED,-120.29995999,36.734366250000001
90413382,2017,2017-03-16,9435,2017-03-09,1655,018914,,4,2,7,1005,0,1,3,,2,181,"SR-180 E/B TO SR-168 E/B","FIRST STREET",900.00,E,N,A,-,Y,,,180,,,,R,,E,N,4,0,1,3,A,-,03,22350,,N,C,C,A,A,H,-,A,D,0,,,,,Y,Y,D,22,0,0,1,0,0,0,0,0,0,"- ","- ",36.754620000000003,-119.76945000000001,FRESNO,FRESNO,-119.76945000000001,36.754620000000003
90414189,2017,2017-03-17,9435,2017-03-13,1750,019926,,1,2,7,1005,0,1,3,,2,181,"SR-180 W/B","VAN NESS AVE",20.00,W,N,A,-,Y,,,180,,,,,,W,Y,4,0,1,4,A,-,03,22350,,N,C,C,A,A,H,-,A,D,0,,,,,Y,,A,01,0,0,1,0,0,0,0,0,0,"- ","- ",36.74944,-119.79911,FRESNO,FRESNO,-119.79910296,36.749426960000001
90415303,2017,2017-03-20,9435,2017-03-10,2200,019523,,5,3,7,1005,0,1,3,,2,181,"SR-180 E/B","FIRST STREET",200.00,W,N,A,-,Y,,,180,,,,,,E,Y,3,0,3,2,A,-,07,21658,A,M,C,C,A,A,H,-,D,D,0,,,,,Y,Y,A,08,0,2,1,0,0,0,0,0,0,"- ","- ",36.75461,-119.77319,FRESNO,FRESNO,-119.77318102,36.75453049
90415327,2017,2017-03-20,9435,2017-03-14,0750,015106,,2,1,9,1000,0,1,3,,1,180,"SR-180 (WHITESBRIDGE AVE.)","CORNELIA AVE",240.00,W,N,A,-,Y,,,180,,,,,,,Y,4,0,1,3,A,-,03,22350,,N,C,C,A,A,H,-,A,D,0,,,,,Y,,A,01,0,0,1,0,0,0,0,0,0,"- ","- ",36.73545,-119.88191999999999,FRESNO,UNINCORPORATED,-119.88192019,36.735493839999997
90418819,2017,2017-03-23,9435,2017-03-22,0935,016833,,3,1,9,1000,0,1,3,,1,183,"SR-180 E/B","MCCALL AVE",528.00,W,N,B,-,Y,,,180,,,,,,E,N,4,0,1,2,A,-,03,22350,,N,C,C,A,A,H,-,A,D,0,,,,,Y,,A,07,0,0,1,0,0,0,0,0,0,"- ","- ",36.735599999999998,-119.6121,FRESNO,UNINCORPORATED,-119.61209820000001,36.735728559999998
90419996,2017,2017-03-24,9435,2017-03-14,1634,018609,,2,2,7,1005,0,1,3,,2,182,"SR-180 W/B","MAPLE AVE",245.00,W,N,A,-,Y,,,180,,,,,,W,Y,3,0,1,1,A,-,08,22107,,N,E,I,A,A,H,-,A,D,0,,,,,Y,,A,07,0,1,0,0,0,0,0,0,0,"- ","- ",36.755009999999999,-119.74619,FRESNO,FRESNO,-119.74619,36.755134030000001
90420154,2017,2017-03-24,9435,2017-03-04,1220,017310,,6,1,9,1000,0,1,3,,1,180,"SR-180 E/B TO MARKS AVENUE","MARKS AVE",3168000.00,W,N,A,-,Y,,,180,,,,R,,E,Y,4,0,1,1,A,-,01,23152,A,N,F,A,A,A,H,-,A,D,0,,,,,Y,Y,A,07,0,0,1,0,0,0,0,0,0,"- ","- ",36.73753,-119.84695000000001,FRESNO,UNINCORPORATED,-119.84695000000001,36.73753
90426068,2017,2017-04-03,9435,2017-03-22,0745,012846,,3,1,7,1005,0,1,3,,2,182,"SR-180 W/B","WILLOW AVE",400.00,E,N,A,-,Y,,,180,,,,,,W,N,4,0,2,4,A,-,03,22350,,N,C,C,A,A,H,-,A,D,0,,,,,Y,,A,07,0,0,2,0,0,0,0,0,0,"- ","- ",36.753709999999998,-119.7259,FRESNO,FRESNO,-119.7259007,36.753686989999999
90426694,2017,2017-04-04,9435,2017-03-27,2010,018926,,1,2,9,1000,0,1,3,,1,183,SR-180,"ACADEMY AVE",0.00,,Y,B,-,Y,,,180,,,,,,,Y,2,0,1,1,A,-,08,22107,,N,E,I,A,A,H,-,C,A,0,,,Y,,Y,,C,02,1,0,0,0,0,0,0,0,1,"- ","- ",36.735810000000001,-119.55618,FRESNO,UNINCORPORATED,-119.55617956,36.735919490000001
90426886,2017,2017-04-04,9435,2017-03-28,0840,012846,,2,1,7,1005,0,1,3,,2,182,"SR-180 W/B","WILLOW AVE",472.00,E,N,A,-,Y,,,180,,,,,,W,Y,4,0,2,2,A,-,03,22350,,N,B,C,A,A,H,-,A,D,0,,,,Y,Y,,A,01,0,0,2,0,0,0,0,0,0,"- ","- ",36.753709999999998,-119.72561,FRESNO,FRESNO,-119.72561096,36.753678229999998
90427008,2017,2017-04-04,9435,2017-03-30,0730,016833,,4,1,9,1000,0,1,3,,1,180,SR-180,"YUBA AVE",0.00,,Y,B,-,Y,,,180,,,,,,,Y,4,0,2,2,A,-,12,22450,A,N,D,C,A,A,H,-,A,A,0,,,,,Y,,A,01,0,0,2,0,0,0,0,0,0,"- ","- ",36.734630000000003,-120.16853,FRESNO,UNINCORPORATED,-120.16852996,36.734658009999997
90427774,2017,2017-04-05,9435,2017-04-03,1735,019926,,1,2,7,1005,0,1,3,,2,181,"SR-180 W/B","FULTON ST",400.00,W,N,A,-,Y,,,180,,,,,,W,Y,4,0,1,3,A,-,03,22350,,N,C,C,A,A,H,-,A,D,0,,,,,Y,,D,22,0,0,1,0,0,0,0,0,0,"- ","- ",36.748040000000003,-119.80174,FRESNO,FRESNO,-119.80173193,36.748024739999998
90430875,2017,2017-04-10,9435,2017-03-29,0845,015106,,3,1,7,1005,0,1,3,,2,181,"SR-180 E/B","SR-99 U/C",750.00,E,N,A,-,Y,,,180,,,,,,E,Y,3,0,4,2,A,-,08,22107,,N,E,I,A,A,D,H,A,D,0,,,,,Y,,A,07,0,1,3,0,0,0,0,0,0,"- ","- ",36.743229999999997,-119.81016,FRESNO,FRESNO,-119.81015121,36.743213820000001
90432490,2017,2017-04-12,9435,2017-04-04,1015,015026,,2,1,7,1005,0,1,3,,2,181,"SR-180 E/B","SAN PABLO AVE",501.00,E,N,A,-,Y,,,180,,,,,,E,N,4,0,1,2,A,-,03,22350,,N,C,C,A,A,H,-,A,D,0,,,,,Y,,A,01,0,0,1,0,0,0,0,0,0,"- ","- ",36.751220000000004,-119.7931,FRESNO,FRESNO,-119.79311344,36.75128248
90433363,2017,2017-04-13,9435,2017-04-01,1525,016507,,6,2,9,1000,0,1,3,,2,184,"STATE ROUTE 180","RUTH HILL RD",170.00,W,N,A,-,Y,,,180,,,,,,,Y,2,0,1,2,A,-,06,21751,,N,A,C,A,A,H,-,A,D,0,,,Y,,Y,,A,07,1,0,0,0,0,0,0,0,1,"- ","- ",36.733020000000003,-119.27421,FRESNO,UNINCORPORATED,-119.27420637,36.733006770000003
90433425,2017,2017-04-13,9435,2017-04-07,0635,017310,,5,1,7,1005,0,1,3,,2,182,"SR-180 W/B","ABBY ST",430.00,E,N,C,-,Y,,,180,,,,,,W,Y,4,0,1,1,A,-,08,22107,,N,E,J,A,B,H,-,A,D,0,,,,,Y,,A,01,0,0,1,0,0,0,0,0,0,"- ","- ",36.752749999999999,-119.78776000000001,FRESNO,FRESNO,-119.78774826,36.752693309999998
90436446,2017,2017-04-18,9435,2017-04-02,0825,017310,,7,1,7,1005,0,1,3,,2,181,"SR-180 W/B","SR-99 N/B",200.00,E,N,A,-,Y,,,180,,,,,,W,Y,3,0,2,1,A,-,08,22107,,N,E,I,A,A,H,-,A,D,0,,,,,Y,,A,07,0,2,0,0,0,0,0,0,0,"- ","- ",36.74221,-119.81233,FRESNO,FRESNO,-119.81240035,36.742340910000003
90438661,2017,2017-04-20,9435,2017-04-10,0750,015026,,1,1,7,1005,0,1,3,,2,182,SR-180,"CHESTNUT AVE",20.00,W,N,A,-,Y,,,180,,,,,,,Y,4,0,1,2,A,-,07,21658,A,N,B,C,A,A,H,-,A,D,0,,,,,Y,,A,01,0,0,1,0,0,0,0,0,0,"- ","- ",36.754989999999999,-119.73658,FRESNO,FRESNO,-119.73659026999999,36.75490199
90438948,2017,2017-04-20,9435,2017-04-17,1633,019113,,1,2,7,1005,0,1,3,,2,181,"SR-180 W/B","FULTON AVENUE",1056.00,W,N,B,-,Y,,,180,,,,,,W,N,3,0,1,2,A,-,03,22350,,N,C,C,A,A,D,-,A,D,0,,,,,Y,,A,01,0,1,0,0,0,0,0,0,0,"- ","- ",36.747219999999999,-119.80325999999999,FRESNO,FRESNO,-119.80325834999999,36.747216870000003
90440917,2017,2017-04-24,9435,2017-04-13,1634,020490,,4,2,9,1000,0,1,3,,1,183,"SR-180 W/B","FOWLER AVE",1500.00,W,N,C,-,Y,,,180,,,,,,W,Y,4,0,2,1,A,-,03,22350,,N,E,I,A,B,H,-,A,D,0,,,,,Y,,A,01,0,0,2,0,0,0,0,0,0,"- ","- ",36.753540000000001,-119.68983,FRESNO,UNINCORPORATED,-119.68982971,36.753535970000001
90441211,2017,2017-04-25,9435,2017-04-16,1332,016507,,7,1,9,1000,0,1,3,,2,184,"STATE ROUTE 180","STATE ROUTE 63",6336.00,W,N,A,-,Y,,,180,,,,,,,Y,3,0,2,1,A,-,08,22107,,N,F,A,A,A,H,-,A,D,0,,,,,Y,,D,22,0,1,1,0,0,0,0,0,0,"- ","- ",36.723640000000003,-119.30346,FRESNO,UNINCORPORATED,-119.30347334,36.723723290000002
90442125,2017,2017-04-26,9435,2017-04-20,1853,020193,,4,2,9,1000,0,1,3,,1,183,SR-180,"OLIVER AVE",0.00,,Y,A,-,Y,,,180,,,,,,,Y,3,0,1,2,A,-,09,21802,A,N,D,C,A,A,H,-,B,A,0,,,Y,,Y,,A,07,0,1,0,0,0,0,0,0,1,"- ","- ",36.733519999999999,-119.49911,FRESNO,UNINCORPORATED,-119.49910208999999,36.733639959999998