CASE_ID,ACCIDENT_YEAR,PROC_DATE,JURIS,COLLISION_DATE,COLLISION_TIME,OFFICER_ID,REPORTING_DISTRICT,DAY_OF_WEEK,CHP_SHIFT,POPULATION,CNTY_CITY_LOC,SPECIAL_COND,BEAT_TYPE,CHP_BEAT_TYPE,CITY_DIVISION_LAPD,CHP_BEAT_CLASS,BEAT_NUMBER,PRIMARY_RD,SECONDARY_RD,DISTANCE,DIRECTION,INTERSECTION,WEATHER_1,WEATHER_2,STATE_HWY_IND,CALTRANS_COUNTY,CALTRANS_DISTRICT,STATE_ROUTE,ROUTE_SUFFIX,POSTMILE_PREFIX,POSTMILE,LOCATION_TYPE,RAMP_INTERSECTION,SIDE_OF_HWY,TOW_AWAY,COLLISION_SEVERITY,NUMBER_KILLED,NUMBER_INJURED,PARTY_COUNT,PRIMARY_COLL_FACTOR,PCF_CODE_OF_VIOL,PCF_VIOL_CATEGORY,PCF_VIOLATION,PCF_VIOL_SUBSECTION,HIT_AND_RUN,TYPE_OF_COLLISION,MVIW,PED_ACTION,ROAD_SURFACE,ROAD_COND_1,ROAD_COND_2,LIGHTING,CONTROL_DEVICE,CHP_ROAD_TYPE,PEDESTRIAN_ACCIDENT,BICYCLE_ACCIDENT,MOTORCYCLE_ACCIDENT,TRUCK_ACCIDENT,NOT_PRIVATE_PROPERTY,ALCOHOL_INVOLVED,STWD_VEHTYPE_AT_FAULT,CHP_VEHTYPE_AT_FAULT,COUNT_SEVERE_INJ,COUNT_VISIBLE_INJ,COUNT_COMPLAINT_PAIN,COUNT_PED_KILLED,COUNT_PED_INJURED,COUNT_BICYCLIST_KILLED,COUNT_BICYCLIST_INJURED,COUNT_MC_KILLED,COUNT_MC_INJURED,PRIMARY_RAMP,SECONDARY_RAMP,LATITUDE,LONGITUDE,COUNTY,CITY,POINT_X,POINT_Y
90442164,2017,2017-04-26,9435,2017-04-17,1010,017327,,1,1,7,1005,0,1,3,,2,181,"SR-180 W/B","CEDAR AVENUE",540.00,E,N,B,-,Y,,,180,,,,,,W,Y,4,0,1,1,A,-,08,22107,,N,E,I,A,A,H,-,A,D,0,,,,,Y,,A,01,0,0,1,0,0,0,0,0,0,"- ","- ",36.754989999999999,-119.75212999999999,FRESNO,FRESNO,-119.75212956999999,36.755134230000003
90445360,2017,2017-04-28,9435,2017-04-21,1440,019210,,5,2,7,1005,0,1,3,,2,181,"SR-180 W/B","G ST",100.00,E,N,A,-,Y,,,180,,,,,,W,Y,4,0,2,3,A,-,03,22350,,N,C,C,A,A,H,-,A,D,0,,,,,Y,,A,01,0,0,2,0,0,0,0,0,0,"- ","- ",36.742890000000003,-119.81171000000001,FRESNO,FRESNO,-119.81163574999999,36.742751830000003
90446466,2017,2017-05-01,9435,2017-04-22,1110,016507,,6,1,9,1000,0,1,3,,2,184,"STATE ROUTE 180","DUNLAP RD",27456.00,E,N,A,-,Y,,,180,,,,,,,Y,3,0,2,1,C,-,18,,,N,H,A,A,A,H,-,A,D,0,,,,,Y,,-,"- ",0,2,0,0,0,0,0,0,0,"- ","- ",36.7498,-119.09220000000001,FRESNO,UNINCORPORATED,-119.09211929999999,36.749865630000002
90446567,2017,2018-03-01,9435,2017-04-26,1500,019895,,3,2,9,1000,0,1,3,,1,183,SR-180,"RIO VISTA AVE",1964.00,W,N,A,-,Y,,,180,,,,,,,N,1,1,0,2,A,-,08,22107,,N,B,C,A,A,H,-,A,D,0,,,Y,Y,Y,,O,05,0,0,0,0,0,0,0,1,0,"- ","- ",36.732259999999997,-119.48385999999999,FRESNO,UNINCORPORATED,-119.48385435,36.732321880000001
90447743,2017,2017-05-02,9435,2017-04-27,0720,017327,,4,1,7,1005,0,1,3,,2,182,"SR-180 W/B FROM PEACH AVENUE","PEACH AVENUE",400.00,W,N,A,-,Y,,,180,,,,R,,W,N,4,0,1,3,A,-,03,22350,,N,C,C,A,A,H,-,A,A,0,,,,,Y,,A,07,0,0,1,0,0,0,0,0,0,"- ","- ",36.75376,-119.72116,FRESNO,FRESNO,-119.72116,36.75376
90447953,2017,2017-05-03,9435,2017-05-01,0800,015026,,1,1,7,1005,0,1,3,,2,182,"SR-180 W/B FROM CHESTNUT AVE S/B","CHESTNUT AVE",769.00,W,N,A,-,Y,,,180,,,,R,,W,N,4,0,1,2,A,-,03,22350,,N,C,C,A,A,H,-,A,A,0,,,,,Y,,D,22,0,0,1,0,0,0,0,0,0,"- ","- ",36.755499999999998,-119.73912,FRESNO,FRESNO,-119.73912,36.755499999999998
90448514,2017,2017-05-03,9435,2017-04-28,1345,019369,,5,1,7,1005,0,1,3,,1,180,"SR-180 W/B","MARKS AVE",1584.00,E,N,A,-,Y,,,180,,,,,,W,Y,4,0,1,1,C,-,18,,,N,E,I,A,A,H,-,A,D,0,,,,,Y,,-,"- ",0,0,1,0,0,0,0,0,0,"- ","- ",36.738729999999997,-119.83822000000001,FRESNO,FRESNO,-119.83824577999999,36.738478839999999
90450618,2017,2017-05-08,9435,2017-04-30,1240,016270,,7,1,9,1000,0,3,5,,2,060,"STATE ROUTE 180","HUME LAKE ROAD",10560.00,E,N,A,-,Y,,,180,,,,,,,Y,3,0,2,1,A,-,08,22107,,N,E,I,A,A,H,-,A,D,0,,,,,Y,,A,01,0,1,1,0,0,0,0,0,0,"- ","- ",36.816580000000002,-118.91106000000001,FRESNO,UNINCORPORATED,-118.91106138000001,36.816610449999999
90454611,2017,2017-05-12,9435,2017-05-04,2210,020064,,4,3,7,1005,0,1,3,,2,181,"SR-180 W/B","FIRST STREET",250.00,E,N,A,-,Y,,,180,,,,,,W,Y,4,0,1,1,A,-,08,22107,,N,E,I,A,A,C,-,C,D,0,,,,,Y,,D,22,0,0,1,0,0,0,0,0,0,"- ","- ",36.754980000000003,-119.77204,FRESNO,FRESNO,-119.77203326999999,36.754918979999999
90454685,2017,2017-05-12,9435,2017-05-11,0755,015095,,4,1,7,1005,0,1,3,,2,182,"SR-180 WESTBOUND","PEACH AVENUE",2112.00,E,N,A,-,Y,,,180,,,,,,W,Y,4,0,2,2,A,-,03,22350,,N,C,C,A,A,H,-,A,D,0,,,,,Y,,A,01,0,0,2,0,0,0,0,0,0,"- ","- ",36.753210000000003,-119.71016,FRESNO,FRESNO,-119.71015997000001,36.753211020000002
90455228,2017,2018-10-05,9435,2017-05-06,1430,020314,,6,2,9,1000,0,1,3,,1,180,"SR-180 EASTBOUND","YUBA AVE",280.00,W,N,A,-,Y,,,180,,,,,,E,Y,1,1,0,1,A,-,08,22107,,N,E,I,A,A,H,-,A,D,0,,,,,Y,,A,01,0,0,0,0,0,0,0,0,0,"- ","- ",36.734679999999997,-120.17256999999999,FRESNO,UNINCORPORATED,-120.17256994,36.734649810000001
90456526,2017,2017-05-16,9435,2017-05-08,1730,019926,,1,2,7,1005,0,1,3,,2,181,"SR-180 E/B TO SR-41 N/B",SR-180,120.00,N,N,A,-,Y,,,180,,,,R,,E,Y,4,0,1,2,A,-,03,22350,,N,C,C,A,A,H,-,A,D,0,,,,,Y,,A,01,0,0,1,0,0,0,0,0,0,"- ","- ",36.754950000000001,-119.7758,FRESNO,FRESNO,-119.7758,36.754950000000001
90457093,2017,2017-05-16,9435,2017-05-10,1628,019610,,3,2,9,1000,0,1,3,,1,183,"SR-180 W/B","ACADEMY AVE",5.00,E,N,A,-,Y,,,180,,,,,,W,Y,4,0,1,2,A,-,03,22350,,N,C,C,A,A,H,-,A,A,0,,,,,Y,,A,01,0,0,1,0,0,0,0,0,0,"- ","- ",36.736220000000003,-119.55629999999999,FRESNO,UNINCORPORATED,-119.55630065,36.736186119999999
90457097,2017,2017-05-16,9435,2017-05-08,1510,019895,,1,2,9,1000,0,1,3,,1,183,"SR-180 E/B","MCCALL AVE",100.00,W,N,A,-,Y,,,180,,,,,,E,N,4,0,3,2,A,-,03,22350,,N,C,C,A,A,H,-,A,D,0,,,,,Y,,A,01,0,0,3,0,0,0,0,0,0,"- ","- ",36.735729999999997,-119.61019,FRESNO,UNINCORPORATED,-119.61019,36.735730590000003
90457630,2017,2017-05-17,9435,2017-05-10,1510,019926,,3,2,7,1005,0,1,3,,2,181,"SR-180 E/B TO SR-41 N/B",SR-180,250.00,N,N,A,-,Y,,,180,,,,R,,E,Y,4,0,1,2,A,-,03,22350,,N,C,C,A,A,H,-,A,D,0,,,,,Y,,D,22,0,0,1,0,0,0,0,0,0,"- ","- ",36.756659999999997,-119.77522999999999,FRESNO,FRESNO,-119.77522999999999,36.756659999999997
90458630,2017,2017-07-21,9435,2017-05-13,1950,020592,,6,2,7,1005,0,1,3,,2,181,"SR-180 W/B","FRESNO STREET U/C",250.00,W,N,A,-,Y,,,180,,,,,,W,N,4,0,1,2,D,-,00,,,N,B,C,A,A,H,-,B,D,0,,,,,Y,,-,"- ",0,0,1,0,0,0,0,0,0,"- ","- ",36.753720000000001,-119.78207,FRESNO,FRESNO,-119.78206788,36.753705070000002
90459343,2017,2017-05-19,9435,2017-05-13,0555,017310,,6,3,9,1000,0,1,3,,1,180,"SR180(WHITESBRIDGE AVE) W/B","DICKENSON AVE",2640.00,W,N,A,-,Y,,,180,,,,,,W,N,4,0,1,2,D,-,00,,,N,C,C,A,A,H,-,A,D,0,,,,,Y,,-,"- ",0,0,1,0,0,0,0,0,0,"- ","- ",36.735010000000003,-119.97862000000001,FRESNO,UNINCORPORATED,-119.97861996,36.73499648
90463349,2017,2017-05-25,9435,2017-05-13,1520,019210,,6,2,7,1005,0,1,3,,2,181,"SR-180 W/B","BROADWAY ST",200.00,W,N,A,-,Y,,,180,,,,,,W,Y,2,0,1,2,A,-,03,22350,,N,C,C,A,A,H,-,A,D,0,,,,,Y,,A,01,1,0,0,0,0,0,0,0,0,"- ","- ",36.747059999999998,-119.80362,FRESNO,FRESNO,-119.80360571,36.747033010000003
90463366,2017,2017-05-25,9435,2017-05-17,0812,014363,,3,1,9,1000,0,1,3,,1,183,"STATE ROUTE 180","MCCALL AVENUE",800.00,E,N,B,-,Y,,,180,,,,,,,Y,4,0,1,6,A,-,03,22350,,N,C,C,A,A,H,-,A,D,0,,,,,Y,,A,01,0,0,1,0,0,0,0,0,0,"- ","- ",36.735889999999998,-119.60723,FRESNO,UNINCORPORATED,-119.60723063,36.735983050000002
90463633,2017,2017-05-25,9435,2017-05-20,1730,020082,,6,2,7,1005,0,1,3,,2,181,"SR-180 EASTBOUND","SR41 S/B",58.00,W,N,A,-,Y,,,180,,,,,,E,Y,4,0,1,3,A,-,03,22350,,N,C,C,A,A,H,-,A,D,0,,,,,Y,,A,01,0,0,1,0,0,0,0,0,0,"- ","- ",36.754170000000002,-119.77607,FRESNO,FRESNO,-119.77607190000001,36.754186910000001
90465609,2017,2017-05-26,9435,2017-05-20,1655,020490,,6,2,7,1005,0,1,3,,2,181,"SR-180 E/B","1ST ST",200.00,E,N,A,-,Y,,,180,,,,,,E,Y,3,0,2,2,A,-,07,21658,A,N,C,C,A,A,H,-,A,D,0,,,,,Y,,A,01,0,1,1,0,0,0,0,0,0,"- ","- ",36.754849999999998,-119.76828999999999,FRESNO,FRESNO,-119.76829001,36.754853109999999
90465611,2017,2017-05-26,9435,2017-05-20,1810,020490,,6,2,7,1005,0,1,3,,2,181,"SR-180 E/B","FRESNO ST",200.00,W,N,A,-,Y,,,180,,,,,,E,Y,4,0,2,3,A,-,03,22350,,N,C,C,A,A,H,-,A,D,0,,,,,Y,,A,01,0,0,2,0,0,0,0,0,0,"- ","- ",36.753140000000002,-119.78376,FRESNO,FRESNO,-119.78376784,36.753184939999997
90465627,2017,2017-05-26,9435,2017-05-19,0900,012846,,5,1,7,1005,0,1,3,,2,182,"SR-180 W/B TO CEDAR AVENUE","MAPLE AVE",30.00,W,N,A,-,Y,,,180,,,,R,,W,Y,4,0,1,1,A,-,08,22107,,N,F,A,A,A,H,-,A,A,0,,,,,Y,,A,01,0,0,1,0,0,0,0,0,0,"- ","- ",36.755670000000002,-119.74566,FRESNO,FRESNO,-119.74566,36.755670000000002
90467797,2017,2017-05-31,9435,2017-05-21,2125,020308,,7,2,9,1000,0,1,3,,1,183,"SR-180 W/B","NEWMARK AVE",760.00,E,N,A,-,Y,,,180,,,,,,W,Y,3,0,1,1,A,-,08,22107,,N,E,I,A,A,H,-,D,D,0,,,,,Y,,A,01,0,1,0,0,0,0,0,0,0,"- ","- ",36.735979999999998,-119.5249,FRESNO,UNINCORPORATED,-119.52490425000001,36.735556410000001
90469010,2017,2017-06-01,9435,2017-05-24,0645,015026,,3,1,7,1005,0,1,3,,2,181,"SR-180 W/B","G ST",1412.00,W,N,A,-,Y,,,180,,,,,,W,Y,4,0,2,3,A,-,03,22350,,N,C,C,A,A,H,-,A,D,0,,,,,Y,,A,08,0,0,2,0,0,0,0,0,0,"- ","- ",36.741990000000001,-119.81356,FRESNO,FRESNO,-119.81344645999999,36.741778740000001
90471087,2017,2017-07-14,9461,2017-06-02,1910,019637,,5,2,9,1000,0,1,3,,1,680,"SR-180 (WHITESBRIDGE AVE)","SOUTH SAN BENITO AVE",116.00,E,N,A,-,Y,,,180,,,,,,,Y,2,0,4,2,A,-,01,23152,A,N,A,C,A,A,H,-,A,D,0,,,,,Y,Y,A,01,2,2,0,0,0,0,0,0,0,"- ","- ",36.732280000000003,-120.36114000000001,FRESNO,UNINCORPORATED,-120.3611563,36.732260150000002
90471627,2017,2017-06-06,9435,2017-05-26,2358,018912,,5,3,7,1005,0,1,3,,2,182,"SR-180 W/B FROM CLOVIS AVE S/B","CLOVIS AVE",380.00,W,N,A,-,Y,,,180,,,,R,,W,Y,3,0,1,1,A,-,01,23152,A,N,F,A,A,A,H,-,C,D,0,,,,,Y,Y,A,01,0,1,0,0,0,0,0,0,0,"- ","- ",36.753079999999997,-119.70180000000001,FRESNO,FRESNO,-119.70180000000001,36.753079999999997
90473536,2017,2017-08-01,9435,2017-05-29,1415,019369,,1,2,7,1005,0,1,3,,2,181,"SR-180 W/B","FULTON STREET",800.00,W,N,A,-,Y,,,180,,,,,,W,Y,4,0,2,2,A,-,03,22350,,N,C,C,A,A,D,-,A,D,0,,,,,Y,,A,01,0,0,2,0,0,0,0,0,0,"- ","- ",36.747349999999997,-119.80307999999999,FRESNO,FRESNO,-119.80306398,36.747319740000002
90475587,2017,2017-06-12,9435,2017-06-01,1830,019473,,4,2,7,1005,0,1,3,,2,181,"SR-180 E/B","VAN NESS AVE",206.00,W,N,A,-,Y,,,180,,,,,,E,Y,3,0,1,2,A,-,07,21658,A,N,B,C,A,A,H,-,A,D,0,,,,,Y,,A,01,0,1,0,0,0,0,0,0,0,"- ","- ",36.74879,-119.79964,FRESNO,FRESNO,-119.79965536,36.748819040000001
90476005,2017,2017-06-12,9435,2017-06-01,1515,016270,,4,2,9,1000,0,3,5,,2,060,SR-180,"DUNLAP RD",10560.00,E,N,A,-,Y,,,180,,,,,,,Y,3,0,1,1,A,-,08,22107,,N,H,I,A,A,H,-,A,D,0,,,,,Y,,D,22,0,1,0,0,0,0,0,0,0,"- ","- ",36.760339999999999,-119.12384,FRESNO,UNINCORPORATED,-119.12387436,36.760327009999997
90476114,2017,2017-06-12,9435,2017-06-03,1357,020490,,6,1,9,1000,0,1,3,,1,183,"SR-180 E/B","RAINBOW AVE",100.00,E,N,A,-,Y,,,180,,,,,,E,N,4,0,2,2,A,-,03,22350,,N,C,C,A,A,H,-,A,D,0,,,,,Y,,D,22,0,0,2,0,0,0,0,0,0,"- ","- ",36.733490000000003,-119.49738000000001,FRESNO,UNINCORPORATED,-119.49737826,36.733521289999999
90476139,2017,2017-06-12,9435,2017-06-02,0845,015468,,5,1,9,1000,0,1,3,,1,180,"SR-180 (WHITESBRIDGE AVE)","ROLINDA AVE",8.00,E,N,A,-,Y,,,180,,,,,,,Y,4,0,1,3,A,-,03,22350,,N,C,C,A,A,H,-,A,D,0,,,,,Y,,D,22,0,0,1,0,0,0,0,0,0,"- ","- ",36.73507,-119.96087,FRESNO,UNINCORPORATED,-119.96086998,36.73506699
90479047,2017,2017-06-15,9435,2017-06-07,1500,019369,,3,2,7,1005,0,1,3,,2,181,"SR-180 W/B","ABBY ST",370.00,E,N,A,-,Y,,,180,,,,,,W,Y,4,0,2,4,A,-,03,22350,,N,C,C,A,A,H,-,A,D,0,,,,,Y,,A,01,0,0,2,0,0,0,0,0,0,"- ","- ",36.752670000000002,-119.78791,FRESNO,FRESNO,-119.78790797000001,36.752660230000004
90479429,2017,2017-06-16,9435,2017-06-10,0020,021563,,6,3,7,1005,0,1,3,,2,181,"SR-180 E/B TO ABBY ST.","ABBY ST",230.00,E,N,A,-,Y,,,180,,,,R,,E,Y,3,0,1,2,A,-,01,23152,A,N,C,C,A,A,H,-,C,D,0,,,,,Y,Y,A,01,0,1,0,0,0,0,0,0,0,"- ","- ",36.751959999999997,-119.78861999999999,FRESNO,FRESNO,-119.78861999999999,36.751959999999997
90480322,2017,2018-01-11,9435,2017-05-20,1825,020082,,6,2,9,1000,0,1,3,,1,180,"SR-180 (WHITESBRIDGE AVENUE)","YUBA AVE",2722.00,W,N,A,-,Y,,,180,,,,,,,Y,1,1,2,2,A,-,01,23152,A,N,A,C,A,A,H,-,A,D,0,,,,,Y,Y,A,01,0,1,1,0,0,0,0,0,0,"- ","- ",36.734699999999997,-120.17758000000001,FRESNO,UNINCORPORATED,-120.17757983,36.734638369999999
90480324,2017,2017-06-19,9435,2017-05-28,1200,016507,,7,1,9,1000,0,1,3,,2,184,"STATE ROUTE 180","INDIAN GUIDE ROAD",4224.00,W,N,A,-,Y,,,180,,,,,,,Y,1,1,1,2,A,-,09,21804,A,N,D,C,A,A,H,-,A,D,0,,,Y,,Y,,A,07,0,0,1,0,0,0,0,1,0,"- ","- ",36.740389999999998,-119.24724000000001,FRESNO,UNINCORPORATED,-119.24723428999999,36.740369059999999
90481408,2017,2017-06-20,9435,2017-06-08,1615,020429,,4,2,9,1000,0,1,3,,1,180,"SR-180 E/B","BRAWLEY AVE",1100.00,E,N,A,-,Y,,,180,,,,,,E,Y,4,0,2,4,A,-,03,22350,,N,C,C,E,A,H,-,A,D,0,Y,,,,Y,,D,22,0,0,2,0,1,0,0,0,0,"- ","- ",36.735840000000003,-119.85827999999999,FRESNO,UNINCORPORATED,-119.85830222,36.735904929999997
90482898,2016,2017-06-21,9435,2016-06-21,1731,019926,,2,2,7,1005,0,1,3,,2,182,"SR-180 E/B","PEACH AVE",2640.00,E,N,A,-,Y,,,180,,,,,,E,Y,2,0,1,2,A,-,08,22107,,N,B,C,A,A,H,-,A,D,0,,,,,Y,,D,22,1,0,0,0,0,0,0,0,0,"- ","- ",36.753030000000003,-119.71052,FRESNO,FRESNO,-119.71052152999999,36.752982699999997
90484004,2017,2017-06-22,9435,2017-06-16,0805,012846,,5,1,7,1005,0,1,3,,2,182,"SR-180 E/B TO TEMPERANCE AVENUE S/B","TEMPERANCE AVE",320.00,W,N,A,-,Y,,,180,,,,R,,E,Y,3,0,1,1,A,-,08,22107,,N,F,A,A,A,H,-,A,D,0,,,,,Y,,A,01,0,1,0,0,0,0,0,0,0,"- ","- ",36.738799999999998,-119.66527000000001,FRESNO,FRESNO,-119.66527000000001,36.738799999999998
90486526,2017,2017-06-23,9435,2017-06-18,1648,020122,,7,2,7,1005,0,1,3,,1,180,"SR-180 W/B","CHESTNUT AVE",1500.00,E,N,A,-,Y,,,180,,,,,,W,Y,4,0,1,2,A,-,08,22107,,N,E,I,A,A,H,-,A,D,0,,,,,Y,,A,01,0,0,1,0,0,0,0,0,0,"- ","- ",36.754370000000002,-119.73235,FRESNO,FRESNO,-119.73238866,36.754157059999997
90486653,2017,2017-06-23,9435,2017-06-20,1800,019926,,2,2,7,1005,0,1,3,,2,182,"SR-180 E/B","CLOVIS AVE",900.00,W,N,A,-,Y,,,180,,,,,,E,Y,3,0,1,1,A,-,08,22107,,N,F,A,A,A,H,-,A,D,0,,,,,Y,,D,22,0,1,0,0,0,0,0,0,0,"- ","- ",36.75282,-119.70347,FRESNO,FRESNO,-119.7034748,36.752712019999997
90489990,2017,2017-06-28,9435,2017-06-24,0035,018944,,6,3,7,1005,0,1,3,,2,181,"SR-180 W/B","SR-99 S/B",100.00,E,N,A,-,Y,,,180,,,,,,W,Y,4,0,2,1,A,-,08,22107,,N,E,I,A,A,H,-,C,C,0,,,,,Y,,A,01,0,0,2,0,0,0,0,0,0,"- ","- ",36.742069999999998,-119.81264,FRESNO,FRESNO,-119.81269926,36.742180279999999
90490378,2017,2017-06-29,9435,2017-06-27,1110,012846,,2,1,7,1005,0,1,3,,2,182,"SR-180 W/B","CLOVIS AVE",500.00,W,N,A,-,Y,,,180,,,,,,W,Y,4,0,1,1,A,-,08,22107,,N,E,I,A,A,H,-,A,D,0,,,,,Y,,A,01,0,0,1,0,0,0,0,0,0,"- ","- ",36.752859999999998,-119.70224,FRESNO,FRESNO,-119.70223785,36.752910280000002
90491196,2017,2017-06-30,9435,2017-06-25,0355,018944,,7,3,7,1005,0,1,3,,2,181,"SR-180 E/B TO SR-41 N/B","SR-41 S/B",300.00,W,N,A,-,Y,,,180,,,,R,,E,Y,3,0,1,1,A,-,01,23152,A,N,E,I,A,A,H,-,D,D,0,,,,,Y,Y,A,01,0,1,0,0,0,0,0,0,0,"- ","- ",36.753999999999998,-119.7766,FRESNO,FRESNO,-119.7766,36.753999999999998
90492433,2017,2017-07-03,9435,2017-06-23,1725,018914,,5,2,7,1005,0,1,3,,2,181,"SR-180 E/B","FRESNO STREET",540.00,E,N,A,-,Y,,,180,,,,,,E,Y,4,0,3,2,A,-,03,22350,,N,C,C,A,A,H,-,A,A,0,,,,,Y,,A,01,0,0,3,0,0,0,0,0,0,"- ","- ",36.753729999999997,-119.77957000000001,FRESNO,FRESNO,-119.7795737,36.753758519999998
90493788,2017,2017-07-05,9435,2017-06-26,1745,018914,,1,2,7,1005,0,1,3,,2,181,"SR-180 E/B","H STREET",100.00,W,N,A,-,Y,,,180,,,,,,E,Y,4,0,2,3,A,-,03,22350,,N,C,C,A,A,H,-,A,D,0,,,,,Y,,D,22,0,0,2,0,0,0,0,0,0,"- ","- ",36.744199999999999,-119.8077,FRESNO,FRESNO,-119.80784052999999,36.7444639
90494051,2017,2017-07-05,9435,2017-07-04,2316,018860,,2,3,7,1005,0,1,3,,2,182,SR-180,"FOWLER AVE",936.00,W,N,A,-,Y,,,180,,,,,,,Y,4,0,2,2,A,-,08,22107,,N,A,C,A,A,H,-,C,D,0,,,,,Y,,A,01,0,0,2,0,0,0,0,0,0,"- ","- ",36.753630000000001,-119.6848,FRESNO,FRESNO,-119.68480162,36.753609910000002
90494797,2017,2017-07-06,9435,2017-06-28,1717,019113,,3,2,9,1000,0,1,3,,1,180,SR-180,"DICKENSON AVENUE",700.00,E,N,A,-,N,,,180,,,,,,,Y,3,0,1,2,A,-,09,21804,A,N,D,C,A,A,H,-,A,D,0,,,,,Y,,A,01,0,1,0,0,0,0,0,0,0,"- ","- ",36.73498,-119.96751999999999,FRESNO,UNINCORPORATED,-119.96752026,36.73503316
90494977,2017,2017-07-06,9435,2017-07-03,1809,019895,,1,2,9,1000,0,1,3,,2,182,SR-180,"FOWLER AVE",1240.00,E,N,A,-,Y,,,180,,,,,,,Y,2,0,2,3,A,-,01,23152,A,N,E,I,A,A,H,-,A,D,0,,,,,Y,Y,D,22,1,1,0,0,0,0,0,0,0,"- ","- ",36.751519999999999,-119.67778,FRESNO,UNINCORPORATED,-119.6777658,36.7515517
90497830,2017,2017-07-11,9435,2017-06-30,2144,018912,,5,2,7,1005,0,1,3,,2,182,"STATE ROUTE 180 (EASTBOUND)","WILLOW AVENUE",850.00,W,N,A,-,Y,,,180,,,,,,,Y,3,0,2,1,A,-,08,22107,,N,E,I,A,A,H,-,C,D,0,,,,,Y,,A,01,0,1,1,0,0,0,0,0,0,"- ","- ",36.753430000000002,-119.7303,FRESNO,FRESNO,-119.73028191,36.753624670000001
90498280,2017,2017-07-11,9435,2017-06-30,1640,020429,,5,2,9,1000,0,1,3,,1,180,"SR-180 (WHITESBRIDGE AVENUE)","HAYES AVENUE",0.00,,Y,A,-,Y,,,180,,,,,,,Y,4,0,1,2,A,-,09,21802,A,N,D,C,A,A,H,-,A,A,0,,,,,Y,,D,22,0,0,1,0,0,0,0,0,0,"- ","- ",36.735379999999999,-119.89879999999999,FRESNO,UNINCORPORATED,-119.89880008999999,36.735399870000002
90499681,2017,2017-07-13,9435,2017-07-03,2222,016911,,1,3,9,1000,0,1,3,,1,180,"SR-180 (WHITESBRIDGE AVE)","FLOYD AVE",350.00,W,N,A,-,Y,,,180,,,,,,,Y,4,0,7,4,A,-,03,22350,,N,C,C,A,A,H,-,D,D,0,,,,,Y,,A,01,0,0,7,0,0,0,0,0,0,"- ","- ",36.734949999999998,-119.99293,FRESNO,UNINCORPORATED,-119.99293,36.734965019999997
90501564,2017,2017-07-17,9435,2017-07-10,0535,020060,,1,3,7,1005,0,1,3,,2,181,"SR-180 E/B","VAN NESS AVE",500.00,E,N,A,-,Y,,,180,,,,,,E,Y,3,0,1,2,A,-,08,22107,,N,E,I,A,A,H,-,A,D,0,,,,,Y,,A,01,0,1,0,0,0,0,0,0,0,"- ","- ",36.750019999999999,-119.79819000000001,FRESNO,FRESNO,-119.79801074,36.74965718
90502633,2017,2017-07-18,9435,2017-07-14,1633,020680,,5,2,7,1005,0,1,3,,2,181,"SR-180 W/B TO SR-99 N/B",SR-99,800.00,E,N,A,-,Y,,,180,,,,R,,W,Y,4,0,1,2,A,-,03,22350,,N,C,C,A,A,H,-,A,D,0,,,,,Y,,A,01,0,0,1,0,0,0,0,0,0,"- ","- ",36.742289999999997,-119.81292999999999,FRESNO,FRESNO,-119.81292999999999,36.742289999999997
90502643,2017,2017-07-18,9435,2017-07-14,1405,017489,,5,2,7,1005,0,1,3,,2,181,"SR-180 W/B","BROADWAY AVENUE U/C",528.00,W,N,A,-,Y,,,180,,,,,,W,Y,4,0,2,3,A,-,03,22350,,N,C,C,A,A,H,-,A,D,0,,,,,Y,,A,08,0,0,2,0,0,0,0,0,0,"- ","- ",36.746299999999998,-119.8051,FRESNO,FRESNO,-119.80507605,36.746254749999999
90504001,2017,2017-07-19,9435,2017-07-17,1340,019895,,1,1,9,1000,0,1,3,,1,183,SR-180,"RIO VISTA AVE",15.00,W,N,A,-,Y,,,180,,,,,,,Y,4,0,1,2,A,-,03,22350,,N,C,C,A,A,H,-,A,D,0,,,,,Y,,A,01,0,0,1,0,0,0,0,0,0,"- ","- ",36.731969999999997,-119.47718999999999,FRESNO,UNINCORPORATED,-119.4771901,36.731964939999997
90507985,2017,2017-07-25,9435,2017-07-22,0830,017489,,6,1,7,1005,0,1,3,,2,182,"SR-180 W/B","PEACH AVENUE",528.00,E,N,A,-,Y,,,180,,,,,,W,Y,4,0,1,1,C,-,18,,,N,E,I,A,A,H,-,A,D,0,,,,,Y,,-,"- ",0,0,1,0,0,0,0,0,0,"- ","- ",36.753999999999998,-119.7178,FRESNO,FRESNO,-119.71781651000001,36.753440169999998
90508435,2017,2017-07-26,9435,2017-07-05,1749,019926,,3,2,9,1000,0,1,3,,1,180,"SR-180 (WHITESBRIDGE AVENUE)","YUBA AVENUE",1504.00,W,N,A,-,Y,,,180,,,,,,,Y,1,1,1,2,A,-,08,22107,,N,A,C,A,A,H,-,A,D,0,,,,,Y,,A,01,1,0,0,0,0,0,0,0,0,"- ","- ",36.734639999999999,-120.17376,FRESNO,UNINCORPORATED,-120.17376001,36.734647369999998