CASE_ID,ACCIDENT_YEAR,PROC_DATE,JURIS,COLLISION_DATE,COLLISION_TIME,OFFICER_ID,REPORTING_DISTRICT,DAY_OF_WEEK,CHP_SHIFT,POPULATION,CNTY_CITY_LOC,SPECIAL_COND,BEAT_TYPE,CHP_BEAT_TYPE,CITY_DIVISION_LAPD,CHP_BEAT_CLASS,BEAT_NUMBER,PRIMARY_RD,SECONDARY_RD,DISTANCE,DIRECTION,INTERSECTION,WEATHER_1,WEATHER_2,STATE_HWY_IND,CALTRANS_COUNTY,CALTRANS_DISTRICT,STATE_ROUTE,ROUTE_SUFFIX,POSTMILE_PREFIX,POSTMILE,LOCATION_TYPE,RAMP_INTERSECTION,SIDE_OF_HWY,TOW_AWAY,COLLISION_SEVERITY,NUMBER_KILLED,NUMBER_INJURED,PARTY_COUNT,PRIMARY_COLL_FACTOR,PCF_CODE_OF_VIOL,PCF_VIOL_CATEGORY,PCF_VIOLATION,PCF_VIOL_SUBSECTION,HIT_AND_RUN,TYPE_OF_COLLISION,MVIW,PED_ACTION,ROAD_SURFACE,ROAD_COND_1,ROAD_COND_2,LIGHTING,CONTROL_DEVICE,CHP_ROAD_TYPE,PEDESTRIAN_ACCIDENT,BICYCLE_ACCIDENT,MOTORCYCLE_ACCIDENT,TRUCK_ACCIDENT,NOT_PRIVATE_PROPERTY,ALCOHOL_INVOLVED,STWD_VEHTYPE_AT_FAULT,CHP_VEHTYPE_AT_FAULT,COUNT_SEVERE_INJ,COUNT_VISIBLE_INJ,COUNT_COMPLAINT_PAIN,COUNT_PED_KILLED,COUNT_PED_INJURED,COUNT_BICYCLIST_KILLED,COUNT_BICYCLIST_INJURED,COUNT_MC_KILLED,COUNT_MC_INJURED,PRIMARY_RAMP,SECONDARY_RAMP,LATITUDE,LONGITUDE,COUNTY,CITY,POINT_X,POINT_Y
90509886,2017,2017-07-27,9435,2017-07-25,0650,016833,,2,1,9,1000,0,1,3,,1,180,"SR-180 (WHITESBRIDGE AVE.)","SAN MATEO AVE",2112.00,E,N,A,-,Y,,,180,,,,,,,Y,3,0,1,1,A,-,08,22107,,N,F,A,A,A,H,-,A,D,0,,,,,Y,,A,01,0,1,0,0,0,0,0,0,0,"- ","- ",36.734340000000003,-120.30817,FRESNO,UNINCORPORATED,-120.30817,36.734381589999998
90513072,2017,2017-07-31,9435,2017-07-29,1755,020680,,6,2,7,1005,0,1,3,,2,181,"SR-180 W/B","FULTON ST.",1200.00,W,N,A,-,Y,,,180,,,,,,W,Y,4,0,2,1,A,-,08,22107,,N,E,I,A,A,H,-,A,D,0,,,,,Y,,A,07,0,0,2,0,0,0,0,0,0,"- ","- ",36.746079999999999,-119.80518000000001,FRESNO,FRESNO,-119.80522947,36.746173460000001
90513773,2017,2017-08-01,9435,2017-07-30,1625,016507,,7,2,9,1000,0,1,3,,2,184,"STATE ROUTE 180","GEORGE SMITH RD",3696.00,E,N,A,-,Y,,,180,,,,,,,Y,4,0,2,3,A,-,03,22350,,N,C,C,A,A,H,-,A,D,0,,,,,Y,,D,22,0,0,2,0,0,0,0,0,0,"- ","- ",36.740299999999998,-119.24719,FRESNO,UNINCORPORATED,-119.24721058999999,36.740375520000001
90514532,2017,2017-08-02,9435,2017-07-28,1422,020592,,5,2,7,1005,0,1,3,,2,181,"SR-180 W/B",SR-180,1056.00,W,N,A,-,Y,,,180,,,,,,W,Y,4,0,2,1,A,-,08,22107,,N,E,I,A,A,H,-,A,D,0,,,,,Y,,A,01,0,0,2,0,0,0,0,0,0,"- ","- ",36.753459999999997,-119.78272,FRESNO,FRESNO,-119.78274123,36.753609330000003
90515435,2017,2017-08-03,9435,2017-08-01,0735,016833,,2,1,7,1005,0,1,3,,2,181,"SR-180 E/B",SR-41,528.00,W,N,A,-,Y,,,180,,,,,,E,Y,4,0,1,2,D,-,00,,,N,C,C,A,A,H,-,A,D,0,,,,,Y,,-,"- ",0,0,1,0,0,0,0,0,0,"- ","- ",36.75394,-119.77798,FRESNO,FRESNO,-119.77798322,36.753964809999999
90518780,2017,2017-08-08,9435,2017-08-03,1820,016507,,4,2,9,1000,0,1,3,,2,184,"STATE ROUTE 180","GEORGE SMITH RD",3696.00,E,N,A,-,Y,,,180,,,,,,,Y,3,0,3,1,A,-,03,22350,,N,E,J,A,A,H,-,A,D,0,,,,,Y,,A,07,0,1,2,0,0,0,0,0,0,"- ","- ",36.740200000000002,-119.24735,FRESNO,UNINCORPORATED,-119.24738512,36.740327630000003
90518816,2017,2017-08-08,9435,2017-08-04,1500,020592,,5,2,7,1005,0,1,3,,2,181,"SR-180 W/B","BROADWAY ST U/C",250.00,E,N,B,-,Y,,,180,,,,,,W,Y,4,0,1,3,A,-,03,22350,,N,C,C,A,A,H,-,A,D,0,,,,,Y,,A,01,0,0,1,0,0,0,0,0,0,"- ","- ",36.746670000000002,-119.80363,FRESNO,FRESNO,-119.80377473,36.746943440000003
90519351,2017,2017-08-09,9435,2017-06-12,0850,014547,,1,1,9,1000,0,1,3,,1,183,SR-180,"FOWLER AVENUE",2112.00,W,N,B,-,Y,,,180,,,,,,,Y,1,1,0,2,A,-,08,22107,,N,A,C,A,A,H,-,A,D,0,,,,Y,Y,,A,07,0,0,0,0,0,0,0,0,0,"- ","- ",36.753630000000001,-119.68855000000001,FRESNO,UNINCORPORATED,-119.6885499,36.753628570000004
90521355,2017,2017-08-11,9435,2017-08-04,1455,020680,,5,2,9,1000,0,1,3,,2,184,"SR-180 E/B","WAKEFIELD AVE",1584.00,W,N,B,-,Y,,,180,,,,,,E,Y,4,0,1,1,A,-,08,22107,,N,E,I,A,A,H,-,A,D,0,,,,,Y,,A,07,0,0,1,0,0,0,0,0,0,"- ","- ",36.716929999999998,-119.36199000000001,FRESNO,UNINCORPORATED,-119.36211706,36.716744390000002
90521688,2017,2017-08-11,9435,2017-08-02,0735,014547,,3,1,7,1005,0,1,3,,2,181,"SR-180 W/B TO SR-41 S/B","FIRST STREET",150.00,E,N,B,-,Y,,,180,,,,R,,W,Y,4,0,1,2,A,-,03,22350,,N,C,C,A,A,H,-,A,D,0,,,,,Y,,A,07,0,0,1,0,0,0,0,0,0,"- ","- ",36.755090000000003,-119.77196000000001,FRESNO,FRESNO,-119.77196000000001,36.755090000000003
90523848,2017,2017-08-15,9435,2017-08-06,0240,019385,,7,3,7,1005,0,1,3,,2,181,"SR-180 W/B TO SR-41 N/B","OLIVE AVENUE",350.00,S,N,A,-,Y,,,180,,,,R,,W,Y,3,0,1,1,A,-,01,23152,A,N,E,I,A,A,H,-,C,D,0,,,,,Y,Y,A,01,0,1,0,0,0,0,0,0,0,"- ","- ",36.756569999999996,-119.77495999999999,FRESNO,FRESNO,-119.77495999999999,36.756569999999996
90526351,2017,2017-08-18,9435,2017-08-10,1600,020592,,4,2,7,1005,0,1,3,,2,181,"SR-180 W/B","H STREET",515.00,E,N,A,-,Y,,,180,,,,,,W,N,4,0,1,2,A,-,03,22350,,N,C,C,A,A,H,-,A,D,0,,,,,Y,,D,22,0,0,1,0,0,0,0,0,0,"- ","- ",36.746180000000003,-119.80526999999999,FRESNO,FRESNO,-119.80525846,36.746158199999996
90527063,2017,2017-08-21,9435,2017-08-11,1500,020592,,5,2,7,1005,0,1,3,,2,181,"SR-180 W/B",SR-99,1056.00,E,N,A,-,Y,,,180,,,,,,W,N,4,0,1,2,A,-,03,22350,,N,C,C,A,A,H,-,A,D,0,,,,Y,Y,,G,25,0,0,1,0,0,0,0,0,0,"- ","- ",36.746189999999999,-119.80524,FRESNO,FRESNO,-119.80523089,36.746172799999997
90527080,2017,2017-08-21,9435,2017-08-11,1350,020586,,5,1,7,1005,0,1,3,,2,181,"SR-180 W/B","BROADWAY ST",9.00,W,N,A,-,Y,,,180,,,,,,W,Y,4,0,1,2,A,-,03,22350,,N,C,C,A,A,H,-,A,D,0,,,,,Y,,A,01,0,0,1,0,0,0,0,0,0,"- ","- ",36.747070000000001,-119.80329999999999,FRESNO,FRESNO,-119.80335156,36.747167419999997
90528361,2017,2017-08-22,9435,2017-08-08,1610,016270,,2,2,9,1000,0,3,5,,2,060,"STATE ROUTE 180","MILLWOOD RD",4.00,E,N,A,-,Y,,,180,,,,,,,Y,2,0,1,1,A,-,03,22350,,N,E,I,A,A,H,-,A,D,0,,,Y,,Y,,C,02,1,0,0,0,0,0,0,0,1,"- ","- ",36.747680000000003,-119.05173000000001,FRESNO,UNINCORPORATED,-119.05171435,36.747629920000001
90528383,2017,2017-11-07,9435,2017-08-16,1415,019926,,3,2,7,1005,0,1,3,,2,181,"SR-180 W/B","CEDAR AVE",500.00,W,N,A,-,Y,,,180,,,,,,W,Y,3,0,2,4,A,-,03,22350,,N,C,C,A,A,H,-,A,D,0,,,,Y,Y,,D,22,0,1,1,0,0,0,0,0,0,"- ","- ",36.754860000000001,-119.7565,FRESNO,FRESNO,-119.7565,36.755148310000003
90529127,2017,2017-08-23,9435,2017-08-16,0845,013703,,3,1,9,1000,0,1,3,,1,183,"SR-180 (KINGS CANYON ROAD)","OLIVER AVE",37.00,E,N,A,-,Y,,,180,,,,,,,Y,4,0,2,2,A,-,03,22350,,N,C,C,A,A,H,-,A,D,0,,,,,Y,,A,01,0,0,2,0,0,0,0,0,0,"- ","- ",36.733600000000003,-119.4988,FRESNO,UNINCORPORATED,-119.49879866000001,36.733618069999999
90535105,2017,2017-08-28,9435,2017-08-20,1045,020419,,7,1,9,1000,0,1,3,,1,180,"SR-180 (WHITESBRIDGE AVE)","WESTLAWN AVE",0.00,,Y,A,-,Y,,,180,,,,,,,Y,3,0,1,2,A,-,01,23152,A,N,D,C,A,A,H,-,A,A,0,,,,,Y,Y,D,22,0,1,0,0,0,0,0,0,0,"- ","- ",36.735129999999998,-119.95180999999999,FRESNO,UNINCORPORATED,-119.95180999999999,36.735129110000003
90536866,2017,2017-08-30,9435,2017-08-24,0750,015106,,4,1,7,1005,0,1,3,,2,182,"SR-180 WB","WILLOW AVE. PED O/C",200.00,E,N,A,-,Y,,,180,,,,,,W,N,4,0,1,3,A,-,03,22350,,N,C,C,A,A,H,-,A,D,0,,,,,Y,,A,01,0,0,1,0,0,0,0,0,0,"- ","- ",36.753749999999997,-119.7265,FRESNO,FRESNO,-119.72650136,36.753705170000003
90537658,2017,2017-08-31,9435,2017-08-22,2114,015890,,2,2,9,1000,0,1,3,,1,180,"SR-180 (WHITESBRIDGE AVENUE)","SONOMA AVE",9240.00,W,N,A,-,Y,,,180,,,,,,,Y,2,0,1,1,A,-,01,23152,F,N,F,A,A,A,H,-,D,D,0,,,,,Y,,A,01,1,0,0,0,0,0,0,0,0,"- ","- ",36.734430000000003,-120.27329,FRESNO,UNINCORPORATED,-120.27329008,36.73439844
90537998,2017,2017-08-31,9435,2017-08-24,0740,020586,,4,1,7,1005,0,1,3,,2,181,"SR-180 E/B","ABBY ST",4752.00,E,N,A,-,Y,,,180,,,,,,E,Y,4,0,1,3,A,-,08,22107,,N,B,C,A,A,H,-,A,D,0,,,,,Y,,A,01,0,0,1,0,0,0,0,0,0,"- ","- ",36.752299999999998,-119.78767999999999,FRESNO,FRESNO,-119.7877088,36.752441310000002
90538724,2017,2017-09-01,9435,2017-08-23,1738,019610,,3,2,7,1005,0,1,3,,2,181,"SR-180 E/B","SR-41 N/B",40.00,E,N,A,-,Y,,,180,,,,,,E,Y,3,0,2,4,A,-,03,22350,,N,C,C,A,A,H,-,A,A,0,,,,,Y,,A,01,0,1,1,0,0,0,0,0,0,"- ","- ",36.754269999999998,-119.77539,FRESNO,FRESNO,-119.77539002,36.754270179999999
90539005,2017,2017-09-01,9435,2017-08-25,1750,020854,,5,2,7,1005,0,1,3,,1,180,"SR-180 E/B","BRAWLEY AVENUE",2640.00,E,N,A,-,Y,,,180,,,,,,E,Y,3,0,1,1,A,-,08,22107,,N,F,A,A,A,H,-,A,D,0,,,,,Y,,A,01,0,1,0,0,0,0,0,0,0,"- ","- ",36.73807,-119.85334,FRESNO,FRESNO,-119.85331669,36.737857380000001
90542154,2017,2017-09-06,9435,2017-08-28,2115,019113,,1,2,7,1005,0,1,3,,2,181,"SR-180 W/B","SR-99 N/B",528.00,E,N,A,-,Y,,,180,,,,,,W,Y,3,0,3,2,A,-,01,23152,A,N,C,E,A,A,H,-,C,D,0,,,,,Y,Y,A,01,0,1,2,0,0,0,0,0,0,"- ","- ",36.741370000000003,-119.81462000000001,FRESNO,FRESNO,-119.81452745999999,36.741197810000003
90543453,2017,2017-09-08,9435,2017-08-31,1710,020854,,4,2,7,1005,0,1,3,,2,181,"SR-180 E/B","FRESNO STREET",165.00,E,N,A,-,Y,,,180,,,,,,E,Y,4,0,1,3,A,-,03,22350,,N,C,C,A,A,H,-,A,D,0,,,,,Y,,A,01,0,0,1,0,0,0,0,0,0,"- ","- ",36.753570000000003,-119.78084,FRESNO,FRESNO,-119.7808431,36.753593870000003
90544837,2017,2017-09-11,9435,2017-09-04,1600,016507,,1,2,9,1000,0,1,3,,2,184,"STATE ROUTE 180","CHERRY GAP",2640.00,E,N,A,-,Y,,,180,,,,,,,Y,3,0,1,1,A,-,08,22107,,N,E,I,A,A,H,-,A,D,0,,,,,Y,,A,01,0,1,0,0,0,0,0,0,0,"- ","- ",36.785380000000004,-118.95950999999999,FRESNO,UNINCORPORATED,-118.95959571,36.785385840000004
90546602,2017,2017-09-13,9435,2017-09-05,1700,016507,,2,2,9,1000,0,1,3,,2,184,"STATE ROUTE 180","HUME RD",74448.00,E,N,A,-,Y,,,180,,,,,,,Y,4,0,4,2,A,-,05,21460,A,N,A,C,A,A,H,-,A,D,0,,,,,Y,Y,A,07,0,0,4,0,0,0,0,0,0,"- ","- ",36.810510000000001,-118.81119,FRESNO,UNINCORPORATED,-118.81114672,36.810594209999998
90547863,2017,2017-09-14,9435,2017-09-08,1645,020592,,5,2,7,1005,0,1,3,,2,181,"SR-180 W/B","BROADWAY ST",25.00,W,N,A,-,Y,,,180,,,,,,W,N,4,0,1,3,A,-,03,22350,,N,C,C,A,A,H,-,A,D,0,,,,,Y,,A,01,0,0,1,0,0,0,0,0,0,"- ","- ",36.747329999999998,-119.80314,FRESNO,FRESNO,-119.80311912000001,36.747290560000003
90549591,2017,2017-09-18,9435,2017-09-02,0005,020060,,6,3,9,1000,0,1,3,,1,180,"SR-180 (WHITESBRIDGE AVE)","SAN MATEO AVE",0.00,,Y,A,-,Y,,,180,,,,,,,Y,3,0,1,2,A,-,01,23152,A,N,E,I,A,A,H,-,D,A,0,,,,,Y,Y,A,01,0,1,0,0,0,0,0,0,0,"- ","- ",36.73433,-120.31459,FRESNO,UNINCORPORATED,-120.31459013,36.734342040000001
90549665,2017,2017-10-23,9435,2017-09-08,0735,015095,,5,1,9,1000,0,1,3,,1,183,"SR-180 (KINGS CANYON ROAD)","SMITH AVENUE",2112.00,W,N,A,-,N,,,180,,,,,,,Y,4,0,1,2,A,-,09,21804,A,N,B,C,A,A,H,-,A,D,0,,,,,Y,,D,22,0,0,1,0,0,0,0,0,0,"- ","- ",36.735100000000003,-119.50942000000001,FRESNO,UNINCORPORATED,-119.50942062999999,36.735443220000001
90550761,2017,2017-09-19,9435,2017-09-08,1047,016507,,5,1,9,1000,0,1,3,,2,184,"STATE ROUTE 180 (KINGS CANYON ROAD)","MILLWOOD RD",10.00,W,N,A,-,Y,,,180,,,,,,,Y,2,0,4,1,A,-,08,22107,,N,E,I,A,A,H,-,A,D,0,,,,,Y,,A,07,2,2,0,0,0,0,0,0,0,"- ","- ",36.747480000000003,-119.05201,FRESNO,UNINCORPORATED,-119.05202622,36.747533310000001
90550926,2017,2017-09-20,9435,2017-09-09,0300,020078,,6,3,9,1000,0,1,3,,1,183,"SR-180 E/B","ACADEMY AVE",0.00,,Y,A,-,Y,,,180,,,,,,E,Y,4,0,2,2,A,-,09,21453,C,F,D,C,A,A,H,-,C,A,0,,,,,Y,,A,01,0,0,2,0,0,0,0,0,0,"- ","- ",36.73592,-119.55622,FRESNO,UNINCORPORATED,-119.55622,36.73591965
90551998,2017,2017-09-20,9435,2017-08-31,0745,014547,,4,1,7,1005,0,1,3,,2,181,"SR-180 E/B","FIRST STREET",60.00,E,N,A,-,Y,,,180,,,,,,E,Y,3,0,1,3,A,-,03,22350,,N,C,C,A,A,H,-,A,D,0,,,Y,,Y,,A,07,0,1,0,0,0,0,0,0,1,"- ","- ",36.75441,-119.77288,FRESNO,FRESNO,-119.77289722,36.754562530000001
90552086,2017,2017-09-20,9435,2017-09-06,0745,014547,,3,1,7,1005,0,1,3,,2,182,"SR-180 W/B","MAPLE AVENUE",75.00,E,N,B,-,Y,,,180,,,,,,W,Y,4,0,1,1,A,-,03,22350,,N,E,I,A,A,H,-,A,D,0,,,,,Y,,A,01,0,0,1,0,0,0,0,0,0,"- ","- ",36.75488,-119.74526,FRESNO,FRESNO,-119.74526,36.755134030000001
90552384,2017,2017-09-20,9435,2017-09-07,0745,014547,,4,1,9,1000,0,1,3,,1,183,"SR-180 W/B","FOWLER AVENUE",3168.00,W,N,A,-,Y,,,180,,,,,,W,Y,4,0,1,3,A,-,03,22350,,N,C,C,A,A,H,-,A,D,0,,,,,Y,,A,01,0,0,1,0,0,0,0,0,0,"- ","- ",36.753390000000003,-119.69216,FRESNO,UNINCORPORATED,-119.69215837,36.75336746
90553326,2017,2017-09-21,9435,2017-09-08,1430,020082,,5,2,7,1005,0,1,3,,2,181,"SR-180 WESTBOUND","VAN NESS AVE",410.00,E,N,A,-,Y,,,180,,,,,,W,Y,4,0,1,3,A,-,07,21658,A,N,B,C,A,A,H,-,A,D,0,,,,,Y,,A,01,0,0,1,0,0,0,0,0,0,"- ","- ",36.750140000000002,-119.79755,FRESNO,FRESNO,-119.79756771,36.75018274
90553329,2017,2017-10-30,9435,2017-09-09,1743,020680,,6,2,7,1005,0,1,3,,2,181,"SR-180 W/B","FULTON ST.",450.00,W,N,A,-,Y,,,180,,,,,,W,Y,4,0,2,5,A,-,03,22350,,N,C,C,A,A,H,-,A,D,0,,,,,Y,,A,01,0,0,2,0,0,0,0,0,0,"- ","- ",36.748460000000001,-119.80083999999999,FRESNO,FRESNO,-119.8008552,36.748488719999997
90555869,2017,2017-09-26,9435,2017-09-17,2125,019980,,7,2,7,1005,0,1,3,,2,181,"SR-180 W/B","CEDAR AVE",1500.00,W,N,A,-,Y,,,180,,,,,,W,Y,4,0,2,2,A,-,03,22350,,N,C,C,A,A,H,-,C,D,0,,,,,Y,,A,01,0,0,2,0,0,0,0,0,0,"- ","- ",36.755119999999998,-119.75985,FRESNO,FRESNO,-119.75985,36.755148310000003
90558186,2017,2017-09-28,9435,2017-09-20,1455,018926,,3,2,9,1000,0,1,3,,1,183,"SR-180 W/B","ACADEMY AVE",50.00,E,N,A,-,Y,,,180,,,,,,W,Y,4,0,2,3,A,-,03,22350,,M,C,C,A,A,H,-,A,A,0,,,,,Y,,A,01,0,0,2,0,0,0,0,0,0,"- ","- ",36.736139999999999,-119.55575,FRESNO,UNINCORPORATED,-119.55574931,36.736175469999999
90559522,2017,2017-09-29,9435,2017-09-17,0433,018912,,7,3,7,1005,0,1,3,,2,181,"STATE ROUTE 180 WESTBOUND","STATE ROUTE 41",528.00,W,N,A,-,Y,,,180,,,,,,W,Y,3,0,1,1,A,-,08,22107,,N,E,I,A,A,H,-,C,D,0,,,,,Y,,A,01,0,1,0,0,0,0,0,0,0,"- ","- ",36.754019999999997,-119.77885999999999,FRESNO,FRESNO,-119.77887450999999,36.75414482
90560175,2017,2017-10-02,9435,2017-09-09,2251,018912,,6,3,9,1000,0,1,3,,1,183,"STATE ROUTE 180 (WESTBOUND)","TEMPERANCE AVENUE",3696.00,W,N,A,-,Y,,,180,,,,,,,Y,2,0,2,2,A,-,07,21658,A,F,C,C,A,A,H,-,C,D,0,,,Y,,Y,,A,01,1,1,0,0,0,0,0,0,2,"- ","- ",36.748930000000001,-119.67299,FRESNO,UNINCORPORATED,-119.67300612,36.748911730000003
90562736,2017,2017-10-04,9435,2017-09-30,0433,020062,,6,3,9,1000,0,1,3,,1,183,SR180,"OLIVER AVE",180.00,W,N,A,-,Y,,,180,,,,,,,Y,4,0,1,1,A,-,08,22107,,N,E,I,A,A,H,-,D,D,0,,,,,Y,,A,01,0,0,1,0,0,0,0,0,0,"- ","- ",36.733710000000002,-119.49941,FRESNO,UNINCORPORATED,-119.49941326,36.733660469999997
90563142,2017,2017-10-04,9435,2017-09-27,1715,019926,,3,2,7,1005,0,1,3,,2,181,"SR-180 E/B","DIANA ST",650.00,E,N,A,-,Y,,,180,,,,,,E,Y,4,0,5,4,A,-,03,22350,,N,C,C,A,A,H,-,A,D,0,,,,,Y,,A,01,0,0,5,0,0,0,0,0,0,"- ","- ",36.752949999999998,-119.78493,FRESNO,FRESNO,-119.78493543,36.752981140000003
90566658,2017,2017-10-10,9435,2017-09-22,2317,018912,,5,3,9,1000,0,1,3,,1,183,"STATE ROUTE 180 EASTBOUND","FOWLER AVENUE",12.00,W,N,A,-,Y,,,180,,,,,,E,Y,2,0,1,1,A,-,01,23152,A,N,E,I,A,A,H,-,C,D,0,,,,,Y,Y,A,07,1,0,0,0,0,0,0,0,0,"- ","- ",36.753,-119.68173,FRESNO,UNINCORPORATED,-119.68176237,36.752868360000001
90568361,2017,2017-10-11,9435,2017-10-04,2115,018926,,3,2,9,1000,0,3,5,,2,034,"SR-180 (KINGS CANYON RD.)","RAINBOW RT.",5280.00,E,N,A,-,N,,,180,,,,,,,Y,4,0,1,3,A,-,03,22350,,N,C,C,A,A,H,-,D,D,0,,,,,Y,,A,01,0,0,1,0,0,0,0,0,0,"- ","- ",36.732849999999999,-119.48862,FRESNO,UNINCORPORATED,-119.48862634,36.73279153
90568370,2017,2017-10-11,9435,2017-09-27,0507,016270,,3,3,9,1000,0,1,3,,2,184,"STATE ROUTE 180","PIEDRA RD",0.00,,Y,A,-,Y,,,180,,,,,,,Y,3,0,1,2,A,-,12,22450,A,N,D,C,A,A,H,-,A,D,0,,,Y,,Y,,D,22,0,1,0,0,0,0,0,0,1,"- ","- ",36.729080000000003,-119.46648999999999,FRESNO,UNINCORPORATED,-119.46651387999999,36.72901925
90569272,2017,2017-10-12,9435,2017-10-11,0750,015986,,3,1,7,1005,0,1,3,,1,180,"SR-180 W/B","H ST",150.00,W,N,A,-,Y,,,180,,,,,,W,Y,2,0,1,2,A,-,03,22350,,N,B,C,A,A,H,-,A,D,0,,,,,Y,,A,01,1,0,0,0,0,0,0,0,0,"- ","- ",36.744970000000002,-119.80744,FRESNO,FRESNO,-119.80745383,36.744996129999997
90571351,2017,2017-10-16,9435,2017-10-07,1420,016507,,6,2,9,1000,0,1,3,,2,184,"STATE ROUTE 180 (KINGS CYN ROAD)","STATE ROUTE 63",5808.00,W,N,A,-,Y,,,180,,,,,,,Y,2,0,4,1,A,-,08,22107,,N,E,I,A,A,H,-,A,D,0,,,,,Y,,A,01,1,3,0,0,0,0,0,0,0,"- ","- ",36.723790000000001,-119.30285000000001,FRESNO,UNINCORPORATED,-119.30285517999999,36.723822310000003
90571454,2017,2017-10-16,9435,2017-09-10,0056,018912,,7,3,7,1005,0,1,3,,1,183,"STATE ROUTE 180 EASTBOUND TO PEACH AVE","PEACH AVENUE",740.00,W,N,A,-,Y,,,180,,,,R,,E,Y,1,1,1,1,A,-,03,22350,,N,F,J,A,A,H,-,C,D,0,,,,,Y,,D,22,0,1,0,0,0,0,0,0,0,"- ","- ",36.752310000000001,-119.72042999999999,FRESNO,FRESNO,-119.72042999999999,36.752310000000001
90571533,2017,2017-10-16,9435,2017-08-12,1330,016270,,6,1,9,1000,0,3,5,,2,060,"STATE ROUTE 180 (KINGS CANYON ROAD)","ALTA AVENUE",1085.00,W,N,A,-,Y,,,180,,,,,,,Y,1,1,1,1,A,-,08,22107,,N,F,A,A,A,H,-,A,D,0,,,,,Y,,D,22,0,0,1,0,0,0,0,0,0,"- ","- ",36.719920000000002,-119.3978,FRESNO,UNINCORPORATED,-119.39777779000001,36.719859970000002
90574367,2017,2017-10-19,9435,2017-10-17,1550,019791,,2,2,9,1000,0,1,3,,1,183,"SR-180 E/B","NEWMARK AVE",2000.00,E,N,A,-,N,,,180,,,,,,E,Y,3,0,1,2,A,-,03,22350,,N,C,C,A,A,H,-,A,D,0,,,,,Y,,A,01,0,1,0,0,0,0,0,0,0,"- ","- ",36.735639999999997,-119.5142,FRESNO,UNINCORPORATED,-119.51420141,36.735463850000002
90575169,2017,2017-10-20,9435,2017-10-13,1450,019210,,5,2,7,1005,0,1,3,,2,181,"SR-180 W/B","FULTON ST",300.00,E,N,A,-,Y,,,180,,,,,,W,Y,3,0,4,2,A,-,03,22350,,N,C,C,A,A,H,-,A,D,0,,,,,Y,,A,01,0,1,3,0,0,0,0,0,0,"- ","- ",36.748899999999999,-119.80012000000001,FRESNO,FRESNO,-119.80011078,36.748882930000001
90577336,2017,2017-11-06,9435,2017-10-20,1840,020193,,5,2,9,1000,0,1,3,,1,180,"SR180 (WHITESBRIDGE AVENUE)","LASSEN AVE",0.00,,Y,A,-,Y,,,180,,,,,,,Y,3,0,1,2,A,-,09,21802,A,N,D,C,A,A,H,-,D,A,0,,,,,Y,,D,22,0,1,0,0,0,0,0,0,0,"- ","- ",36.734780000000001,-120.09626,FRESNO,UNINCORPORATED,-120.09625995,36.734728099999998
90577986,2017,2017-10-25,9435,2017-10-13,0222,018944,,5,3,7,1005,0,1,3,,2,181,"SR-180 W/B TO FULTON ST.","FULTON ST.",222.00,W,N,A,-,Y,,,180,,,,R,,W,Y,3,0,1,2,A,-,01,23152,A,N,E,I,A,A,H,-,C,A,0,,,,,Y,Y,A,07,0,1,0,0,0,0,0,0,0,"- ","- ",36.749000000000002,-119.8013,FRESNO,FRESNO,-119.8013,36.749000000000002
90578062,2017,2017-10-25,9435,2017-10-06,0805,014547,,5,1,7,1005,0,1,3,,2,182,"SR-180 W/B FROM PEACH AVENUE","PEACH AVENUE",1100.00,W,N,A,-,Y,,,180,,,,R,,W,Y,3,0,1,2,A,-,03,22350,,N,F,A,A,A,H,-,A,A,0,,,Y,,Y,,C,02,0,1,0,0,0,0,0,0,1,"- ","- ",36.753720000000001,-119.72147,FRESNO,FRESNO,-119.72147,36.753720000000001
90580968,2017,2017-10-27,9435,2017-10-11,1245,014547,,3,1,7,1005,0,1,3,,2,182,"SR-180 E/B TO CLOVIS AVENUE","CLOVIS AVENUE",250.00,W,N,A,-,Y,,,180,,,,R,,E,N,3,0,1,1,A,-,03,22350,,N,F,A,A,A,H,-,A,D,0,,,Y,,Y,,C,02,0,1,0,0,0,0,0,0,1,"- ","- ",36.752090000000003,-119.70122000000001,FRESNO,FRESNO,-119.70122000000001,36.752090000000003
90582730,2017,2017-11-27,9435,2017-10-24,1725,019210,,2,2,7,1005,0,1,3,,2,181,"SR-180 W/B","BROADWAY ST",300.00,E,N,A,-,Y,,,180,,,,,,W,Y,3,0,2,2,A,-,03,22350,,F,C,C,A,A,H,-,A,D,0,,,,,Y,,A,07,0,1,1,0,0,0,0,0,0,"- ","- ",36.747900000000001,-119.80195000000001,FRESNO,FRESNO,-119.80195381999999,36.747907230000003
90583682,2017,2017-10-31,9435,2017-10-26,1715,019210,,4,2,7,1005,0,1,3,,2,181,"SR-180 W/B","BROADWAY ST",300.00,E,N,A,-,Y,,,180,,,,,,W,Y,4,0,3,3,A,-,03,22350,,N,C,C,A,A,H,-,A,D,0,,,,,Y,,A,01,0,0,3,0,0,0,0,0,0,"- ","- ",36.747520000000002,-119.80274,FRESNO,FRESNO,-119.8027281,36.747497510000002