CASE_ID,ACCIDENT_YEAR,PROC_DATE,JURIS,COLLISION_DATE,COLLISION_TIME,OFFICER_ID,REPORTING_DISTRICT,DAY_OF_WEEK,CHP_SHIFT,POPULATION,CNTY_CITY_LOC,SPECIAL_COND,BEAT_TYPE,CHP_BEAT_TYPE,CITY_DIVISION_LAPD,CHP_BEAT_CLASS,BEAT_NUMBER,PRIMARY_RD,SECONDARY_RD,DISTANCE,DIRECTION,INTERSECTION,WEATHER_1,WEATHER_2,STATE_HWY_IND,CALTRANS_COUNTY,CALTRANS_DISTRICT,STATE_ROUTE,ROUTE_SUFFIX,POSTMILE_PREFIX,POSTMILE,LOCATION_TYPE,RAMP_INTERSECTION,SIDE_OF_HWY,TOW_AWAY,COLLISION_SEVERITY,NUMBER_KILLED,NUMBER_INJURED,PARTY_COUNT,PRIMARY_COLL_FACTOR,PCF_CODE_OF_VIOL,PCF_VIOL_CATEGORY,PCF_VIOLATION,PCF_VIOL_SUBSECTION,HIT_AND_RUN,TYPE_OF_COLLISION,MVIW,PED_ACTION,ROAD_SURFACE,ROAD_COND_1,ROAD_COND_2,LIGHTING,CONTROL_DEVICE,CHP_ROAD_TYPE,PEDESTRIAN_ACCIDENT,BICYCLE_ACCIDENT,MOTORCYCLE_ACCIDENT,TRUCK_ACCIDENT,NOT_PRIVATE_PROPERTY,ALCOHOL_INVOLVED,STWD_VEHTYPE_AT_FAULT,CHP_VEHTYPE_AT_FAULT,COUNT_SEVERE_INJ,COUNT_VISIBLE_INJ,COUNT_COMPLAINT_PAIN,COUNT_PED_KILLED,COUNT_PED_INJURED,COUNT_BICYCLIST_KILLED,COUNT_BICYCLIST_INJURED,COUNT_MC_KILLED,COUNT_MC_INJURED,PRIMARY_RAMP,SECONDARY_RAMP,LATITUDE,LONGITUDE,COUNTY,CITY,POINT_X,POINT_Y
90586649,2017,2017-11-03,9435,2017-07-26,1820,017088,,3,2,9,1000,0,1,3,,2,184,"SR-180 (KINGS CANYON ROAD)","HUME ROAD",66000.00,E,N,A,-,Y,,,180,,,,,,,Y,1,2,0,1,A,-,08,22107,,N,E,I,A,A,H,-,A,D,0,,,,,Y,,A,01,0,0,0,0,0,0,0,0,0,"- ","- ",36.824440000000003,-118.82992,FRESNO,UNINCORPORATED,-118.82994112,36.824346949999999
90586841,2017,2017-11-03,9435,2017-10-30,0555,015751,,1,3,7,1005,0,1,3,,2,181,"SR-180 E/B","BLACKSTONE AVE",177.00,W,N,A,-,Y,,,180,,,,,,E,Y,4,0,1,2,A,-,07,21658,A,N,B,C,A,A,H,-,C,D,0,,,,Y,Y,,A,07,0,0,1,0,0,0,0,0,0,"- ","- ",36.751710000000003,-119.79152999999999,FRESNO,FRESNO,-119.79151211999999,36.751626850000001
90587956,2017,2017-11-06,9435,2017-10-29,0318,020586,,7,3,9,1000,0,1,3,,1,183,"SR-180 (KINGS CANYON RD)","VENTURA AVE",0.00,,Y,A,-,Y,,,180,,,,,,,Y,2,0,1,1,A,-,01,23152,G,N,E,I,A,A,H,-,D,D,0,,,,,Y,,A,01,1,0,0,0,0,0,0,0,0,"- ","- ",36.7348,-119.50596,FRESNO,UNINCORPORATED,-119.50594442000001,36.734836100000003
90589995,2017,2017-11-08,9435,2017-09-16,0937,014479,,6,1,7,1005,0,1,3,,2,181,"SR-180 E/B","FIRST STREET",2112.00,E,N,A,-,Y,,,180,,,,,,E,Y,3,0,2,2,A,-,03,22350,,N,C,C,A,A,C,-,A,D,0,,,,,Y,,D,22,0,1,1,0,0,0,0,0,0,"- ","- ",36.75515,-119.7658,FRESNO,FRESNO,-119.76579928,36.754859330000002
90591077,2017,2017-11-09,9435,2017-11-02,1602,017842,,4,2,7,1005,0,1,3,,2,181,"SR-180 E/B TO SR-168 E/B","CEDAR AVE",50.00,E,N,B,-,Y,,,180,,,,R,,E,Y,3,0,1,2,A,-,03,22350,,N,C,C,A,A,H,-,A,D,0,,,,,Y,,A,01,0,1,0,0,0,0,0,0,0,"- ","- ",36.75441,-119.75388,FRESNO,FRESNO,-119.75388,36.75441
90591117,2017,2017-11-09,9435,2017-10-30,0645,014363,,1,1,9,1000,0,1,3,,1,183,"STATE ROUTE 180 (KINGS CANYON ROAD)","VENTURA AVENUE",15.00,W,N,A,-,Y,,,180,,,,,,,Y,3,0,1,2,A,-,03,22350,,N,C,C,A,A,H,-,B,D,0,,,,,Y,,A,01,0,1,0,0,0,0,0,0,0,"- ","- ",36.735079999999996,-119.50658,FRESNO,UNINCORPORATED,-119.50657321,36.735097420000002
90591386,2017,2017-11-09,9435,2017-11-03,1120,014547,,5,1,7,1005,0,1,3,,2,181,"SR-180 E/B",SR-41,25.00,E,N,A,-,Y,,,180,,,,,,E,Y,4,0,1,2,A,-,07,21658,A,N,B,C,A,A,H,-,A,D,0,,,,Y,Y,,A,01,0,0,1,0,0,0,0,0,0,"- ","- ",36.754339999999999,-119.77531999999999,FRESNO,FRESNO,-119.77531248,36.754279869999998
90592783,2017,2017-11-13,9435,2017-11-02,2110,019210,,4,2,7,1005,0,1,3,,2,181,"SR-180 W/B TO BLACKSTONE AVE","BLACKSTONE AVE",234.00,W,N,A,-,Y,,,180,,,,R,,W,Y,2,0,1,1,A,-,03,22350,,N,F,A,A,A,H,-,A,D,0,,,Y,,Y,,C,02,1,0,0,0,0,0,0,0,1,"- ","- ",36.752249999999997,-119.79165999999999,FRESNO,FRESNO,-119.79165999999999,36.752249999999997
90593656,2017,2017-11-14,9435,2017-11-06,1725,020733,,1,2,7,1005,0,1,3,,2,181,"SR-180 W/B","FULTON STREET",130.00,E,N,A,-,Y,,,180,,,,,,W,N,4,0,2,2,A,-,03,22350,,N,C,C,A,A,H,-,A,D,0,,,,,Y,Y,A,01,0,0,2,0,0,0,0,0,0,"- ","- ",36.743819999999999,-119.80971,FRESNO,FRESNO,-119.80969611,36.74379416
90593978,2017,2017-11-14,9435,2017-11-07,0550,015468,,2,3,7,1005,0,1,3,,2,181,"SR-180 W/B","G ST",100.00,W,N,A,-,Y,,,180,,,,,,W,Y,4,0,1,2,A,-,07,21658,A,N,B,C,A,A,H,-,A,D,0,,,,,Y,,D,22,0,0,1,0,0,0,0,0,0,"- ","- ",36.743830000000003,-119.8096,FRESNO,FRESNO,-119.80960659,36.743842260000001
90597711,2017,2017-11-20,9435,2017-08-26,0050,018944,,6,3,7,1005,0,1,3,,2,181,"SR-180 W/B TO SR-99 N/B","SR-99 N/B TO SR-180 W/B",400.00,W,N,A,-,Y,,,180,,,,R,,W,Y,1,1,0,4,A,-,11,21956,A,M,E,B,E,A,H,-,D,D,0,Y,,,,Y,Y,N,60,0,0,0,1,0,0,0,0,0,"- ","- ",36.741759999999999,-119.81632,FRESNO,FRESNO,-119.81632,36.741759999999999
90598285,2017,2017-11-20,9435,2017-11-11,1450,020733,,6,2,7,1005,0,1,3,,2,181,"SR-180 E/B","FRESNO STREET",100.00,E,N,A,-,Y,,,180,,,,,,E,N,3,0,1,2,A,-,17,21658,,F,B,C,A,A,H,-,A,D,0,,,Y,,Y,,A,01,0,1,0,0,0,0,0,0,1,"- ","- ",36.753529999999998,-119.78108,FRESNO,FRESNO,-119.78108423,36.753562590000001
90599179,2017,2017-11-21,9435,2017-11-12,0210,020060,,7,3,7,1005,0,1,3,,2,181,"SR-180 W/B TO FULTON ST","FULTON ST",310.00,W,N,A,-,Y,,,180,,,,R,,W,Y,2,0,3,1,A,-,01,23152,A,N,E,I,A,A,H,-,C,D,0,,,,,Y,Y,A,01,1,2,0,0,0,0,0,0,0,"- ","- ",36.74879,-119.80114,FRESNO,FRESNO,-119.80114,36.74879
90600044,2017,2017-11-22,9435,2017-11-12,2252,018609,,7,3,7,1005,0,1,3,,2,182,"SR-180 W/B TO SR-168 E/B","SR-180 W/B",200.00,N,N,A,-,Y,,,180,,,,R,,W,Y,2,0,1,2,A,-,01,23152,A,N,C,C,A,A,H,-,D,D,0,,,,,Y,Y,A,01,1,0,0,0,0,0,0,0,0,"- ","- ",36.755490000000002,-119.74639000000001,FRESNO,FRESNO,-119.74639000000001,36.755490000000002
90600421,2017,2017-11-22,9435,2017-11-11,2202,020586,,6,3,9,1000,0,1,3,,1,183,"SR-180 (KINGS CANYON RD) E/B","LEONARD AVE",0.00,,Y,A,-,Y,,,180,,,,,,E,Y,4,0,1,2,A,-,12,21453,A,M,D,C,A,A,H,-,C,A,0,,,,,Y,,A,01,0,0,1,0,0,0,0,0,0,"- ","- ",36.736460000000001,-119.63678,FRESNO,UNINCORPORATED,-119.63678265,36.73641413
90604947,2017,2017-11-29,9435,2017-11-19,1815,019210,,7,2,7,1005,0,1,3,,2,181,"SR-180 E/B FROM ABBY ST.","ABBY ST.",630.00,E,N,A,-,Y,,,180,,,,R,,E,Y,4,0,1,2,A,-,03,22350,,N,C,C,A,A,H,-,C,D,0,,,,,Y,,A,01,0,0,1,0,0,0,0,0,0,"- ","- ",36.752549999999999,-119.78711,FRESNO,FRESNO,-119.78711,36.752549999999999
90605390,2017,2017-11-29,9435,2017-11-17,1350,018914,,5,1,7,1005,0,1,3,,2,181,"SR-180 W/B TO BLACKSTONE AVENUE","BLACKSTONE AVE.",30.00,W,N,A,-,Y,,,180,,,,R,,W,N,4,0,3,2,A,-,03,22350,,N,C,C,A,A,H,-,A,D,0,,,,,Y,,D,22,0,0,3,0,0,0,0,0,0,"- ","- ",36.752870000000001,-119.79074,FRESNO,FRESNO,-119.79074,36.752870000000001
90609040,2017,2017-12-04,9435,2017-11-21,1527,020193,,2,2,7,1005,0,1,3,,2,181,"SR-180 W/B","BROADWAY ST",500.00,W,N,A,-,Y,,,180,,,,,,W,Y,4,0,2,4,A,-,03,22350,,N,C,C,A,A,H,-,A,D,0,,,,,Y,,D,22,0,0,2,0,0,0,0,0,0,"- ","- ",36.74691,-119.8038,FRESNO,FRESNO,-119.8038083,36.746925670000003
90609121,2017,2017-12-04,9435,2017-11-23,1648,020481,,4,2,7,1005,0,1,3,,2,182,"STATE ROUTE 180 WESTBOUND TO PEACH AVE","PEACH AVENUE",55.00,E,N,A,-,Y,,,180,,,,R,,W,Y,4,0,1,2,A,-,03,22350,,N,C,C,A,A,H,-,D,A,0,,,,,Y,,A,08,0,0,1,0,0,0,0,0,0,"- ","- ",36.753880000000002,-119.71793,FRESNO,FRESNO,-119.71793,36.753880000000002
90610166,2017,2017-12-05,9435,2017-11-23,2142,020064,,4,2,7,1005,0,1,3,,2,181,"SR-180 W/B","H STREET",225.00,W,N,B,-,Y,,,180,,,,,,W,N,4,0,1,2,C,-,18,,,N,C,C,A,D,B,-,D,D,0,,,,,Y,,-,"- ",0,0,1,0,0,0,0,0,0,"- ","- ",36.745190000000001,-119.80709,FRESNO,FRESNO,-119.80708948,36.745189019999998
90611082,2017,2017-12-06,9435,2017-11-24,1618,019113,,5,2,9,1000,0,1,3,,1,180,"SR-180 (WHITESBRIDGE AVENUE)","DICKENSON AVENUE",80.00,W,N,A,-,Y,,,180,,,,,,,N,4,0,2,3,A,-,03,22350,,F,C,C,A,A,H,-,B,D,0,,,,Y,Y,,A,01,0,0,2,0,0,0,0,0,0,"- ","- ",36.735019999999999,-119.97099,FRESNO,UNINCORPORATED,-119.97098999000001,36.735017460000002
90611266,2017,2017-12-06,9435,2017-12-01,1710,019610,,5,2,9,1000,0,1,3,,1,183,"SR 180 (KINGS CANYON ROAD)","TRIMMER SPRINGS RD",528.00,W,N,A,-,Y,,,180,,,,,,,Y,4,0,1,2,A,-,03,22350,,N,C,C,A,A,H,-,D,D,0,,,,,Y,,D,22,0,0,1,0,0,0,0,0,0,"- ","- ",36.733460000000001,-119.49669,FRESNO,UNINCORPORATED,-119.49668871,36.733481959999999
90613011,2017,2017-12-08,9435,2017-12-01,1420,020082,,5,2,9,1000,0,1,3,,1,183,"SR-180 (KINGS CANYON ROAD) EASTBOUND","LEONARD AVE",40.00,E,N,A,-,Y,,,180,,,,,,E,N,4,0,1,2,A,-,03,22350,,F,C,C,A,A,H,-,A,A,0,,,,,Y,,A,07,0,0,1,0,0,0,0,0,0,"- ","- ",36.73648,-119.63733999999999,FRESNO,UNINCORPORATED,-119.63734203,36.736449999999998
90615185,2017,2017-12-12,9435,2017-12-06,0740,015026,,3,1,7,1005,0,1,3,,2,182,"SR-180 W/B","WILLOW AVE",132.00,E,N,A,-,Y,,,180,,,,,,W,N,4,0,1,2,A,-,03,22350,,F,C,C,A,A,H,-,A,D,0,,,,,Y,,A,01,0,0,1,0,0,0,0,0,0,"- ","- ",36.753689999999999,-119.7268,FRESNO,FRESNO,-119.72679927,36.753714189999997
90615476,2017,2017-12-12,9435,2017-12-08,2100,020082,,5,2,7,1005,0,1,3,,2,181,"SR-180 WESTBOUND","H ST",144.00,E,N,A,-,Y,,,180,,,,,,W,N,4,0,1,2,A,-,07,21658,A,F,B,C,A,A,H,-,C,D,0,,,,,Y,,A,01,0,0,1,0,0,0,0,0,0,"- ","- ",36.74559,-119.80632,FRESNO,FRESNO,-119.80632258999999,36.745594879999999
90615614,2017,2017-12-12,9435,2017-08-08,2500,016270,,2,4,9,1000,0,1,3,,2,184,"STATE ROUTE 180 (KINGS CANYON ROAD)","HUME ROAD",63888.00,E,N,A,-,Y,,,180,,,,,,,Y,1,2,0,1,A,-,08,22107,,N,E,I,A,A,H,-,A,D,0,,,,,Y,,A,01,0,0,0,0,0,0,0,0,0,"- ","- ",36.824350000000003,-118.83011999999999,FRESNO,UNINCORPORATED,-118.83011393,36.824328059999999
90617936,2017,2017-12-14,9435,2017-12-14,1040,017088,,4,1,9,1000,0,1,3,,2,184,"SR-180 (KINGS CANYON RD)","SILVER LN",258.00,E,N,A,-,Y,,,180,,,,,,,Y,4,0,1,1,A,-,08,22107,,N,E,I,A,A,H,-,A,D,0,,,,,Y,,A,07,0,0,1,0,0,0,0,0,0,"- ","- ",36.751739999999998,-119.21771,FRESNO,UNINCORPORATED,-119.21764469999999,36.751650210000001
90618076,2017,2017-12-15,9435,2017-12-14,1815,020082,,4,2,7,1005,0,1,3,,2,181,"SR-180 WESTBOUND TO FULTON ST.","SR-180 WESTBOUND",323.00,N,N,A,-,Y,,,180,,,,R,,W,Y,3,0,1,1,A,-,08,22107,,N,E,I,A,A,H,-,C,D,0,,,,,Y,,A,01,0,1,0,0,0,0,0,0,0,"- ","- ",36.748959999999997,-119.80157,FRESNO,FRESNO,-119.80157,36.748959999999997
90618138,2017,2017-12-15,9435,2017-12-12,1722,015751,,2,2,7,1005,0,1,3,,2,181,"SR-180 E/B","FRESNO ST",1056.00,W,N,A,-,Y,,,180,,,,,,E,Y,3,0,1,2,A,-,03,22350,,N,C,C,A,A,H,-,D,D,0,,,,,Y,,A,01,0,1,0,0,0,0,0,0,0,"- ","- ",36.753010000000003,-119.7846,FRESNO,FRESNO,-119.78460502999999,36.75303881
90619045,2017,2017-12-18,9435,2017-12-12,1340,019962,,2,1,9,1000,0,1,3,,1,183,"STATE ROUTE 180 WESTBOUND","MCCALL AVENUE",0.00,,Y,A,-,Y,,,180,,,,,,W,Y,4,0,3,2,A,-,09,21453,C,N,D,C,A,A,H,-,A,A,0,,,,,Y,,A,01,0,0,3,0,0,0,0,0,0,"- ","- ",36.735759999999999,-119.61011999999999,FRESNO,UNINCORPORATED,-119.61011925,36.735988630000001
90619118,2017,2017-12-18,9435,2017-12-14,0615,015095,,4,1,7,1005,0,1,3,,1,180,"SR-180 E/B TO SR-99 S/B",SR-180,75.00,S,N,A,-,Y,,,180,,,,R,,E,Y,3,0,2,3,A,-,03,22350,,N,D,C,A,A,H,-,C,D,0,,,,,Y,,D,22,0,1,1,0,0,0,0,0,0,"- ","- ",36.739959999999996,-119.81285,FRESNO,FRESNO,-119.81285,36.739959999999996
90622557,2017,2017-12-21,9435,2017-12-12,0815,014547,,2,1,7,1005,0,1,3,,2,181,"SR-180 W/B","CEDAR AVENUE",1320.00,W,N,A,-,Y,,,180,,,,,,W,Y,4,0,1,2,A,-,07,21658,A,F,B,C,A,A,H,-,A,D,0,,,,,Y,,D,22,0,0,1,0,0,0,0,0,0,"- ","- ",36.75515,-119.75895,FRESNO,FRESNO,-119.75895,36.75514836
90625981,2017,2017-12-26,9435,2017-10-23,0114,020680,,1,3,7,1005,0,1,3,,2,182,"STATE ROUTE 180 WESTBOUND","WILLOW AVENUE",2.00,W,N,A,-,Y,,,180,,,,,,W,N,1,1,0,3,A,-,11,21956,A,F,G,B,E,A,H,-,C,D,0,Y,,,,Y,,N,60,0,0,0,1,0,0,0,0,0,"- ","- ",36.753779999999999,-119.72745999999999,FRESNO,FRESNO,-119.72746137999999,36.753734229999999
90626295,2017,2017-12-26,9435,2017-12-09,2340,020854,,6,3,9,1000,0,1,3,,1,180,"SR-180 (WHITESBRIDGE AVENUE)","ROLINDA AVENUE",1320.00,E,N,A,-,Y,,,180,,,,,,,Y,4,0,1,2,A,-,01,23152,A,N,E,I,A,A,H,-,D,D,0,,,,Y,Y,Y,A,07,0,0,1,0,0,0,0,0,0,"- ","- ",36.735030000000002,-119.95694,FRESNO,UNINCORPORATED,-119.95694059,36.735095970000003
90626429,2017,2017-12-26,9435,2017-12-16,0155,020592,,6,3,7,1005,0,1,3,,2,182,"SR-180 W/B","WILLOW AVENUE O/C",528.00,W,N,A,-,Y,,,180,,,,,,W,Y,3,0,1,1,A,-,08,22107,,F,E,I,A,A,H,-,D,D,0,,,,,Y,,A,01,0,1,0,0,0,0,0,0,0,"- ","- ",36.753709999999998,-119.72851,FRESNO,FRESNO,-119.72850831,36.753765909999998
90626681,2017,2017-12-26,9435,2017-12-17,1830,019210,,7,2,7,1005,0,1,3,,2,181,"SR-180 W/B","G ST",100.00,E,N,A,-,Y,,,180,,,,,,W,Y,4,0,2,2,A,-,03,22350,,N,C,C,A,A,H,-,A,D,0,,,,,Y,,A,01,0,0,2,0,0,0,0,0,0,"- ","- ",36.744289999999999,-119.80876000000001,FRESNO,FRESNO,-119.80876301000001,36.744295600000001
90629684,2017,2017-12-29,9435,2017-12-22,1718,018926,,5,2,9,1000,0,1,3,,1,183,"SR-180 W/B","BETHEL AVE",32.00,E,N,B,-,Y,,,180,,,,,,W,Y,2,0,3,3,A,-,03,22350,,N,C,C,A,A,H,-,C,A,0,,,,,Y,,A,01,1,0,2,0,0,0,0,0,0,"- ","- ",36.736280000000001,-119.57375,FRESNO,UNINCORPORATED,-119.57375005999999,36.736169189999998
90629825,2017,2017-12-29,9435,2017-12-24,0403,019791,,7,3,9,1000,0,1,3,,1,180,SR-180,"HOWARD AVE",1000.00,E,N,A,-,N,,,180,,,,,,,Y,3,0,1,1,A,-,08,22107,,N,F,A,A,A,H,-,D,D,0,,,,,Y,,A,07,0,1,0,0,0,0,0,0,0,"- ","- ",36.735010000000003,-120.02012999999999,FRESNO,UNINCORPORATED,-120.02013003,36.734958310000003
90631674,2017,2018-01-03,9435,2017-11-23,2250,017518,,4,3,7,1005,0,1,3,,2,181,"SR-180 W/B","G STREET",120.00,E,N,A,-,Y,,,180,,,,,,W,Y,4,0,4,3,A,-,03,22350,,N,C,C,A,A,H,-,C,D,0,,,,,Y,,A,01,0,0,4,0,0,0,0,0,0,"- ","- ",36.744329999999998,-119.80866,FRESNO,FRESNO,-119.80866874,36.74434626
90632153,2017,2018-01-03,9435,2017-12-28,1619,019210,,4,2,7,1005,0,1,3,,2,181,"SR-180 W/B","G ST",100.00,E,N,A,-,Y,,,180,,,,,,W,N,4,0,2,2,A,-,03,22350,,N,C,C,A,A,A,H,B,D,0,,,,,Y,,D,22,0,0,2,0,0,0,0,0,0,"- ","- ",36.744289999999999,-119.80878,FRESNO,FRESNO,-119.80877853,36.744287270000001
90633458,2017,2018-01-04,9435,2017-12-30,2008,018926,,6,2,9,1000,0,1,3,,1,183,"SR-180 (KINGS CANYON RD.) W/B","DEL REY AVE",25.00,W,N,A,-,Y,,,180,,,,,,W,Y,4,0,1,3,A,-,12,22450,A,N,A,C,A,A,H,-,C,A,0,,,,,Y,,D,22,0,0,1,0,0,0,0,0,0,"- ","- ",36.736130000000003,-119.59233,FRESNO,UNINCORPORATED,-119.59232901999999,36.736076830000002
90636571,2018,2018-01-09,9435,2018-01-06,1800,020733,,6,2,7,1005,0,1,3,,2,181,"SR-180 W/B","G STREET",90.00,W,N,A,-,Y,,,180,,,,,,W,N,4,0,1,3,A,-,03,22350,,N,C,C,A,A,H,-,C,D,0,,,,,Y,,A,07,0,0,1,0,0,0,0,0,0,"- ","- ",36.743869781494141,-119.80960083007812,FRESNO,FRESNO,-119.80959320068359,36.743850708007812
90637032,2018,2018-01-10,9435,2018-01-06,1223,016833,,6,1,9,1000,0,1,3,,1,180,"SR-180 (WHITES BRIDGE AVE.)","CORNELIA AVE",0.00,,Y,B,-,Y,,,180,,,,,,,Y,4,0,2,3,A,-,12,22450,A,N,D,C,A,A,H,-,A,A,0,,,,,Y,,A,01,0,0,2,0,0,0,0,0,0,"- ","- ",36.735511779785156,-119.88069152832031,FRESNO,UNINCORPORATED,-119.88069152832031,36.735500335693359
90637492,2018,2018-01-10,9435,2018-01-03,1708,018926,,3,2,9,1000,0,1,3,,1,183,"SR-180 (KINGS CANYON RD.) E/B","BETHEL AVE",21.00,W,N,A,-,Y,,,180,,,,,,E,Y,4,0,2,2,A,-,03,22350,,N,C,C,A,A,H,-,C,A,0,,,,,Y,,A,01,0,0,2,0,0,0,0,0,0,"- ","- ",36.735958099365234,-119.57454681396484,FRESNO,UNINCORPORATED,-119.57454681396484,36.73590087890625
90638320,2017,2018-01-11,9435,2017-12-29,0642,014479,,5,1,9,1000,0,1,3,,1,183,"SR-180 E/B","TEMPERANCE AVE",1584.00,W,N,A,-,Y,,,180,,,,,,E,Y,3,0,1,1,A,-,01,23152,A,N,E,I,A,A,H,-,B,D,0,,,,,Y,Y,D,22,0,1,0,0,0,0,0,0,0,"- ","- ",36.742069999999998,-119.66764000000001,FRESNO,UNINCORPORATED,-119.66759997,36.742110349999997
90640473,2018,2018-01-16,9435,2018-01-08,0915,017489,,1,1,7,1005,0,1,3,,2,181,"SR-180 W/B TO BLACKSTONE AVENUE","BLACKSTONE AVENUE U/C",200.00,W,N,B,C,Y,,,180,,,,R,,W,N,4,0,1,2,A,-,08,22107,,N,D,C,A,B,H,-,A,D,0,,,,,Y,,A,01,0,0,1,0,0,0,0,0,0,"- ","- ",36.752338409423828,-119.79147338867188,FRESNO,FRESNO,-119.79147338867188,36.752338409423828
90640718,2018,2018-01-16,9435,2018-01-09,1000,015468,,2,1,7,1005,0,1,3,,2,181,"SR-180 W/B","ABBY ST",950.00,E,N,C,-,Y,,,180,,,,,,W,Y,4,0,1,1,A,-,08,22107,,N,E,I,A,B,H,-,A,D,0,,,,Y,Y,,G,25,0,0,1,0,0,0,0,0,0,"- ","- ",36.752960205078125,-119.78604125976562,FRESNO,FRESNO,-119.78605651855469,36.753044128417969
90641290,2018,2018-01-17,9435,2018-01-08,1347,020450,,1,1,7,1005,0,1,3,,2,181,"SR-180 E/B","ABBY ST",786.00,E,N,C,-,Y,,,180,,,,,,E,Y,4,0,1,2,A,-,08,22107,,N,D,C,A,B,H,-,A,D,0,,,,,Y,,D,22,0,0,1,0,0,0,0,0,0,"- ","- ",36.752079010009766,-119.78646850585938,FRESNO,FRESNO,-119.78659057617188,36.752670288085938
90642932,2018,2018-01-18,9435,2018-01-12,1520,018944,,5,2,9,1000,0,1,3,,1,183,"SR-180 (KINGS CANYON ROAD)","TRIMMER SPRINGS RD",200.00,W,N,A,-,Y,,,180,,,,,,,Y,4,0,1,3,A,-,03,22350,,N,C,C,A,A,H,-,A,D,0,,,,,Y,,A,07,0,0,1,0,0,0,0,0,0,"- ","- ",36.733428955078125,-119.49643707275391,FRESNO,UNINCORPORATED,-119.49643707275391,36.733467102050781
90645573,2018,2018-01-23,9435,2018-01-16,0715,016270,,2,1,9,1000,0,1,3,,2,184,"STATE ROUTE 180 (KINGS CANYON ROAD)","REED AVENUE",310.00,E,N,B,-,Y,,,180,,,,,,,Y,2,0,2,3,A,-,03,22350,,N,C,C,A,A,H,-,A,D,0,,,,,Y,,A,07,1,1,0,0,0,0,0,0,0,"- ","- ",36.720149993896484,-119.45594024658203,FRESNO,UNINCORPORATED,-119.45594024658203,36.720138549804688
90651108,2018,2018-01-30,9435,2018-01-21,1150,017310,,7,1,9,1000,0,1,3,,1,183,"SR-180 (KINGS CANYON ROAD)","THOMPSON AVE",0.00,,Y,A,-,Y,,,180,,,,,,,Y,2,0,1,2,A,-,09,21802,A,N,D,C,A,A,H,-,A,A,0,,,Y,,Y,,A,01,1,0,0,0,0,0,0,0,1,"- ","- ",36.73583984375,-119.61907196044922,FRESNO,UNINCORPORATED,-119.61907196044922,36.735801696777344
90654024,2018,2018-02-02,9435,2018-01-30,0715,020419,,2,1,7,1005,0,1,3,,2,181,"SR-180 W/B","FRESNO ST",750.00,W,N,A,-,Y,,,180,,,,,,W,Y,3,0,1,2,A,-,03,22350,,N,C,C,A,A,H,-,A,D,0,,,,,Y,,A,01,0,1,0,0,0,0,0,0,0,"- ","- ",36.753490447998047,-119.78359222412109,FRESNO,FRESNO,-119.78359222412109,36.753482818603516
90654068,2018,2018-02-02,9435,2018-01-31,2045,019895,,3,2,9,1000,0,1,3,,1,180,"SR-180 (WHITES BRIDGE AVE)","CHATEAU FRESNO AVE",0.00,,Y,A,-,Y,,,180,,,,,,,Y,4,0,1,2,A,-,03,22350,,N,C,C,A,A,H,-,D,D,0,,,,,Y,,D,22,0,0,1,0,0,0,0,0,0,"- ","- ",36.7352294921875,-119.93408203125,FRESNO,UNINCORPORATED,-119.93408203125,36.735214233398438
90655043,2018,2018-02-05,9435,2018-01-31,1745,016507,,3,2,9,1000,0,1,3,,2,184,"STATE ROUTE 180 (KINGS CANYON ROAD)","REED AVE",1056.00,W,N,A,-,Y,,,180,,,,,,,Y,3,0,1,3,A,-,01,23152,A,N,C,E,A,A,H,-,D,D,0,,,,,Y,Y,D,22,0,1,0,0,0,0,0,0,0,"- ","- ",36.723560333251953,-119.45738983154297,FRESNO,UNINCORPORATED,-119.45745849609375,36.723529815673828
90655079,2018,2018-02-05,9435,2018-02-03,1530,020733,,6,2,7,1005,0,1,3,,2,181,"SR-180 W/B","BROADWAY STREET",670.00,W,N,A,-,Y,,,180,,,,,,W,Y,3,0,1,3,A,-,03,22350,,N,B,C,A,A,H,-,A,D,0,,,,,Y,,A,01,0,1,0,0,0,0,0,0,0,"- ","- ",36.746280670166016,-119.80496215820312,FRESNO,FRESNO,-119.80497741699219,36.746307373046875
90655101,2018,2018-02-05,9435,2018-02-04,1500,020733,,7,2,7,1005,0,1,3,,2,181,"SR-180 W/B","BROADWAY STREET",550.00,W,N,B,-,Y,,,180,,,,,,W,Y,4,0,1,2,A,-,03,22350,,N,C,C,A,A,H,-,A,D,0,,,,,Y,Y,D,22,0,0,1,0,0,0,0,0,0,"- ","- ",36.746490478515625,-119.80465698242188,FRESNO,FRESNO,-119.80465698242188,36.746479034423828
90655968,2018,2018-02-06,9435,2018-01-30,0937,017088,,2,1,9,1000,0,1,3,,2,184,"SR-180 (KINGS CANYON RD)","PIEDRA RD",122.00,E,N,A,-,Y,,,180,,,,,,,N,4,0,1,1,A,-,08,22107,,N,E,I,A,A,H,-,A,D,0,,,,,Y,,A,07,0,0,1,0,0,0,0,0,0,"- ","- ",36.728660583496094,-119.46572875976562,FRESNO,UNINCORPORATED,-119.46571350097656,36.728710174560547
90658999,2018,2018-02-12,9435,2018-02-01,1815,020854,,4,2,7,1005,0,1,3,,2,181,"SR-180 W/B","H STREET",450.00,E,N,A,-,Y,,,180,,,,,,W,Y,2,0,2,3,A,-,03,22350,,N,C,C,A,A,H,-,D,D,0,,,,,Y,,A,01,1,1,0,0,0,0,0,0,0,"- ","- ",36.746120452880859,-119.80534362792969,FRESNO,FRESNO,-119.80533599853516,36.746116638183594