CASE_ID,ACCIDENT_YEAR,PROC_DATE,JURIS,COLLISION_DATE,COLLISION_TIME,OFFICER_ID,REPORTING_DISTRICT,DAY_OF_WEEK,CHP_SHIFT,POPULATION,CNTY_CITY_LOC,SPECIAL_COND,BEAT_TYPE,CHP_BEAT_TYPE,CITY_DIVISION_LAPD,CHP_BEAT_CLASS,BEAT_NUMBER,PRIMARY_RD,SECONDARY_RD,DISTANCE,DIRECTION,INTERSECTION,WEATHER_1,WEATHER_2,STATE_HWY_IND,CALTRANS_COUNTY,CALTRANS_DISTRICT,STATE_ROUTE,ROUTE_SUFFIX,POSTMILE_PREFIX,POSTMILE,LOCATION_TYPE,RAMP_INTERSECTION,SIDE_OF_HWY,TOW_AWAY,COLLISION_SEVERITY,NUMBER_KILLED,NUMBER_INJURED,PARTY_COUNT,PRIMARY_COLL_FACTOR,PCF_CODE_OF_VIOL,PCF_VIOL_CATEGORY,PCF_VIOLATION,PCF_VIOL_SUBSECTION,HIT_AND_RUN,TYPE_OF_COLLISION,MVIW,PED_ACTION,ROAD_SURFACE,ROAD_COND_1,ROAD_COND_2,LIGHTING,CONTROL_DEVICE,CHP_ROAD_TYPE,PEDESTRIAN_ACCIDENT,BICYCLE_ACCIDENT,MOTORCYCLE_ACCIDENT,TRUCK_ACCIDENT,NOT_PRIVATE_PROPERTY,ALCOHOL_INVOLVED,STWD_VEHTYPE_AT_FAULT,CHP_VEHTYPE_AT_FAULT,COUNT_SEVERE_INJ,COUNT_VISIBLE_INJ,COUNT_COMPLAINT_PAIN,COUNT_PED_KILLED,COUNT_PED_INJURED,COUNT_BICYCLIST_KILLED,COUNT_BICYCLIST_INJURED,COUNT_MC_KILLED,COUNT_MC_INJURED,PRIMARY_RAMP,SECONDARY_RAMP,LATITUDE,LONGITUDE,COUNTY,CITY,POINT_X,POINT_Y
90661400,2018,2018-02-14,9435,2018-01-13,1700,019926,,6,2,7,1005,0,1,3,,2,181,"SR-180 W/B","VAN NESS AVENUE",188.00,E,N,A,-,Y,,,180,,,,,,W,N,1,1,0,3,A,-,11,21954,A,N,G,B,D,A,H,-,A,D,0,Y,,,,Y,,N,60,0,0,0,1,0,0,0,0,0,"- ","- ",36.749320983886719,-119.79847717285156,FRESNO,FRESNO,-119.79864501953125,36.749660491943359
90662966,2018,2018-02-16,9435,2018-02-10,0330,019603,,6,3,9,1000,0,1,3,,2,105,"SR-180 E/B","BRAWLEY AVENUE",1500.00,E,N,A,-,Y,,,180,,,,,,E,Y,4,0,1,1,A,-,08,22107,,N,F,A,A,A,H,-,C,D,0,,,,,Y,,D,22,0,0,1,0,0,0,0,0,0,"- ","- ",36.737480163574219,-119.85482025146484,FRESNO,UNINCORPORATED,-119.85483551025391,36.737525939941406
90662976,2018,2018-02-16,9435,2018-02-14,2123,019791,,3,2,9,1000,0,1,3,,1,180,"SR-180 (WHITESBRIDGE AVE.)","SHASTA AVE",377.00,W,N,A,-,Y,,,180,,,,,,,N,3,0,2,2,A,-,03,22350,,N,C,C,A,A,H,-,D,D,0,,,,,Y,,D,22,0,2,0,0,0,0,0,0,0,"- ","- ",36.7347412109375,-120.1068115234375,FRESNO,UNINCORPORATED,-120.1068115234375,36.734710693359375
90663038,2018,2018-02-16,9435,2018-02-12,1515,020854,,1,2,7,1005,0,1,3,,2,181,"SR-180 E/B FROM VAN NESS AVENUE","PARK AVENUE",190.00,W,N,A,-,Y,,,180,,,,R,,E,Y,4,0,1,3,A,-,08,22107,,N,C,C,A,A,H,-,A,A,0,,,,,Y,,A,01,0,0,1,0,0,0,0,0,0,"- ","- ",36.749481201171875,-119.79775238037109,FRESNO,FRESNO,-119.79775238037109,36.749481201171875
90665658,2018,2018-02-21,9435,2018-02-09,1306,015026,,5,1,7,1005,0,1,3,,1,183,"SR-180 W/B","TEMPERANCE AVE",2112.00,W,N,A,-,Y,,,180,,,,,,W,Y,4,0,1,1,A,-,01,23152,A,N,E,I,A,A,H,-,A,D,0,,,,,Y,Y,A,07,0,0,1,0,0,0,0,0,0,"- ","- ",36.744270324707031,-119.66889190673828,FRESNO,FRESNO,-119.66895294189453,36.744220733642578
90665933,2018,2018-02-21,9435,2018-02-15,0652,015095,,4,1,9,1000,0,1,3,,1,183,"SR-180 (KINGS CANYON RD.)","SMITH AVENUE",1056.00,W,N,A,-,Y,,,180,,,,,,,Y,4,0,1,2,A,-,03,22350,,N,C,C,A,A,H,-,A,D,0,,,,,Y,,A,01,0,0,1,0,0,0,0,0,0,"- ","- ",36.734828948974609,-119.50650024414062,FRESNO,UNINCORPORATED,-119.50641632080078,36.735038757324219
90665953,2018,2018-02-21,9435,2018-02-14,1650,020854,,3,2,7,1005,0,1,3,,2,181,"SR-180 E/B","FRESNO STREET",180.00,E,N,A,-,Y,,,180,,,,,,E,N,4,0,1,3,A,-,03,22350,,N,C,C,A,A,H,-,A,D,0,,,,,Y,,A,01,0,0,1,0,0,0,0,0,0,"- ","- ",36.753559112548828,-119.78099822998047,FRESNO,FRESNO,-119.78099822998047,36.753574371337891
90668071,2018,2018-02-23,9435,2018-02-13,0756,015026,,2,1,7,1005,0,1,3,,2,181,"SR-180 W/B TO SR-41 S/B","CEDAR AVE",2112.00,W,N,A,-,Y,,,180,,,,R,,W,Y,4,0,1,2,A,-,08,22107,,N,E,I,A,A,H,-,A,D,0,,,,,Y,,A,01,0,0,1,0,0,0,0,0,0,"- ","- ",36.755439758300781,-119.76252746582031,FRESNO,FRESNO,-119.76252746582031,36.755439758300781
90668195,2018,2018-02-23,9435,2018-02-16,0918,015095,,5,1,9,1000,0,1,3,,1,183,"SR-180 EASTBOUND","ACADEMY AVENUE",60.00,W,N,A,-,Y,,,180,,,,,,E,N,4,0,1,2,A,-,21,22106,,N,C,C,A,A,H,-,A,A,0,,,,,Y,,D,22,0,0,1,0,0,0,0,0,0,"- ","- ",36.736019134521484,-119.55679321289062,FRESNO,UNINCORPORATED,-119.55679321289062,36.735923767089844
90668490,2018,2018-02-23,9435,2018-02-19,1100,017088,,1,1,9,1000,0,1,3,,2,184,"SR-180(KINGS CANYON RD)",NF13S03,3696.00,E,N,B,-,Y,,,180,,,,,,,Y,4,0,2,1,A,-,03,22350,,N,E,I,A,C,H,-,A,D,0,,,,,Y,,A,01,0,0,2,0,0,0,0,0,0,"- ","- ",36.787269592285156,-118.95757293701172,FRESNO,UNINCORPORATED,-118.95761871337891,36.787273406982422
90671640,2018,2018-02-28,9435,2018-02-20,1620,019895,,2,2,9,1000,0,1,3,,1,183,"SR-180 W/B","LEONARD AVE",1000.00,E,N,A,-,Y,,,180,,,,,,W,N,4,0,1,2,A,-,03,22350,,N,C,C,A,A,H,-,A,D,0,,,,,Y,,A,01,0,0,1,0,0,0,0,0,0,"- ","- ",36.736560821533203,-119.63522338867188,FRESNO,UNINCORPORATED,-119.63521575927734,36.736579895019531
90673783,2018,2018-03-02,9435,2018-02-21,0638,014547,,3,1,9,1000,0,1,3,,1,183,"SR-180 E/B","DE WOLF AVENUE",1320.00,W,N,A,-,Y,,,180,,,,,,E,Y,4,0,1,1,D,-,00,,,N,F,A,A,A,H,-,A,D,0,,,,,Y,,-,"- ",0,0,1,0,0,0,0,0,0,"- ","- ",36.736919403076172,-119.64942169189453,FRESNO,UNINCORPORATED,-119.64942169189453,36.736942291259766
90675875,2018,2018-03-06,9435,2018-02-23,1105,015026,,5,1,7,1005,0,1,3,,2,182,"SR-180 E/B TO CLOVIS AVE","CLOVIS AVE",10.00,W,N,A,-,Y,,,180,,,,R,,E,N,4,0,2,2,A,-,21,22106,,N,C,C,A,A,H,-,A,A,0,,,,,Y,,A,01,0,0,2,0,0,0,0,0,0,"- ","- ",36.752010345458984,-119.70057678222656,FRESNO,FRESNO,-119.70057678222656,36.752010345458984
90676455,2018,2018-03-07,9435,2018-02-28,1510,019895,,3,2,9,1000,0,1,3,,1,183,SR-180,"RIO VISTA AVE",75.00,W,N,A,-,Y,,,180,,,,,,,Y,4,0,1,2,A,-,03,22350,,N,C,C,A,A,H,-,A,D,0,,,Y,,Y,,C,02,0,0,1,0,0,0,0,0,1,"- ","- ",36.731960296630859,-119.47731781005859,FRESNO,UNINCORPORATED,-119.47731781005859,36.731967926025391
90676716,2018,2018-03-07,9435,2018-03-02,0710,015095,,5,1,7,1005,0,1,3,,2,182,"SR-180 WESTBOUND","CLOVIS AVE O/C'S EAST EDGE",17.00,W,N,C,-,Y,,,180,,,,,,W,Y,4,0,1,1,A,-,03,22350,,N,E,I,A,B,H,-,A,D,0,,,,,Y,,A,01,0,0,1,0,0,0,0,0,0,"- ","- ",36.752769470214844,-119.70066833496094,FRESNO,FRESNO,-119.70066833496094,36.752841949462891
90679583,2018,2018-03-12,9435,2018-03-04,2015,021031,,7,2,7,1005,0,1,3,,2,181,"SR-180 EASTBOUND TO SR-41","FRESNO STREET",500.00,E,N,A,-,Y,,,180,,,,R,,E,N,4,0,1,2,A,-,07,21658,A,N,C,C,A,A,H,-,C,D,0,,,,,Y,,A,01,0,0,1,0,0,0,0,0,0,"- ","- ",36.752128601074219,-119.77670288085938,FRESNO,FRESNO,-119.77670288085938,36.752128601074219
90680532,2018,2018-03-13,9435,2018-03-06,2139,020062,,2,2,7,1005,0,1,3,,2,181,"SR180 W/B","FULTON ST",1584.00,E,N,A,-,Y,,,180,,,,,,W,Y,3,0,1,2,A,-,01,23152,F,N,C,C,A,A,H,-,D,D,0,,,,,Y,,A,07,0,1,0,0,0,0,0,0,0,"- ","- ",36.751041412353516,-119.79521179199219,FRESNO,FRESNO,-119.79521179199219,36.751052856445312
90681750,2018,2018-03-14,9435,2018-03-10,0506,020586,,6,3,7,1005,0,1,3,,2,181,"SR-180 WB TO SR-99 NB","G ST",2112.00,W,N,A,-,Y,,,180,,,,R,,W,Y,2,0,1,1,A,-,08,22107,,N,F,A,A,A,H,-,D,D,0,,,,,Y,,A,07,1,0,0,0,0,0,0,0,0,"- ","- ",36.741580963134766,-119.81536102294922,FRESNO,FRESNO,-119.81536102294922,36.741580963134766
90683130,2018,2018-03-15,9435,2018-03-11,0625,015095,,7,1,7,1005,0,1,3,,2,182,"SR-180 EASTBOUND","CHESTNUT AVENUE O/C'S EAST EDGE",20.00,W,N,A,-,Y,,,180,,,,,,E,Y,4,0,1,1,A,-,01,23152,A,N,E,I,A,A,H,-,A,D,0,,,,,Y,Y,D,22,0,0,1,0,0,0,0,0,0,"- ","- ",36.754280090332031,-119.73397064208984,FRESNO,FRESNO,-119.73399353027344,36.754165649414062
90684164,2018,2018-03-19,9435,2018-03-12,0950,018049,,1,1,9,1000,0,3,5,,2,010,"SR-180 (WHITESBRIDGE AVE)","CORNELIA AVE",0.00,,Y,A,-,N,,,180,,,,,,,Y,4,0,3,2,A,-,09,21802,A,N,D,C,A,A,H,-,A,A,0,,,,,Y,,A,01,0,0,3,0,0,0,0,0,0,"- ","- ",36.735221862792969,-119.88023376464844,FRESNO,UNINCORPORATED,-119.88022613525391,36.735496520996094
90686650,2018,2018-03-21,9435,2018-03-16,1620,019113,,5,2,7,1005,0,1,3,,2,181,"SR-180 E/B TO SR-168 E/B","FIRST STREET",1584.00,E,N,C,-,Y,,,180,,,,R,,E,N,4,0,1,3,A,-,03,22350,,N,C,C,A,B,H,-,A,D,0,,,,,Y,,A,01,0,0,1,0,0,0,0,0,0,"- ","- ",36.754810333251953,-119.76663208007812,FRESNO,FRESNO,-119.76663208007812,36.754810333251953
90686957,2018,2018-03-21,9435,2018-03-09,1220,014547,,5,1,7,1005,0,1,3,,2,181,"SR-180 W/B","G STREET",50.00,E,N,A,-,Y,,,180,,,,,,W,Y,4,0,1,2,A,-,03,22350,,N,C,C,A,A,D,H,A,D,0,,,,,Y,,A,01,0,0,1,0,0,0,0,0,0,"- ","- ",36.744178771972656,-119.80888366699219,FRESNO,FRESNO,-119.80889892578125,36.744220733642578
90687398,2018,2018-03-22,9435,2018-03-15,1745,015890,,4,2,9,1000,0,1,3,,1,183,"SR-180 E/B","THOMPSON AVE",400.00,E,N,A,-,Y,,,180,,,,,,E,Y,3,0,2,3,A,-,03,22350,,N,C,C,A,A,H,-,A,D,0,,,,,Y,,A,01,0,1,1,0,0,0,0,0,0,"- ","- ",36.735851287841797,-119.61760711669922,FRESNO,UNINCORPORATED,-119.61760711669922,36.735786437988281
90688754,2018,2018-03-23,9435,2018-03-13,1204,015026,,2,1,7,1005,0,1,3,,2,181,"SR-180 E/B TO CLOVIS AVE","CLOVIS AVE",20.00,W,N,B,-,Y,,,180,,,,R,,E,N,4,0,1,3,A,-,03,22350,,N,C,C,A,B,H,-,A,A,0,,,,,Y,,A,01,0,0,1,0,0,0,0,0,0,"- ","- ",36.751998901367188,-119.70053863525391,FRESNO,FRESNO,-119.70053863525391,36.751998901367188
90690734,2018,2018-03-27,9435,2018-03-12,0740,014547,,1,1,7,1005,0,1,3,,2,181,"SR-180 WB TO SR-41 SB","BELMONT AVENUE",1056.00,N,N,B,-,Y,,,180,,,,R,,W,N,4,0,1,2,D,-,00,,,N,C,C,A,A,H,-,A,D,0,,,,,Y,,-,"- ",0,0,1,0,0,0,0,0,0,"- ","- ",36.753311157226562,-119.77639770507812,FRESNO,FRESNO,-119.77639770507812,36.753311157226562
90692541,2018,2018-03-29,9435,2018-03-21,2125,018892,,3,2,9,1000,0,1,3,,1,183,"SR-180 W/B","FOWLER AVE",1056.00,W,N,C,-,Y,,,180,,,,,,W,N,4,0,1,2,A,-,08,22107,,N,B,C,A,B,H,-,D,D,0,,,,,Y,,A,01,0,0,1,0,0,0,0,0,0,"- ","- ",36.753589630126953,-119.68846893310547,FRESNO,UNINCORPORATED,-119.6884765625,36.753635406494141
90692704,2018,2018-03-29,9435,2018-03-21,1913,019791,,3,2,7,1005,0,1,3,,2,181,"SR-180 E/B TO SR-99 S/B",SR-99,600.00,W,N,B,C,Y,,,180,,,,R,,E,Y,3,0,1,1,A,-,01,23152,A,N,E,I,A,B,H,-,E,D,0,,,,,Y,Y,A,07,0,1,0,0,0,0,0,0,0,"- ","- ",36.739208221435547,-119.81730651855469,FRESNO,FRESNO,-119.81730651855469,36.739208221435547
90693157,2018,2018-03-29,9435,2018-03-22,1206,013793,,4,1,7,1005,0,1,3,,2,181,"SR-180 WESTBOUND","G STREET",200.00,E,N,B,-,Y,,,180,,,,,,W,Y,4,0,1,2,A,-,03,22350,,N,C,C,A,A,H,-,A,D,0,,,,,Y,,A,07,0,0,1,0,0,0,0,0,0,"- ","- ",36.744338989257812,-119.80874633789062,FRESNO,FRESNO,-119.80873107910156,36.744312286376953
90696358,2018,2018-04-02,9435,2018-03-25,0715,015986,,7,1,7,1005,0,1,3,,2,181,"SR-180 E/B TO SR-41 S/B","SR-41 S/B",300.00,W,N,A,-,Y,,,180,,,,R,,E,Y,3,0,1,1,A,-,01,23152,A,N,E,I,A,A,H,-,A,D,0,,,,,Y,Y,A,01,0,1,0,0,0,0,0,0,0,"- ","- ",36.753170013427734,-119.77735900878906,FRESNO,FRESNO,-119.77735900878906,36.753170013427734
90697415,2018,2018-04-03,9435,2018-03-31,1936,020429,,6,2,7,1005,0,1,3,,2,181,"SR-180 E/B",SR-41,830.00,E,N,A,-,Y,,,180,,,,,,E,Y,4,0,1,1,A,-,08,22107,,N,E,I,A,A,C,-,B,D,0,,,,,Y,,A,01,0,0,1,0,0,0,0,0,0,"- ","- ",36.755680084228516,-119.76811218261719,FRESNO,FRESNO,-119.76810455322266,36.754852294921875
90698398,2018,2018-04-04,9435,2018-03-28,1255,012846,,3,1,7,1005,0,1,3,,2,181,"SR-180 W/B","G STREET",1240.00,W,N,A,-,Y,,,180,,,,,,W,Y,4,0,1,2,A,-,03,22350,,N,C,C,A,A,H,-,A,D,0,,,,,Y,,A,07,0,0,1,0,0,0,0,0,0,"- ","- ",36.742290496826172,-119.81288146972656,FRESNO,FRESNO,-119.81279754638672,36.742130279541016
90698709,2018,2018-04-04,9435,2018-04-02,1145,017489,,1,1,9,1000,0,1,3,,1,180,SR-180,"SAN MATEO AVENUE",528.00,E,N,A,-,Y,,,180,,,,,,,N,4,0,1,2,A,-,03,22350,,N,C,C,A,A,H,-,A,D,0,,,,,Y,,D,22,0,0,1,0,0,0,0,0,0,"- ","- ",36.734378814697266,-120.31211853027344,FRESNO,UNINCORPORATED,-120.31211853027344,36.734367370605469
90698911,2018,2018-04-04,9435,2018-03-29,1545,018892,,4,2,7,1005,0,1,3,,2,181,"SR-180 W/B","BROADWAY ST",75.00,W,N,A,-,Y,,,180,,,,,,W,Y,3,0,2,4,A,-,03,22350,,N,C,C,A,A,H,-,A,D,0,,,,,Y,,A,07,0,1,1,0,0,0,0,0,0,"- ","- ",36.747249603271484,-119.80320739746094,FRESNO,FRESNO,-119.80320739746094,36.747245788574219
90700432,2018,2018-04-06,9435,2018-03-28,0640,015026,,3,1,7,1005,0,1,3,,1,183,"SR-180 E/B","FOWLER AVE",120.00,E,N,A,-,Y,,,180,,,,,,E,Y,4,0,1,3,A,-,03,22350,,N,C,C,A,A,C,-,A,D,0,,,,,Y,,A,01,0,0,1,0,0,0,0,0,0,"- ","- ",36.752910614013672,-119.68179321289062,FRESNO,FRESNO,-119.68180084228516,36.752876281738281
90700436,2018,2018-04-11,9435,2018-03-28,1130,015026,,3,1,7,1005,0,1,3,,1,180,"SR-180 E/B","MARKS AVE",2112.00,E,N,A,-,Y,,,180,,,,,,E,Y,3,0,4,2,A,-,03,22350,,N,C,C,A,A,H,-,A,D,0,,,,,Y,,A,07,0,1,3,0,0,0,0,0,0,"- ","- ",36.737991333007812,-119.83692932128906,FRESNO,FRESNO,-119.83692932128906,36.738002777099609
90702072,2018,2018-04-10,9435,2018-04-04,0800,015468,,3,1,7,1005,0,1,3,,2,182,"SR-180 W/B TO SR-41 S/B","BELMONT AVE",800.00,N,N,A,-,Y,,,180,,,,R,,W,N,3,0,1,2,A,-,03,22350,,N,C,C,A,A,H,-,A,A,0,,,,,Y,,A,01,0,1,0,0,0,0,0,0,0,"- ","- ",36.752670288085938,-119.77661895751953,FRESNO,FRESNO,-119.77661895751953,36.752670288085938
90704881,2018,2018-04-13,9435,2018-04-07,0930,015986,,6,1,7,1005,0,1,3,,2,181,"SR-180 E/B","FULTON STREET",100.00,E,N,C,-,Y,,,180,,,,,,E,Y,4,0,1,1,A,-,03,22350,,N,E,I,A,B,H,-,A,D,0,,,,,Y,,A,01,0,0,1,0,0,0,0,0,0,"- ","- ",36.748508453369141,-119.80001068115234,FRESNO,FRESNO,-119.80005645751953,36.748603820800781
90707066,2018,2018-04-17,9435,2018-04-10,0739,015026,,2,1,7,1005,0,1,3,,2,182,"SR-180 W/B","PEACH AVE",500.00,E,N,A,-,Y,,,180,,,,,,W,Y,3,0,2,2,A,-,04,21703,,N,C,C,A,A,H,-,A,D,0,,,,,Y,,A,01,0,1,1,0,0,0,0,0,0,"- ","- ",36.753440856933594,-119.71639251708984,FRESNO,FRESNO,-119.71639251708984,36.753398895263672
90710436,2018,2018-04-23,9435,2018-04-13,2127,020078,,5,2,7,1005,0,1,3,,2,181,"SR-180 W/B TO SR-99 N/B","NIELSEN AVE",50.00,S,N,A,-,Y,,,180,,,,R,,W,Y,4,0,2,2,A,-,08,22107,,N,B,E,A,A,H,-,D,D,0,,,,,Y,,A,01,0,0,2,0,0,0,0,0,0,"- ","- ",36.742050170898438,-119.81706237792969,FRESNO,FRESNO,-119.81706237792969,36.742050170898438
90712675,2018,2018-04-25,9435,2018-04-14,0145,015751,,6,3,7,1005,0,1,3,,2,181,"SR-180 W/B TO SR-41 N/B","OLIVE AVE",658.00,S,N,A,-,Y,,,180,,,,R,,W,Y,4,0,1,2,A,-,01,23152,A,M,E,I,A,A,H,-,D,D,0,,,,,Y,Y,A,01,0,0,1,0,0,0,0,0,0,"- ","- ",36.755821228027344,-119.77423858642578,FRESNO,FRESNO,-119.77423858642578,36.755821228027344
90713994,2018,2018-04-26,9435,2018-04-16,1540,018912,,1,2,7,1005,0,1,3,,2,181,"STATE ROUTE 180 (WESTBOUND)","FULTON AVENUE",700.00,W,N,B,-,Y,,,180,,,,,,,Y,3,0,2,3,A,-,03,22350,,N,C,C,A,B,H,-,A,D,0,,,,,Y,,A,01,0,1,1,0,0,0,0,0,0,"- ","- ",36.747329711914062,-119.80300903320312,FRESNO,FRESNO,-119.80301666259766,36.747344970703125
90717700,2018,2018-05-01,9435,2018-04-19,1810,015890,,4,2,9,1000,0,1,3,,1,183,"SR-180 E/B","DEWOLF AVE",0.00,,Y,A,-,Y,,,180,,,,,,E,Y,2,0,3,2,A,-,12,21453,A,N,D,C,A,A,H,-,A,A,0,,,,,Y,,A,01,1,2,0,0,0,0,0,0,0,"- ","- ",36.736961364746094,-119.64592742919922,FRESNO,UNINCORPORATED,-119.64592742919922,36.736927032470703
90718088,2018,2018-05-02,9435,2018-04-24,1659,018892,,2,2,7,1005,0,1,3,,2,181,"SR-180 E/B",SR-41,528.00,W,N,A,-,Y,,,180,,,,,,E,Y,4,0,1,3,A,-,03,22350,,N,C,C,A,A,H,-,A,D,0,,,,,Y,,A,01,0,0,1,0,0,0,0,0,0,"- ","- ",36.753711700439453,-119.77951812744141,FRESNO,FRESNO,-119.77952575683594,36.753765106201172
90718152,2018,2018-05-02,9435,2018-04-25,0635,013793,,3,1,7,1005,0,1,3,,2,182,"SR-180 EASTBOUND","ARMSTRONG AVENUE",140.00,W,N,A,-,Y,,,180,,,,,,E,Y,4,0,2,1,A,-,08,22107,,N,E,I,A,A,H,-,A,D,0,,,,,Y,,D,23,0,0,2,0,0,0,0,0,0,"- ","- ",36.749160766601562,-119.67350769042969,FRESNO,FRESNO,-119.67360687255859,36.749038696289062
90718266,2018,2018-05-02,9435,2018-04-25,1717,020122,,3,2,7,1005,0,1,3,,2,181,"SR-180 E/B","FRESNO ST",530.00,E,N,A,-,Y,,,180,,,,,,E,Y,4,0,2,2,A,-,03,22350,,N,C,C,A,A,H,-,A,D,0,,,,,Y,,A,01,0,0,2,0,0,0,0,0,0,"- ","- ",36.753631591796875,-119.77947998046875,FRESNO,FRESNO,-119.77949523925781,36.753768920898438
90718417,2018,2018-05-02,9435,2018-04-26,1542,019610,,4,2,9,1000,0,1,3,,1,183,"SR-180 E/B","TRIMMER SPRINGS RD",100.00,W,N,A,-,Y,,,180,,,,,,E,Y,4,0,1,3,A,-,03,22350,,N,C,C,A,A,H,-,A,A,0,,,,,Y,,A,01,0,0,1,0,0,0,0,0,0,"- ","- ",36.733421325683594,-119.49675750732422,FRESNO,UNINCORPORATED,-119.49675750732422,36.733486175537109
90718429,2018,2018-05-02,9435,2018-04-26,1655,015890,,4,2,7,1005,0,1,3,,2,181,"SR-180 E/B","FIRST ST",455.00,W,N,A,-,Y,,,180,,,,,,E,Y,3,0,1,1,C,-,18,,,N,H,J,A,A,H,-,A,D,0,,,,,Y,,-,"- ",0,1,0,0,0,0,0,0,0,"- ","- ",36.754470825195312,-119.77388000488281,FRESNO,FRESNO,-119.77388000488281,36.754451751708984
90719099,2018,2018-05-03,9435,2018-04-26,0750,013793,,4,1,7,1005,0,1,3,,2,181,"SR-180 WESTBOUND TO SR-41 SOUTHBOUND","FIRST STREET",260.00,W,N,A,-,Y,,,180,,,,R,,W,N,4,0,1,4,A,-,03,22350,,N,C,C,A,A,H,-,A,D,0,,,,,Y,,A,07,0,0,1,0,0,0,0,0,0,"- ","- ",36.755058288574219,-119.77349853515625,FRESNO,FRESNO,-119.77349853515625,36.755058288574219
90719209,2018,2018-05-03,9435,2018-04-28,1539,020122,,6,2,7,1005,0,1,3,,2,181,"SR-180 E/B","VAN NESS AVE",465.00,E,N,A,-,Y,,,180,,,,,,E,Y,4,0,2,2,A,-,07,21658,,N,B,C,A,A,H,-,A,D,0,,,,,Y,,A,01,0,0,2,0,0,0,0,0,0,"- ","- ",36.749889373779297,-119.79728698730469,FRESNO,FRESNO,-119.79733276367188,36.749988555908203
90719832,2018,2018-05-04,9435,2018-04-29,2340,019210,,7,3,9,1000,0,1,3,,1,180,"SR-180 (WHITESBRIDGE AVE)","SONOMA AVE",4770.00,W,N,A,-,N,,,180,,,,,,,Y,3,0,2,2,A,-,03,22350,,N,D,C,A,A,H,-,D,D,0,,,,Y,Y,,A,01,0,1,1,0,0,0,0,0,0,"- ","- ",36.734409332275391,-120.25771331787109,FRESNO,UNINCORPORATED,-120.25771331787109,36.734367370605469
90719868,2018,2018-05-04,9435,2018-04-25,0754,013793,,3,1,7,1005,0,1,3,,2,181,"SR-180 WESTBOUND","BROADWAY STREET",20.00,W,N,A,-,Y,,,180,,,,,,W,Y,3,0,3,3,A,-,03,22350,,N,C,C,A,A,H,-,A,D,0,,,,,Y,,A,01,0,1,2,0,0,0,0,0,0,"- ","- ",36.747379302978516,-119.80300140380859,FRESNO,FRESNO,-119.80298614501953,36.747360229492188
90720377,2018,2018-05-04,9435,2018-04-18,0903,018823,,3,1,9,1000,0,1,3,,1,180,"SR-180 E/B","YUBA AVE",1584.00,E,N,B,-,Y,,,180,,,,,,E,N,4,0,1,2,A,-,03,22350,,M,C,C,A,A,D,-,A,A,0,,,,,Y,,A,07,0,0,1,0,0,0,0,0,0,"- ","- ",36.734798431396484,-120.16210174560547,FRESNO,UNINCORPORATED,-120.16210174560547,36.734649658203125
90721726,2018,2018-05-08,9435,2018-04-26,1730,018892,,4,2,7,1005,0,1,3,,2,181,"SR-180 E/B","VAN NESS AVE",528.00,W,N,A,-,Y,,,180,,,,,,E,N,4,0,1,2,A,-,03,22350,,F,C,C,A,A,H,-,A,D,0,,,,,Y,,-,99,0,0,1,0,0,0,0,0,0,"- ","- ",36.750869750976562,-119.79493713378906,FRESNO,FRESNO,-119.79492950439453,36.750839233398438
90722115,2018,2018-05-08,9435,2018-05-02,0700,016507,,3,1,9,1000,0,1,3,,2,184,"STATE ROUTE 180 (KINGS CANYON ROAD)","COVE AVE",7920.00,E,N,A,-,Y,,,180,,,,,,,Y,4,0,1,1,A,-,08,22107,,N,E,I,A,A,H,-,A,D,0,,,,,Y,,A,01,0,0,1,0,0,0,0,0,0,"- ","- ",36.720100402832031,-119.31479644775391,FRESNO,UNINCORPORATED,-119.31479644775391,36.720046997070312
90722912,2018,2018-05-09,9435,2018-05-03,1535,019895,,4,2,9,1000,0,1,3,,1,183,SR-180,"RIO VISTA AVE",100.00,E,N,A,-,Y,,,180,,,,,,,Y,4,0,1,2,A,-,16,24002,A,N,A,C,A,A,H,-,A,A,0,,,,,Y,,D,22,0,0,1,0,0,0,0,0,0,"- ","- ",36.731948852539062,-119.47693634033203,FRESNO,UNINCORPORATED,-119.47693634033203,36.731960296630859
90723155,2018,2018-05-09,9435,2018-05-04,1340,015106,,5,1,7,1005,0,1,3,,2,181,"SR-180 EASTBOUND","ABBY ST.",20.00,W,N,A,-,Y,,,180,,,,,,E,Y,3,0,1,2,A,-,03,22350,,N,C,C,A,A,H,-,A,D,0,,,,,Y,,A,07,0,1,0,0,0,0,0,0,0,"- ","- ",36.752048492431641,-119.78945159912109,FRESNO,FRESNO,-119.78945159912109,36.752067565917969