CASE_ID,ACCIDENT_YEAR,PROC_DATE,JURIS,COLLISION_DATE,COLLISION_TIME,OFFICER_ID,REPORTING_DISTRICT,DAY_OF_WEEK,CHP_SHIFT,POPULATION,CNTY_CITY_LOC,SPECIAL_COND,BEAT_TYPE,CHP_BEAT_TYPE,CITY_DIVISION_LAPD,CHP_BEAT_CLASS,BEAT_NUMBER,PRIMARY_RD,SECONDARY_RD,DISTANCE,DIRECTION,INTERSECTION,WEATHER_1,WEATHER_2,STATE_HWY_IND,CALTRANS_COUNTY,CALTRANS_DISTRICT,STATE_ROUTE,ROUTE_SUFFIX,POSTMILE_PREFIX,POSTMILE,LOCATION_TYPE,RAMP_INTERSECTION,SIDE_OF_HWY,TOW_AWAY,COLLISION_SEVERITY,NUMBER_KILLED,NUMBER_INJURED,PARTY_COUNT,PRIMARY_COLL_FACTOR,PCF_CODE_OF_VIOL,PCF_VIOL_CATEGORY,PCF_VIOLATION,PCF_VIOL_SUBSECTION,HIT_AND_RUN,TYPE_OF_COLLISION,MVIW,PED_ACTION,ROAD_SURFACE,ROAD_COND_1,ROAD_COND_2,LIGHTING,CONTROL_DEVICE,CHP_ROAD_TYPE,PEDESTRIAN_ACCIDENT,BICYCLE_ACCIDENT,MOTORCYCLE_ACCIDENT,TRUCK_ACCIDENT,NOT_PRIVATE_PROPERTY,ALCOHOL_INVOLVED,STWD_VEHTYPE_AT_FAULT,CHP_VEHTYPE_AT_FAULT,COUNT_SEVERE_INJ,COUNT_VISIBLE_INJ,COUNT_COMPLAINT_PAIN,COUNT_PED_KILLED,COUNT_PED_INJURED,COUNT_BICYCLIST_KILLED,COUNT_BICYCLIST_INJURED,COUNT_MC_KILLED,COUNT_MC_INJURED,PRIMARY_RAMP,SECONDARY_RAMP,LATITUDE,LONGITUDE,COUNTY,CITY,POINT_X,POINT_Y
90724550,2018,2018-05-11,9435,2018-05-05,0947,015095,,6,1,9,1000,0,1,3,,1,180,"SR-180 EASTBOUND","BRAWLEY AVENUE",1056.00,E,N,A,-,Y,,,180,,,,,,E,Y,4,0,1,2,A,-,01,23152,A,N,C,C,A,A,H,-,A,D,0,,,,Y,Y,Y,A,07,0,0,1,0,0,0,0,0,0,"- ","- ",36.735870361328125,-119.85814666748047,FRESNO,UNINCORPORATED,-119.85817718505859,36.735946655273438
90724684,2018,2018-05-11,9435,2018-05-06,0025,020193,,7,3,7,1005,0,1,3,,2,182,"SR-180 W/B TO CHESTNUT AVENUE","CHESTUNT AVENUE",330.00,E,N,A,-,Y,,,180,,,,R,,W,Y,3,0,1,1,A,-,01,23152,A,N,F,A,A,A,H,-,C,D,0,,,,,Y,Y,A,08,0,1,0,0,0,0,0,0,0,"- ","- ",36.754951477050781,-119.73420715332031,FRESNO,FRESNO,-119.73420715332031,36.754951477050781
90724718,2018,2018-05-11,9435,2018-05-06,1905,019610,,7,2,7,1005,0,1,3,,2,182,"SR-180 E/B TO PEACH AVE","PEACH AVE",350.00,W,N,A,-,Y,,,180,,,,R,,E,N,4,0,1,1,A,-,08,22107,,N,F,A,A,A,H,-,A,A,0,,,Y,,Y,,C,02,0,0,1,0,0,0,0,0,1,"- ","- ",36.752208709716797,-119.71971893310547,FRESNO,FRESNO,-119.71971893310547,36.752208709716797
90726462,2018,2018-05-15,9435,2018-05-06,1327,020122,,7,1,9,1000,0,1,3,,1,183,SR-180,"TRIMMER SPRINGS RD",800.00,E,N,A,-,N,,,180,,,,,,,Y,4,0,1,1,A,-,08,22107,,N,F,A,A,A,H,-,A,D,0,,,,,Y,,A,07,0,0,1,0,0,0,0,0,0,"- ","- ",36.73284912109375,-119.48899841308594,FRESNO,UNINCORPORATED,-119.48899841308594,36.732830047607422
90726931,2018,2018-05-15,9435,2018-05-11,1625,018892,,5,2,7,1005,0,1,3,,2,181,"SR-180 W/B","BROADWAY ST",528.00,W,N,A,-,Y,,,180,,,,,,W,Y,4,0,1,3,A,-,03,22350,,N,C,C,A,A,H,-,A,D,0,,,,,Y,,A,01,0,0,1,0,0,0,0,0,0,"- ","- ",36.746498107910156,-119.80462646484375,FRESNO,FRESNO,-119.80462646484375,36.746494293212891
90728245,2018,2018-05-17,9435,2018-05-13,0240,020273,,7,3,7,1005,0,1,3,,2,181,"SR-180 E/B","FRESNO ST",565.00,E,N,A,-,Y,,,180,,,,,,E,Y,4,0,1,2,A,-,03,22350,,N,E,I,A,A,H,-,C,D,0,,,,,Y,,A,01,0,0,1,0,0,0,0,0,0,"- ","- ",36.753578186035156,-119.77967071533203,FRESNO,FRESNO,-119.77969360351562,36.753742218017578
90729270,2018,2018-05-18,9435,2018-05-12,1346,017088,,6,1,9,1000,0,1,3,,2,184,"SR-180 (KINGS CANYON RD)","INDIAN GUIDE RD",2112.00,W,N,A,-,Y,,,180,,,,,,,Y,3,0,1,2,A,-,01,23152,A,N,A,C,A,A,H,-,A,D,0,,,,,Y,Y,A,07,0,1,0,0,0,0,0,0,0,"- ","- ",36.741668701171875,-119.24285125732422,FRESNO,UNINCORPORATED,-119.24283599853516,36.741607666015625
90730140,2018,2018-05-21,9435,2018-05-11,1218,013793,,5,1,7,1005,1,1,3,,2,181,"SR-180 W/B","BROADWAY ST",200.00,W,N,A,-,Y,,,180,,,,,,W,N,4,0,9,2,A,-,03,22350,,N,C,C,A,A,H,-,A,D,0,,,,Y,Y,,G,25,0,0,9,0,0,0,0,0,0,"- ","- ",36.747020721435547,-119.80357360839844,FRESNO,FRESNO,-119.80358123779297,36.747043609619141
90730258,2018,2018-05-21,9435,2018-05-12,1925,020854,,6,2,9,1000,0,1,3,,1,180,"SR-180 (WHITESBRIDGE AVENUE)","GOLDENROD AVENUE",0.00,,Y,A,-,Y,,,180,,,,,,,Y,4,0,3,2,A,-,09,21453,C,N,D,C,A,A,H,-,A,A,0,,,,,Y,,A,01,0,0,3,0,0,0,0,0,0,"- ","- ",36.734989166259766,-120.04239654541016,FRESNO,UNINCORPORATED,-120.04239654541016,36.734962463378906
90732369,2018,2018-05-23,9435,2018-05-13,1845,020078,,7,2,9,1000,0,1,3,,2,184,SR-180,"RAINBOW ROUTE",43.00,W,N,A,-,Y,,,180,,,,,,,Y,2,0,1,2,A,-,09,21801,A,N,D,C,A,A,H,-,A,D,0,,,Y,,Y,Y,A,01,1,0,0,0,0,0,0,0,1,"- ","- ",36.733551025390625,-119.49800872802734,FRESNO,UNINCORPORATED,-119.49800872802734,36.733558654785156
90734833,2018,2018-05-25,9435,2018-05-18,1725,020854,,5,2,9,1000,0,1,3,,1,180,"WHITESBRIDGE AVENUE (SR-180)","WHITESBRIDGE ROAD",40.00,E,N,A,-,Y,,,180,,,,,,,Y,4,0,1,2,A,-,03,22350,,N,C,C,A,A,H,-,A,D,0,,,,,Y,,D,22,0,0,1,0,0,0,0,0,0,"- ","- ",36.734420776367188,-120.29624938964844,FRESNO,UNINCORPORATED,-120.29624938964844,36.734378814697266
90734847,2018,2018-05-25,9435,2018-05-18,1621,020205,,5,2,7,1005,0,1,3,,2,181,"SR-180 W/B","ABBY ST",900.00,E,N,A,-,Y,,,180,,,,,,W,Y,4,0,1,3,A,-,08,22107,,N,B,C,A,A,H,-,A,D,0,,,,,Y,,A,01,0,0,1,0,0,0,0,0,0,"- ","- ",36.753139495849609,-119.78565216064453,FRESNO,FRESNO,-119.78564453125,36.753124237060547
90735123,2018,2018-05-25,9435,2018-05-24,1535,020871,,4,2,7,1005,0,1,3,,2,181,"SR-180 E/B TO SR-168 E/B","CEDAR AVE",1000.00,W,N,A,-,Y,,,180,,,,R,,E,Y,4,0,1,1,C,-,18,,,N,E,I,A,A,H,-,A,D,0,,,,,Y,,-,"- ",0,0,1,0,0,0,0,0,0,"- ","- ",36.754478454589844,-119.75836944580078,FRESNO,FRESNO,-119.75836944580078,36.754478454589844
90736131,2018,2018-05-29,9435,2018-05-21,1245,018914,,1,1,7,1005,0,1,3,,2,181,"SR-180 E/B","H STREET",225.00,E,N,A,-,Y,,,180,,,,,,E,Y,4,0,1,2,A,-,07,21658,A,N,B,C,A,A,H,-,A,D,0,,,,Y,Y,,G,27,0,0,1,0,0,0,0,0,0,"- ","- ",36.745399475097656,-119.80570220947266,FRESNO,FRESNO,-119.8057861328125,36.745559692382812
90736182,2018,2018-05-29,9435,2018-05-21,1943,018892,,1,2,7,1005,0,1,3,,2,182,"SR-180 E/B TO CLOVIS AVE.","CLOVIS AVE",1.00,W,N,A,-,Y,,,180,,,,R,,E,N,4,0,2,2,A,-,03,22350,,N,C,C,A,A,H,-,B,A,0,,,,,Y,,A,01,0,0,2,0,0,0,0,0,0,"- ","- ",36.751991271972656,-119.70052337646484,FRESNO,FRESNO,-119.70052337646484,36.751991271972656
90736441,2018,2018-05-29,9461,2018-05-20,1030,014933,,7,1,9,1000,0,1,3,,1,680,SR-180,"SAN BENITO AVE",0.00,,Y,A,-,Y,,,180,,,,,,,N,3,0,5,2,A,-,12,22450,A,N,D,C,A,A,H,-,A,A,0,,,,,Y,,A,01,0,4,1,0,0,0,0,0,0,"- ","- ",36.732521057128906,-120.36141967773438,FRESNO,UNINCORPORATED,-120.36143493652344,36.732505798339844
90740154,2018,2018-06-04,9435,2018-05-26,1710,020837,,6,2,9,1000,0,1,3,,1,180,"STATE ROUTE 180","ROLINDA AVENUE",0.00,,Y,A,-,N,,,180,,,,,,,Y,4,0,1,2,A,-,09,21802,A,N,D,C,A,A,H,-,A,A,0,,,,,Y,,D,22,0,0,1,0,0,0,0,0,0,"- ","- ",36.734851837158203,-119.96047210693359,FRESNO,UNINCORPORATED,-119.96047210693359,36.735069274902344
90741159,2018,2018-06-05,9435,2018-04-04,1126,014363,,3,1,9,1000,0,1,3,,1,183,"STATE ROUTE 180 (KINGS CANYON ROAD)","TRIMMER SPRINGS ROAD",2112.00,E,N,A,-,Y,,,180,,,,,,,Y,1,1,2,2,A,-,08,22107,,N,A,C,A,A,H,-,A,D,0,,,,,Y,,A,01,0,0,2,0,0,0,0,0,0,"- ","- ",36.732810974121094,-119.48870849609375,FRESNO,UNINCORPORATED,-119.48870849609375,36.732799530029297
90744900,2018,2018-06-11,9435,2018-06-02,1235,019451,,6,1,7,1005,0,1,3,,2,181,"SR-180 E/B TO FULTON STREET","FULTON STREET",20.00,W,N,A,-,Y,,,180,,,,R,,E,N,4,0,1,2,A,-,03,22350,,N,C,C,A,A,H,-,A,A,0,,,,,Y,,A,01,0,0,1,0,0,0,0,0,0,"- ","- ",36.747650146484375,-119.80043029785156,FRESNO,FRESNO,-119.80043029785156,36.747650146484375
90745527,2018,2018-06-11,9435,2018-06-06,1700,018926,,3,2,7,1005,0,1,3,,2,182,"SR-180 W/B","CHESTNUT AVE",1056.00,E,N,A,-,Y,,,180,,,,,,W,Y,3,0,1,2,A,-,03,22350,,N,B,C,A,A,H,-,A,D,0,,,Y,,Y,,A,01,0,1,0,0,0,0,0,0,1,"- ","- ",36.754558563232422,-119.73397827148438,FRESNO,FRESNO,-119.73400115966797,36.754447937011719
90745881,2018,2018-07-02,9435,2018-05-31,1741,020205,,4,2,7,1005,0,1,3,,2,181,"SR-180 E/B TO SR-41 N/B","OLIVE AVE",1000.00,S,N,A,-,Y,,,180,,,,R,,E,Y,4,0,2,2,A,-,03,22350,,F,C,C,A,A,H,-,A,D,0,,,,,Y,,A,01,0,0,2,0,0,0,0,0,0,"- ","- ",36.754581451416016,-119.77610015869141,FRESNO,FRESNO,-119.77610015869141,36.754581451416016
90746551,2018,2018-06-12,9435,2018-05-31,1055,014547,,4,1,7,1005,0,1,3,,2,182,"SR-180 E/B TO SR-168 E/B","CEDAR AVENUE",528.00,E,N,A,-,Y,,,180,,,,R,,E,Y,3,0,1,1,A,-,03,22350,,N,E,I,A,A,H,-,A,D,0,,,,,Y,,A,01,0,1,0,0,0,0,0,0,0,"- ","- ",36.754531860351562,-119.75231170654297,FRESNO,FRESNO,-119.75231170654297,36.754531860351562
90746564,2018,2018-06-12,9435,2018-06-04,0720,015026,,1,1,7,1005,0,1,3,,2,182,"SR-180 W/B","CEDAR AVE",290.00,E,N,A,-,Y,,,180,,,,,,W,Y,4,0,1,3,A,-,07,21658,A,F,E,I,A,A,H,-,A,D,0,,,,,Y,,-,99,0,0,1,0,0,0,0,0,0,"- ","- ",36.755081176757812,-119.75328063964844,FRESNO,FRESNO,-119.75328063964844,36.755138397216797
90747143,2018,2018-06-13,9435,2018-06-09,1016,015095,,6,1,7,1005,0,1,3,,2,182,"SR-180 EASTBOUND","WILLOW AVENUE",300.00,E,N,A,-,Y,,,180,,,,,,E,N,3,0,1,1,A,-,08,22107,,N,F,A,A,A,H,-,A,D,0,,,Y,,Y,,C,02,0,1,0,0,0,0,0,0,1,"- ","- ",36.753429412841797,-119.72618865966797,FRESNO,FRESNO,-119.72618865966797,36.753452301025391
90748177,2018,2018-07-31,9435,2018-05-19,1220,019926,,6,1,7,1005,0,1,3,,2,181,"SR-180 W/B","BLACKSTONE AVE",115.00,W,N,A,-,Y,,,180,,,,,,W,Y,1,1,2,1,A,-,08,22107,,N,E,I,A,A,H,-,A,D,0,,,,,Y,,A,07,1,1,0,0,0,0,0,0,0,"- ","- ",36.751880645751953,-119.79102325439453,FRESNO,FRESNO,-119.79104614257812,36.752006530761719
90748578,2018,2018-06-14,9435,2018-06-04,1255,014363,,1,1,9,1000,0,1,3,,1,183,"STATE ROUTE 180 (WESTBOUND)","BETHEL AVENUE",250.00,E,N,A,-,Y,,,180,,,,,,,Y,2,0,1,3,A,-,01,23152,A,N,C,C,A,A,H,-,A,D,0,,,,Y,Y,Y,A,07,1,0,0,0,0,0,0,0,0,"- ","- ",36.736171722412109,-119.57318115234375,FRESNO,UNINCORPORATED,-119.57318115234375,36.736167907714844
90748650,2018,2018-06-15,9435,2018-06-04,1435,018892,,1,2,9,1000,0,3,5,,2,060,"SR-180 W/B","OLD OAK RD",16896.00,E,N,A,-,Y,,,180,,,,,,W,Y,4,0,1,2,A,-,03,22350,,N,D,C,A,A,H,-,A,D,0,,,Y,,Y,,C,02,0,0,1,0,0,0,0,0,1,"- ","- ",36.745628356933594,-119.08133697509766,FRESNO,UNINCORPORATED,-119.08134460449219,36.745628356933594
90750883,2018,2018-06-19,9435,2018-06-17,2150,020680,,7,2,7,1005,0,1,3,,2,181,"SR-180 W/B TO SR-99 N/B","G ST",654.00,W,N,A,-,Y,,,180,,,,R,,W,Y,4,0,2,3,A,-,03,22350,,N,C,C,A,A,H,-,C,D,0,,,,,Y,,D,22,0,0,2,0,0,0,0,0,0,"- ","- ",36.743030548095703,-119.81134033203125,FRESNO,FRESNO,-119.81134033203125,36.743030548095703
90751590,2018,2018-06-20,9435,2018-06-11,0811,015986,,1,1,9,1000,0,1,3,,1,180,"SR-180 (WHITESBRIDGE AVENUE)","GARFIELD AVENUE",152.00,E,N,A,-,Y,,,180,,,,,,,Y,4,0,1,2,A,-,08,22107,,N,D,C,A,A,H,-,A,D,0,,,,,Y,,J,48,0,0,1,0,0,0,0,0,0,"- ","- ",36.735210418701172,-119.92693328857422,FRESNO,UNINCORPORATED,-119.92693328857422,36.735252380371094
90753191,2018,2018-06-21,9435,2018-06-13,1550,020205,,3,2,7,1005,0,1,3,,2,181,"SR-180 W/B","BROADWAY ST",150.00,E,N,A,-,Y,,,180,,,,,,W,Y,4,0,1,3,A,-,03,22350,,N,C,C,A,A,H,-,A,D,0,,,,,Y,,A,01,0,0,1,0,0,0,0,0,0,"- ","- ",36.747161865234375,-119.80314636230469,FRESNO,FRESNO,-119.80319976806641,36.747249603271484
90754007,2018,2018-06-22,9435,2018-06-19,1650,018824,,2,2,7,1005,0,1,3,,2,181,"SR-180 E/B","SR-41 N/B",500.00,E,N,A,-,Y,,,180,,,,,,E,Y,3,0,2,3,A,-,03,22350,,N,C,C,A,A,H,-,A,D,0,,,,,Y,,A,07,0,1,1,0,0,0,0,0,0,"- ","- ",36.754829406738281,-119.77113342285156,FRESNO,FRESNO,-119.7711181640625,36.754749298095703
90755686,2018,2018-06-26,9435,2018-06-19,1422,021230,,2,2,9,1000,0,3,5,,2,010,SR-180,"LASSEN AVE",50.00,E,N,A,-,Y,,,180,,,,,,,Y,4,0,3,3,A,-,03,22350,,N,C,C,A,A,H,-,A,D,0,,,,,Y,,A,01,0,0,3,0,0,0,0,0,0,"- ","- ",36.734790802001953,-120.09657287597656,FRESNO,UNINCORPORATED,-120.09657287597656,36.734725952148438
90756270,2018,2018-06-26,9435,2018-06-15,0825,015026,,5,1,7,1005,0,1,3,,2,182,"SR180 W/B FROM PEACH AVE","PEACH AVE",818.00,W,N,A,-,Y,,,180,,,,R,,W,Y,4,0,2,2,A,-,03,22350,,N,C,C,A,A,H,-,A,A,0,,,,,Y,,A,01,0,0,2,0,0,0,0,0,0,"- ","- ",36.753780364990234,-119.72135162353516,FRESNO,FRESNO,-119.72135162353516,36.753780364990234
90758366,2018,2018-08-27,9435,2018-06-15,1300,014547,,5,1,7,1005,0,1,3,,2,182,"SR-180 W/B","CHESTNUT AVENUE",300.00,W,N,A,-,Y,,,180,,,,,,W,Y,4,0,3,3,A,-,08,22107,,N,D,C,A,A,H,-,A,D,0,,,,Y,Y,,A,01,0,0,3,0,0,0,0,0,0,"- ","- ",36.755058288574219,-119.73748016357422,FRESNO,FRESNO,-119.73748779296875,36.7550048828125
90759660,2018,2018-06-29,9435,2018-06-24,0445,020680,,7,3,7,1005,0,1,3,,2,181,"SR-180 W/B",SR-99,564.00,E,N,A,-,Y,,,180,,,,,,W,Y,2,0,1,1,A,-,01,23152,A,N,E,I,A,A,H,-,D,D,0,,,,,Y,Y,A,01,1,0,0,0,0,0,0,0,0,"- ","- ",36.741920471191406,-119.81294250488281,FRESNO,FRESNO,-119.81299591064453,36.742023468017578
90760619,2018,2018-07-06,9435,2018-06-23,1619,016507,,6,2,9,1000,0,1,3,,2,184,"STATE ROUTE 180","PIEDRA RD",0.00,,Y,A,-,Y,,,180,,,,,,,N,4,0,2,2,A,-,09,21802,A,F,D,C,A,A,H,-,A,A,0,,,,,Y,,A,08,0,0,2,0,0,0,0,0,0,"- ","- ",36.728828430175781,-119.46627044677734,FRESNO,UNINCORPORATED,-119.46623992919922,36.728912353515625
90761635,2018,2018-11-27,9435,2018-06-24,2150,020680,,7,2,7,1005,0,1,3,,2,181,"SR-180 W/B TO SR-99","G ST.",39.00,W,N,A,-,Y,,,180,,,,R,,W,Y,4,0,2,2,A,-,01,23152,A,M,D,C,A,A,H,-,C,D,0,,,,,Y,Y,A,01,0,0,2,0,0,0,0,0,0,"- ","- ",36.743221282958984,-119.81102752685547,FRESNO,FRESNO,-119.81102752685547,36.743221282958984
90762243,2018,2018-07-03,9435,2018-06-20,1250,015026,,3,1,7,1005,0,1,3,,2,181,"SR-180 E/B","VAN NESS AVE",40.00,W,N,A,-,Y,,,180,,,,,,E,Y,4,0,2,3,A,-,03,22350,,N,B,C,A,A,H,-,A,D,0,,,,,Y,,D,22,0,0,2,0,0,0,0,0,0,"- ","- ",36.749198913574219,-119.79897308349609,FRESNO,FRESNO,-119.79896545410156,36.749187469482422
90763014,2018,2018-07-05,9435,2018-06-27,2000,017088,,3,2,9,1000,0,1,3,,2,184,SR-180,"COVE AVE",4224.00,W,N,A,-,Y,,,180,,,,,,,Y,3,0,1,1,A,-,08,22107,,N,E,I,A,A,H,-,B,D,0,,,,,Y,,A,01,0,1,0,0,0,0,0,0,0,"- ","- ",36.717018127441406,-119.36261749267578,FRESNO,UNINCORPORATED,-119.36257934570312,36.717075347900391
90766532,2018,2018-07-10,9435,2018-07-09,0758,015026,,1,1,7,1005,0,1,3,,2,182,"SR-180 W/B FROM PEACH AVE","PEACH AVE",748.00,W,N,A,-,Y,,,180,,,,R,,W,Y,4,0,1,3,A,-,03,22350,,N,C,C,A,A,H,-,A,A,0,,,,,Y,,A,08,0,0,1,0,0,0,0,0,0,"- ","- ",36.753799438476562,-119.72113800048828,FRESNO,FRESNO,-119.72113800048828,36.753799438476562
90766887,2018,2018-07-11,9435,2018-07-08,0330,018944,,7,3,7,1005,0,1,3,,2,181,"SR-180 W/B TO SR-99 N/B","SR-180 W/B",55.00,N,N,A,-,Y,,,180,,,,R,,W,Y,4,0,1,1,A,-,01,23152,A,N,E,I,A,A,H,-,D,D,0,,,,,Y,Y,A,01,0,0,1,0,0,0,0,0,0,"- ","- ",36.741840362548828,-119.81394958496094,FRESNO,FRESNO,-119.81394958496094,36.741840362548828
90767637,2018,2018-07-12,9435,2018-07-07,1745,021148,,6,2,9,1000,0,1,3,,1,180,"SR-180 W/B","CORNELIA AVE",0.00,,Y,A,-,Y,,,180,,,,,,W,Y,3,0,2,2,A,-,09,21802,A,N,D,C,A,A,H,-,A,A,0,,,,,Y,,A,01,0,2,0,0,0,0,0,0,0,"- ","- ",36.735488891601562,-119.88076782226562,FRESNO,UNINCORPORATED,-119.88076782226562,36.735500335693359
90768034,2018,2018-07-12,9435,2018-07-12,0708,015026,,4,1,7,1005,0,1,3,,2,182,"SR-180 W/B FROM PEACH AVE","PEACH AVE",855.00,W,N,A,-,Y,,,180,,,,R,,W,Y,4,0,2,2,A,-,03,22350,,N,C,C,A,A,H,-,A,A,0,,,,,Y,,A,01,0,0,2,0,0,0,0,0,0,"- ","- ",36.753749847412109,-119.72141265869141,FRESNO,FRESNO,-119.72141265869141,36.753749847412109
90768477,2018,2018-07-13,9435,2018-07-06,1056,018912,,5,1,9,1000,0,1,3,,1,180,"STATE ROUTE 180","CORNELIA AVENUE",0.00,,Y,A,-,Y,,,180,,,,,,,Y,3,0,3,2,A,-,09,21802,A,N,D,C,A,A,H,-,A,A,0,,,,,Y,,A,07,0,1,2,0,0,0,0,0,0,"- ","- ",36.735668182373047,-119.88092041015625,FRESNO,UNINCORPORATED,-119.88092041015625,36.735496520996094
90768573,2018,2018-07-13,9435,2018-07-05,0940,015026,,4,1,7,1005,0,1,3,,2,181,"SR-180 W/B TO SR-41","CEDAR AVE",1928.00,W,N,A,-,Y,,,180,,,,R,,W,Y,3,0,1,2,A,-,07,21658,A,F,E,I,A,A,H,-,A,D,0,,,,,Y,,-,99,0,1,0,0,0,0,0,0,0,"- ","- ",36.755378723144531,-119.76133728027344,FRESNO,FRESNO,-119.76133728027344,36.755378723144531
90771268,2018,2018-07-17,9435,2018-07-14,1007,018912,,6,1,9,1000,0,1,3,,1,180,"STATE ROUTE 180 (EASTBOUND)","ROLINDA AVE",75.00,W,N,A,-,Y,,,180,,,,,,,Y,3,0,1,2,A,-,03,22350,,N,C,C,A,A,H,-,A,D,0,,,,Y,Y,,G,27,0,1,0,0,0,0,0,0,0,"- ","- ",36.735061645507812,-119.96116638183594,FRESNO,UNINCORPORATED,-119.96116638183594,36.735065460205078
90771363,2018,2018-07-18,9435,2018-07-11,1740,015890,,3,2,9,1000,0,1,3,,1,183,"SR-180 E/B","DEWOLF AVE",444.00,W,N,A,-,Y,,,180,,,,,,E,Y,4,0,2,2,A,-,03,22350,,N,C,C,A,A,H,-,A,D,0,,,,,Y,,A,07,0,0,2,0,0,0,0,0,0,"- ","- ",36.736980438232422,-119.64768981933594,FRESNO,UNINCORPORATED,-119.64768981933594,36.736957550048828
90773303,2018,2018-07-20,9435,2018-07-11,1519,019210,,3,2,9,1000,0,1,3,,1,180,"SR-180 (WHITESBRIDGE AVE)","TRINITY AVE",810.00,W,N,A,-,Y,,,180,,,,,,,Y,3,0,2,1,A,-,08,22107,,N,F,I,A,A,H,-,A,D,0,,,,,Y,,A,07,0,2,0,0,0,0,0,0,0,"- ","- ",36.734760284423828,-120.11727142333984,FRESNO,UNINCORPORATED,-120.11727142333984,36.734706878662109
90774356,2018,2018-10-29,9435,2018-07-15,1800,021165,,7,2,9,1000,0,1,3,,1,180,"SR-180 W/B","TRINITY AVE",1510.00,W,N,A,-,Y,,,180,,,,,,W,Y,2,0,2,2,A,-,03,22350,,N,C,C,A,A,H,-,A,D,0,,,,,Y,,A,01,1,1,0,0,0,0,0,0,0,"- ","- ",36.734691619873047,-120.12110137939453,FRESNO,UNINCORPORATED,-120.12110137939453,36.734706878662109
90775556,2018,2018-07-24,9435,2018-07-16,1730,018892,,1,2,9,1000,0,1,3,,1,183,"SR-180 E/B","DE WOLF AVE",1056.00,W,N,A,-,Y,,,180,,,,,,E,N,4,0,1,2,A,-,03,22350,,N,C,C,A,A,H,-,A,D,0,,,,,Y,,A,01,0,0,1,0,0,0,0,0,0,"- ","- ",36.7369384765625,-119.6502685546875,FRESNO,UNINCORPORATED,-119.6502685546875,36.736934661865234
90776240,2018,2018-07-25,9435,2018-07-23,2250,019385,,1,3,7,1005,0,1,3,,2,182,"STATE ROUTE 180 EASTBOUND","CLOVIS AVENUE",2112.00,W,N,A,-,Y,,,180,,,,,,E,N,3,0,1,1,C,-,18,,,N,E,J,A,A,H,-,C,D,0,,,,,Y,,-,"- ",0,1,0,0,0,0,0,0,0,"- ","- ",36.752761840820312,-119.70642852783203,FRESNO,FRESNO,-119.70642852783203,36.752841949462891
90778954,2018,2018-07-27,9435,2018-07-20,1528,019451,,5,2,7,1005,0,1,3,,2,181,"SR-180 W/B (SEQUOIA KINGS CANYON FWY)","BROADWAY ST",200.00,E,N,A,-,Y,,,180,,,,,,W,Y,4,0,1,2,A,-,03,22350,,N,C,C,A,A,H,-,A,D,0,,,,Y,Y,,F,55,0,0,1,0,0,0,0,0,0,"- ","- ",36.747398376464844,-119.80269622802734,FRESNO,FRESNO,-119.80274963378906,36.747486114501953
90780947,2018,2018-07-31,9435,2018-07-27,1040,013703,,5,1,9,1000,0,1,3,,1,183,"SR-180 W/B (KINGS CANYON ROAD)","INDIANOLA AVE",0.00,,Y,A,-,Y,,,180,,,,,,W,Y,3,0,5,2,A,-,09,21801,A,N,D,C,A,A,H,-,A,D,0,,,,Y,Y,,F,26,0,1,4,0,0,0,0,0,0,"- ","- ",36.735801696777344,-119.58309173583984,FRESNO,UNINCORPORATED,-119.58309173583984,36.736129760742188
90782218,2018,2018-08-01,9435,2018-07-30,2355,016507,,1,3,9,1000,0,1,3,,2,184,"STATE ROUTE 180","MILLWOOD RD",1056.00,E,N,A,-,Y,,,180,,,,,,,Y,4,0,2,1,A,-,08,22107,,N,E,I,A,A,H,-,D,D,0,,,,,Y,,A,01,0,0,2,0,0,0,0,0,0,"- ","- ",36.746528625488281,-119.05544281005859,FRESNO,UNINCORPORATED,-119.05545043945312,36.746612548828125
90783572,2018,2018-08-03,9435,2018-07-25,1744,016270,,3,2,9,1000,0,3,5,,2,060,"STATE ROUTE 180 (KINGS CANYON ROAD)","STATE ROUTE 63",5939.00,E,N,A,-,Y,,,180,,,,,,,Y,4,0,1,1,A,-,03,22350,,N,E,I,A,A,H,-,A,D,0,,,,,Y,,A,01,0,0,1,0,0,0,0,0,0,"- ","- ",36.723930358886719,-119.30252838134766,FRESNO,UNINCORPORATED,-119.30252075195312,36.723865509033203