CASE_ID,ACCIDENT_YEAR,PROC_DATE,JURIS,COLLISION_DATE,COLLISION_TIME,OFFICER_ID,REPORTING_DISTRICT,DAY_OF_WEEK,CHP_SHIFT,POPULATION,CNTY_CITY_LOC,SPECIAL_COND,BEAT_TYPE,CHP_BEAT_TYPE,CITY_DIVISION_LAPD,CHP_BEAT_CLASS,BEAT_NUMBER,PRIMARY_RD,SECONDARY_RD,DISTANCE,DIRECTION,INTERSECTION,WEATHER_1,WEATHER_2,STATE_HWY_IND,CALTRANS_COUNTY,CALTRANS_DISTRICT,STATE_ROUTE,ROUTE_SUFFIX,POSTMILE_PREFIX,POSTMILE,LOCATION_TYPE,RAMP_INTERSECTION,SIDE_OF_HWY,TOW_AWAY,COLLISION_SEVERITY,NUMBER_KILLED,NUMBER_INJURED,PARTY_COUNT,PRIMARY_COLL_FACTOR,PCF_CODE_OF_VIOL,PCF_VIOL_CATEGORY,PCF_VIOLATION,PCF_VIOL_SUBSECTION,HIT_AND_RUN,TYPE_OF_COLLISION,MVIW,PED_ACTION,ROAD_SURFACE,ROAD_COND_1,ROAD_COND_2,LIGHTING,CONTROL_DEVICE,CHP_ROAD_TYPE,PEDESTRIAN_ACCIDENT,BICYCLE_ACCIDENT,MOTORCYCLE_ACCIDENT,TRUCK_ACCIDENT,NOT_PRIVATE_PROPERTY,ALCOHOL_INVOLVED,STWD_VEHTYPE_AT_FAULT,CHP_VEHTYPE_AT_FAULT,COUNT_SEVERE_INJ,COUNT_VISIBLE_INJ,COUNT_COMPLAINT_PAIN,COUNT_PED_KILLED,COUNT_PED_INJURED,COUNT_BICYCLIST_KILLED,COUNT_BICYCLIST_INJURED,COUNT_MC_KILLED,COUNT_MC_INJURED,PRIMARY_RAMP,SECONDARY_RAMP,LATITUDE,LONGITUDE,COUNTY,CITY,POINT_X,POINT_Y
90784588,2018,2018-08-06,9435,2018-07-27,1151,014672,,5,1,9,1000,0,1,3,,1,180,SR-180,"BLYTHE AVE",0.00,,Y,A,-,Y,,,180,,,,,,,Y,2,0,2,3,A,-,03,22350,,N,C,C,A,A,H,-,A,A,0,,,,Y,Y,,A,01,1,0,1,0,0,0,0,0,0,"- ","- ",36.735481262207031,-119.87155914306641,FRESNO,UNINCORPORATED,-119.87155914306641,36.735488891601562
90785082,2018,2018-08-06,9435,2018-08-02,0920,012846,,4,1,7,1005,0,1,3,,2,181,"SR-180 W/B","CEDAR AVE",670.00,W,N,A,-,Y,,,180,,,,,,W,N,4,0,1,2,A,-,07,21658,A,N,E,I,A,A,H,-,A,D,0,,,,,Y,,A,07,0,0,1,0,0,0,0,0,0,"- ","- ",36.755111694335938,-119.75698852539062,FRESNO,FRESNO,-119.75698852539062,36.755149841308594
90785087,2018,2018-08-06,9435,2018-08-03,1530,019210,,5,2,7,1005,0,1,3,,2,181,"SR-180 W/B","G ST",200.00,W,N,A,-,Y,,,180,,,,,,W,Y,4,0,1,2,A,-,03,22350,,N,C,C,A,A,H,-,A,D,0,,,,,Y,,A,01,0,0,1,0,0,0,0,0,0,"- ","- ",36.743721008300781,-119.80982208251953,FRESNO,FRESNO,-119.80982208251953,36.743724822998047
90788336,2018,2018-08-10,9435,2018-07-31,1518,014547,,2,2,7,1005,0,1,3,,2,181,"SR-180 W/B TO SR-41 S/B","BELMONT AVENUE",1320.00,N,N,A,-,Y,,,180,,,,R,,W,Y,3,0,1,1,A,-,03,22350,,N,E,I,A,A,H,-,A,D,0,,,,,Y,,D,22,0,1,0,0,0,0,0,0,0,"- ","- ",36.7535400390625,-119.77625274658203,FRESNO,FRESNO,-119.77625274658203,36.7535400390625
90788944,2018,2018-08-13,9435,2018-08-04,1015,021230,,6,1,9,1000,0,3,5,,2,010,SR-180,"FLOYD AVE",150.00,E,N,A,-,Y,,,180,,,,,,,Y,4,0,1,2,A,-,03,22350,,F,C,C,A,A,H,-,D,D,0,,,,,Y,,A,01,0,0,1,0,0,0,0,0,0,"- ","- ",36.734981536865234,-119.99098968505859,FRESNO,UNINCORPORATED,-119.99098968505859,36.734966278076172
90790137,2018,2018-08-14,9435,2018-08-10,1750,019210,,5,2,7,1005,0,1,3,,2,181,"SR-180 W/B","H ST",680.00,E,N,A,-,Y,,,180,,,,,,W,Y,4,0,3,3,A,-,03,22350,,N,C,C,A,A,H,-,A,D,0,,,,,Y,,A,07,0,0,3,0,0,0,0,0,0,"- ","- ",36.746429443359375,-119.80486297607422,FRESNO,FRESNO,-119.80483245849609,36.746383666992188
90791511,2018,2018-08-15,9435,2018-08-06,1715,015890,,1,2,7,1005,0,1,3,,2,181,"SR-180 W/B","BROADWAY ST",49.00,W,N,A,-,Y,,,180,,,,,,W,Y,4,0,1,2,A,-,03,22350,,N,C,C,A,A,H,-,A,D,0,,,,,Y,,A,01,0,0,1,0,0,0,0,0,0,"- ","- ",36.747310638427734,-119.80319976806641,FRESNO,FRESNO,-119.80317687988281,36.747261047363281
90791847,2018,2018-08-16,9435,2018-08-08,1215,012846,,3,1,7,1005,0,1,3,,2,182,"SR-180 E/B","CEDAR AVE",270.00,W,N,A,-,Y,,,180,,,,,,E,Y,4,0,2,1,A,-,08,22107,,N,E,I,A,A,H,-,A,D,0,,,,,Y,,A,07,0,0,2,0,0,0,0,0,0,"- ","- ",36.755550384521484,-119.75563812255859,FRESNO,FRESNO,-119.75563812255859,36.754867553710938
90795333,2018,2018-08-22,9435,2018-08-13,0510,020064,,1,3,9,1000,0,1,3,,1,180,"SR-180 (WHITESBRIDGE AVENUE)","TRINITY AVENUE",0.00,,Y,A,-,Y,,,180,,,,,,,Y,2,0,2,2,A,-,12,22450,A,N,D,C,A,A,H,-,D,A,0,,,,,Y,,A,01,1,0,1,0,0,0,0,0,0,"- ","- ",36.734600067138672,-120.11428070068359,FRESNO,UNINCORPORATED,-120.11428070068359,36.734706878662109
90796861,2018,2018-08-23,9435,2018-08-20,0727,015026,,1,1,9,1000,0,1,3,,1,183,"SR-180 E/B","LEONARD AVE",954.00,W,N,A,-,Y,,,180,,,,,,E,Y,4,0,1,1,A,-,08,22107,,N,F,A,A,A,H,-,A,D,0,,,,,Y,,A,07,0,0,1,0,0,0,0,0,0,"- ","- ",36.736621856689453,-119.64032745361328,FRESNO,UNINCORPORATED,-119.64032745361328,36.736652374267578
90797483,2018,2018-08-24,9435,2018-08-22,0804,015026,,3,1,7,1005,0,1,3,,2,182,"SR-180 W/B","WILLOW AVE",725.00,E,N,A,-,Y,,,180,,,,,,W,N,4,0,1,2,A,-,04,21703,,N,C,C,A,A,H,-,A,D,0,,,,,Y,,A,01,0,0,1,0,0,0,0,0,0,"- ","- ",36.753669738769531,-119.72454833984375,FRESNO,FRESNO,-119.72454833984375,36.753646850585938
90797932,2018,2018-08-27,9435,2018-08-17,0812,016507,,5,1,9,1000,0,1,3,,2,184,"STATE ROUTE 180","DUNLAP RD",19008.00,E,N,A,-,Y,,,180,,,,,,,N,2,0,1,2,A,-,08,22107,,N,G,B,E,A,H,-,A,D,0,Y,,,,Y,,A,01,1,0,0,0,1,0,0,0,0,"- ","- ",36.760719299316406,-119.11295318603516,FRESNO,UNINCORPORATED,-119.11297607421875,36.760799407958984
90797998,2018,2018-08-27,9435,2018-08-16,1625,019926,,4,2,7,1005,0,1,3,,2,181,"SR-180 W/B","H ST",100.00,E,N,A,-,Y,,,180,,,,,,W,N,4,0,1,3,A,-,03,22350,,N,C,C,A,A,H,-,A,D,0,,,,,Y,,A,01,0,0,1,0,0,0,0,0,0,"- ","- ",36.745548248291016,-119.80648040771484,FRESNO,FRESNO,-119.80646514892578,36.745521545410156
90798006,2018,2018-08-27,9435,2018-08-05,1303,016507,,7,1,9,1000,0,1,3,,2,184,"STATE ROUTE 180","FRANKWOOD AVENUE",0.00,,Y,A,-,Y,,,180,,,,,,,Y,1,1,2,2,A,-,09,21802,A,N,D,C,A,A,H,-,A,A,0,,,,,Y,,A,01,0,2,0,0,0,0,0,0,0,"- ","- ",36.720001220703125,-119.44846343994141,FRESNO,UNINCORPORATED,-119.44845581054688,36.720039367675781
90803440,2018,2018-08-31,9435,2018-08-23,1720,019926,,4,2,7,1005,0,1,3,,2,105,"SR-180 E/B","FRESNO ST",500.00,W,N,A,-,Y,,,180,,,,,,E,Y,3,0,1,3,A,-,08,22107,,N,B,C,A,A,H,-,A,D,0,,,Y,,Y,,C,02,0,1,0,0,0,0,0,0,1,"- ","- ",36.753131866455078,-119.78421783447266,FRESNO,FRESNO,-119.78421783447266,36.753105163574219
90804756,2018,2018-09-04,9435,2018-08-23,1711,021165,,4,2,7,1005,0,1,3,,2,181,"SR-180 E/B","SR-41 N/B",1960.00,W,N,A,-,Y,,,180,,,,,,E,Y,3,0,1,2,A,-,03,22350,,N,C,C,A,A,H,-,A,D,0,,,,,Y,,A,01,0,1,0,0,0,0,0,0,0,"- ","- ",36.753341674804688,-119.78260803222656,FRESNO,FRESNO,-119.78261566162109,36.753364562988281
90805006,2018,2018-09-04,9435,2018-08-27,0600,013793,,1,1,7,1005,0,1,3,,2,182,"SR-180 EASTBOUND TO TEMPERANCE AVENUE","TEMPERANCE AVENUE",1100.00,W,N,A,-,Y,,,180,,,,R,,E,Y,3,0,1,1,A,-,08,22107,,N,F,A,A,A,H,-,A,D,0,,,,,Y,,A,01,0,1,0,0,0,0,0,0,0,"- ","- ",36.741889953613281,-119.66726684570312,FRESNO,FRESNO,-119.66726684570312,36.741889953613281
90805028,2018,2018-09-04,9435,2018-08-22,0533,014672,,3,3,9,1000,0,1,3,,1,180,"SR-180 E/B","GOLDENROD AVE",2112.00,E,N,A,-,Y,,,180,,,,,,E,Y,2,0,2,2,A,-,03,22350,,N,C,C,A,A,H,-,D,D,0,,,,,Y,,A,01,1,0,1,0,0,0,0,0,0,"- ","- ",36.734958648681641,-120.03565216064453,FRESNO,UNINCORPORATED,-120.03565216064453,36.734962463378906
90805341,2018,2018-09-04,9435,2018-08-28,1625,019451,,2,2,7,1005,0,1,3,,2,181,"SR-180 W/B (SEQUOIA KINGS CANYON FWY)","H STREET",500.00,E,N,A,-,Y,,,180,,,,,,W,N,4,0,2,2,A,-,03,22350,,N,C,C,A,A,H,-,A,D,0,,,,,Y,,A,01,0,0,2,0,0,0,0,0,0,"- ","- ",36.745800018310547,-119.80590057373047,FRESNO,FRESNO,-119.805908203125,36.745815277099609
90806417,2018,2018-09-05,9435,2018-08-30,1050,015026,,4,1,7,1005,0,1,3,,2,181,"SR-180 W/B","BLACKSTONE AVE",635.00,E,N,A,-,Y,,,180,,,,,,W,Y,4,0,1,1,A,-,08,22107,,N,E,J,A,A,G,-,A,D,0,,,,,Y,,A,01,0,0,1,0,0,0,0,0,0,"- ","- ",36.752521514892578,-119.78838348388672,FRESNO,FRESNO,-119.78839111328125,36.752559661865234
90807739,2018,2018-09-07,9435,2018-08-30,1800,019451,,4,2,7,1005,0,1,3,,2,182,"SR-180 W/B TO SR-41","FIRST STREET",500.00,E,N,A,-,Y,,,180,,,,R,,W,Y,3,0,2,5,A,-,03,22350,,N,C,C,E,A,H,-,A,D,0,Y,,,,Y,,A,01,0,2,0,0,2,0,0,0,0,"- ","- ",36.755500793457031,-119.76979827880859,FRESNO,FRESNO,-119.76979827880859,36.755500793457031
90807834,2018,2018-09-07,9435,2018-08-30,1840,021165,,4,2,9,1000,0,1,3,,1,180,"SR-180 E/B","GOLDENROD AVE",2600.00,E,N,A,-,Y,,,180,,,,,,E,Y,3,0,1,2,A,-,03,22350,,N,C,C,A,A,H,-,A,D,0,,,,,Y,,A,01,0,1,0,0,0,0,0,0,0,"- ","- ",36.734951019287109,-120.03354644775391,FRESNO,UNINCORPORATED,-120.03354644775391,36.734962463378906
90811249,2018,2018-09-12,9435,2018-09-05,0541,014672,,3,3,9,1000,0,1,3,,1,180,"SR-180 (WHITESBRIDGE AVE)","MODOC AVE",1056.00,W,N,A,-,Y,,,180,,,,,,,N,2,0,1,2,A,-,03,22350,,F,C,C,A,A,H,-,D,D,0,,,Y,,Y,,-,99,1,0,0,0,0,0,0,0,1,"- ","- ",36.734710693359375,-120.09088134765625,FRESNO,UNINCORPORATED,-120.09088134765625,36.734733581542969
90812164,2018,2018-09-13,9435,2018-09-07,0750,019451,,5,1,9,1000,0,1,3,,1,180,"SR-180 (WHITESBRIDGE AVENUE)","DICKENSON AVENUE",528.00,E,N,A,-,N,,,180,,,,,,,N,4,0,1,2,A,-,03,22350,,N,C,C,A,A,H,-,A,D,0,,,,,Y,,A,01,0,0,1,0,0,0,0,0,0,"- ","- ",36.735099792480469,-119.96489715576172,FRESNO,UNINCORPORATED,-119.96489715576172,36.73504638671875
90812202,2018,2018-10-22,9435,2018-09-08,2145,019603,,6,2,7,1005,0,1,3,,2,182,"SR-180 E/B","CLOVIS AVENUE",2000.00,W,N,A,-,Y,,,180,,,,,,E,Y,3,0,3,2,A,-,07,21658,A,N,B,C,A,A,H,-,C,D,0,,,,,Y,,D,22,0,1,2,0,0,0,0,0,0,"- ","- ",36.752899169921875,-119.70845794677734,FRESNO,FRESNO,-119.70845794677734,36.752914428710938
90812813,2018,2018-09-13,9435,2018-09-03,1615,016270,,1,2,9,1000,0,1,3,,2,184,"STATE ROUTE 180","HUME LAKE RD",95040.00,E,N,A,-,Y,,,180,,,,,,,Y,4,0,1,1,A,-,08,22107,,N,E,I,A,A,H,-,A,D,0,,,,,Y,,A,07,0,0,1,0,0,0,0,0,0,"- ","- ",36.808589935302734,-118.79244995117188,FRESNO,UNINCORPORATED,-118.79270172119141,36.808742523193359
90814304,2018,2018-09-17,9435,2018-09-06,0230,020854,,4,3,9,1000,0,1,3,,1,183,"SR-180 E/B","BELMONT AVENUE",200.00,W,N,A,-,Y,,,180,,,,,,E,Y,3,0,1,1,A,-,01,23152,A,N,E,I,A,A,H,-,D,D,0,,,,,Y,Y,A,01,0,1,0,0,0,0,0,0,0,"- ","- ",36.750820159912109,-119.67604827880859,FRESNO,UNINCORPORATED,-119.67609405517578,36.750740051269531
90814385,2018,2018-09-17,9435,2018-09-10,1535,020871,,1,2,9,1000,0,1,3,,1,183,"SR-180 W/B","HIGHLAND AVENUE",415.00,E,N,A,-,Y,,,180,,,,,,W,Y,4,0,1,2,A,-,03,22350,,N,C,C,A,A,H,-,A,D,0,,,,,Y,,A,01,0,0,1,0,0,0,0,0,0,"- ","- ",36.736160278320312,-119.62654113769531,FRESNO,UNINCORPORATED,-119.62654113769531,36.736137390136719
90815303,2018,2018-09-18,9435,2018-09-12,1655,020871,,3,2,7,1005,0,1,3,,2,181,"SR-180 W/B TO SR-99 N/B","SR-99 N/B",1056.00,E,N,A,-,Y,,,180,,,,R,,W,Y,4,0,1,2,A,-,03,22350,,N,C,C,A,A,H,-,A,D,0,,,,,Y,,A,01,0,0,1,0,0,0,0,0,0,"- ","- ",36.743400573730469,-119.81056213378906,FRESNO,FRESNO,-119.81056213378906,36.743400573730469
90815323,2018,2018-09-18,9435,2018-09-12,1720,019926,,3,2,7,1005,0,1,3,,2,105,"SR-180 W/B","BLACKSTONE AVE",50.00,E,N,A,-,Y,,,180,,,,,,W,N,4,0,1,2,A,-,03,22350,,N,C,C,A,A,H,-,A,D,0,,,,,Y,,A,01,0,0,1,0,0,0,0,0,0,"- ","- ",36.752140045166016,-119.79022216796875,FRESNO,FRESNO,-119.79022979736328,36.752178192138672
90815690,2018,2018-09-18,9435,2018-09-12,0750,015026,,3,1,7,1005,0,1,3,,2,181,"SR-180 W/B TO SR-41 N/B","FIRST ST",263.00,E,N,A,-,Y,,,180,,,,R,,W,N,4,0,1,2,A,-,04,21703,,N,C,C,A,A,H,-,A,D,0,,,,,Y,,A,01,0,0,1,0,0,0,0,0,0,"- ","- ",36.75531005859375,-119.77146148681641,FRESNO,FRESNO,-119.77146148681641,36.75531005859375
90821314,2018,2018-09-26,9435,2018-09-17,1822,018892,,1,2,9,1000,0,1,3,,1,183,"SR-180 E/B","MCCALL AVE",0.00,,Y,A,-,Y,,,180,,,,,,E,Y,2,0,2,2,A,-,01,23152,A,N,D,C,A,A,H,-,A,A,0,,,Y,,Y,Y,A,07,2,0,0,0,0,0,0,0,2,"- ","- ",36.735721588134766,-119.61003875732422,FRESNO,UNINCORPORATED,-119.61003875732422,36.735729217529297
90821373,2018,2018-09-26,9435,2018-09-20,0835,016507,,4,1,9,1000,0,3,5,,2,060,"STATE ROUTE 180 (KINGS CANYON ROAD)","REED AVE",0.00,,Y,A,-,Y,,,180,,,,,,,Y,4,0,3,2,A,-,09,21802,A,N,A,C,A,A,H,-,A,A,0,,,,Y,Y,,A,07,0,0,3,0,0,0,0,0,0,"- ","- ",36.720161437988281,-119.45716857910156,FRESNO,UNINCORPORATED,-119.45716857910156,36.720142364501953
90821625,2018,2018-09-26,9435,2018-09-21,0730,018914,,5,1,7,1005,0,1,3,,2,182,"SR-180 W/B","WILLOW AVENUE",1056.00,E,N,A,-,Y,,,180,,,,,,W,N,4,0,1,3,A,-,03,22350,,N,C,C,A,A,H,-,A,D,0,,,,,Y,,A,01,0,0,1,0,0,0,0,0,0,"- ","- ",36.75360107421875,-119.72370147705078,FRESNO,FRESNO,-119.72370147705078,36.753620147705078
90822646,2018,2018-09-27,9435,2018-09-22,2105,021230,,6,2,9,1000,0,3,5,,2,010,"SR-180 (WHITESBRIDGE AVE.)","SAN MATEO AVE",2800.00,W,N,A,-,Y,,,180,,,,,,,Y,2,0,1,2,A,-,03,22350,,N,C,C,A,A,H,-,D,D,0,,,,,Y,,A,01,1,0,0,0,0,0,0,0,0,"- ","- ",36.734298706054688,-120.32424163818359,FRESNO,UNINCORPORATED,-120.32424163818359,36.734352111816406
90824612,2018,2018-09-28,9435,2018-09-23,0827,014672,,7,1,9,1000,0,1,3,,1,180,SR-180,"NAPA AVE",3696.00,W,N,A,-,Y,,,180,,,,,,,Y,4,0,2,2,A,-,03,22350,,N,C,C,A,A,H,-,A,D,0,,,,,Y,,A,01,0,0,2,0,0,0,0,0,0,"- ","- ",36.734428405761719,-120.25444030761719,FRESNO,UNINCORPORATED,-120.25444030761719,36.734371185302734
90825559,2018,2018-10-01,9435,2018-09-19,0740,014547,,3,1,7,1005,0,1,3,,2,181,"SR-180 E/B","SR-41 S/B",100.00,E,N,A,-,Y,,,180,,,,,,E,Y,4,0,1,2,A,-,03,22350,,N,C,C,A,A,H,-,A,D,0,,,,,Y,,D,22,0,0,1,0,0,0,0,0,0,"- ","- ",36.754161834716797,-119.77587127685547,FRESNO,FRESNO,-119.77587890625,36.754207611083984
90827138,2018,2018-10-03,9435,2018-09-25,1710,020450,,2,2,9,1000,0,3,5,,2,010,"SR-180 (WHITESBRIDGE AVE.)","DICKENSON AVE",800.00,W,N,A,-,Y,,,180,,,,,,,Y,4,0,1,2,A,-,08,22107,,N,B,C,A,A,H,-,A,D,0,,,,,Y,,A,08,0,0,1,0,0,0,0,0,0,"- ","- ",36.735160827636719,-119.97219085693359,FRESNO,UNINCORPORATED,-119.97219085693359,36.735015869140625
90827698,2018,2018-10-03,9435,2018-09-19,0815,018914,,3,1,9,1000,0,1,3,,1,183,"SR-180 W/B","DE WOLF AVENUE",0.00,,Y,A,-,Y,,,180,,,,,,W,Y,3,0,2,2,A,-,12,21453,A,N,D,C,A,A,H,-,B,A,0,,,,,Y,,D,22,0,1,1,0,0,0,0,0,0,"- ","- ",36.737331390380859,-119.64584350585938,FRESNO,UNINCORPORATED,-119.64584350585938,36.737194061279297
90828254,2018,2018-10-04,9435,2018-09-27,1620,020871,,4,2,7,1005,0,1,3,,2,181,"SR-180 W/B","FULTON ST",100.00,W,N,A,-,Y,,,180,,,,,,W,Y,2,0,2,3,A,-,03,22350,,F,C,C,A,A,H,-,A,D,0,,,,,Y,,A,01,1,0,1,0,0,0,0,0,0,"- ","- ",36.748809814453125,-119.80039978027344,FRESNO,FRESNO,-119.80036926269531,36.748748779296875
90829081,2018,2018-10-04,9435,2018-09-26,1600,019210,,3,2,7,1005,0,1,3,,2,181,"SR-180 W/B","G ST",100.00,W,N,A,-,Y,,,180,,,,,,W,Y,4,0,1,3,A,-,07,21658,A,N,B,C,A,A,H,-,A,D,0,,,,Y,Y,,A,01,0,0,1,0,0,0,0,0,0,"- ","- ",36.743839263916016,-119.80957794189453,FRESNO,FRESNO,-119.80958557128906,36.743854522705078
90830548,2018,2018-10-08,9435,2018-09-26,1630,016270,,3,2,9,1000,0,1,3,,2,184,"STATE ROUTE 180","COVE AVE",5808.00,E,N,A,-,Y,,,180,,,,,,,Y,3,0,1,2,A,-,09,21804,A,N,D,C,A,A,H,-,A,D,0,,,,,Y,,A,01,0,1,0,0,0,0,0,0,0,"- ","- ",36.718288421630859,-119.33081817626953,FRESNO,UNINCORPORATED,-119.33082580566406,36.718299865722656
90831275,2018,2018-10-08,9435,2018-10-01,1620,019610,,1,2,7,1005,0,1,3,,2,181,"SR-180 W/B","G STREET",300.00,E,N,A,-,Y,,,180,,,,,,W,N,4,0,1,2,A,-,03,22350,,N,D,C,A,A,H,-,A,D,0,,,,,Y,,A,01,0,0,1,0,0,0,0,0,0,"- ","- ",36.744701385498047,-119.80800628662109,FRESNO,FRESNO,-119.80801391601562,36.744701385498047
90832041,2018,2018-10-09,9435,2018-09-28,0940,018914,,5,1,7,1005,0,1,3,,2,181,"SR-180 W/B","H STREET",200.00,E,N,A,-,Y,,,180,,,,,,W,Y,3,0,1,4,A,-,03,22350,,N,C,C,A,A,H,-,A,D,0,,,,,Y,,D,22,0,1,0,0,0,0,0,0,0,"- ","- ",36.745651245117188,-119.80623626708984,FRESNO,FRESNO,-119.80623626708984,36.745639801025391
90832390,2018,2018-10-09,9435,2018-10-04,0715,015026,,4,1,7,1005,0,1,3,,2,181,"SR-180 W/B","ABBY ST",495.00,E,N,A,-,Y,,,180,,,,,,W,N,3,0,1,1,A,-,08,22107,,N,E,I,A,A,H,-,A,D,0,,,,,Y,,A,01,0,1,0,0,0,0,0,0,0,"- ","- ",36.752799987792969,-119.78749847412109,FRESNO,FRESNO,-119.78749084472656,36.75274658203125
90835108,2018,2019-05-08,9435,2018-09-09,1805,019610,,7,2,9,1000,0,1,3,,1,183,"SR-180 EASTBOUND","MCCALL AVENUE",95.00,W,N,A,-,Y,,,180,,,,,,E,N,1,1,1,3,A,-,03,22350,,N,C,C,A,A,H,-,A,A,0,,,Y,,Y,Y,C,02,0,0,1,0,0,0,0,1,0,"- ","- ",36.735729217529297,-119.61009979248047,FRESNO,UNINCORPORATED,-119.61009979248047,36.735729217529297
90835511,2018,2018-10-15,9435,2018-10-02,0637,016270,,2,1,9,1000,0,3,5,,2,060,"STATE ROUTE 180 (KINGS CANYON ROAD)","OLD OAK ROAD",12144.00,E,N,B,-,Y,,,180,,,,,,,Y,4,0,1,1,A,-,03,22350,,N,E,I,A,B,H,-,A,D,0,,,,,Y,,A,01,0,0,1,0,0,0,0,0,0,"- ","- ",36.760269165039062,-119.12378692626953,FRESNO,UNINCORPORATED,-119.12384796142578,36.760250091552734
90836014,2018,2018-10-15,9435,2018-10-06,1645,021230,,6,2,9,1000,0,3,5,,2,010,SR-180,"LASSEN AVE",10.00,W,N,A,-,Y,,,180,,,,,,,N,4,0,1,2,A,-,03,22350,,N,C,C,A,A,H,-,A,D,0,,,,,Y,,A,01,0,0,1,0,0,0,0,0,0,"- ","- ",36.734718322753906,-120.09654235839844,FRESNO,UNINCORPORATED,-120.09654235839844,36.734725952148438
90840809,2018,2018-10-22,9435,2018-10-11,2325,020586,,4,3,7,1005,0,1,3,,2,182,"SR-180 W/B","PEACH AVE",500.00,W,N,A,-,Y,,,180,,,,,,W,Y,4,0,2,2,A,-,01,23152,A,N,C,C,A,A,H,-,D,D,0,,,,,Y,Y,A,01,0,0,2,0,0,0,0,0,0,"- ","- ",36.753509521484375,-119.71987152099609,FRESNO,FRESNO,-119.71987152099609,36.753501892089844
90847294,2018,2018-10-29,9435,2018-10-21,2115,020854,,7,2,9,1000,0,1,3,,1,183,"SR-180 W/B","DE WOLF AVENUE",1320.00,W,N,A,-,Y,,,180,,,,,,W,Y,2,0,1,2,A,-,01,23152,A,N,B,C,A,A,H,-,D,D,0,,,,,Y,Y,A,07,1,0,0,0,0,0,0,0,0,"- ","- ",36.737228393554688,-119.65222930908203,FRESNO,UNINCORPORATED,-119.65222930908203,36.737190246582031
90848387,2018,2018-10-30,9435,2018-10-19,1827,019451,,5,2,7,1005,0,1,3,,2,181,"SR-180 W/B TO SR-99 S/B","NIELSEN AVENUE",528.00,S,N,A,-,Y,,,180,,,,R,,W,N,4,0,1,2,A,-,03,22350,,M,C,C,A,A,H,-,B,D,0,,,,,Y,,A,01,0,0,1,0,0,0,0,0,0,"- ","- ",36.742198944091797,-119.81719970703125,FRESNO,FRESNO,-119.81719970703125,36.742198944091797
90851600,2018,2018-11-02,9435,2018-10-31,0850,015986,,3,1,9,1000,0,1,3,,1,180,"SR-180 (WHITESBRIDGE AVENUE)","SHASTA AVENUE",465.00,W,N,A,-,Y,,,180,,,,,,,N,2,0,1,2,A,-,11,21954,A,N,G,B,E,A,H,-,A,D,0,Y,,,Y,Y,,N,60,1,0,0,0,1,0,0,0,0,"- ","- ",36.734691619873047,-120.10697174072266,FRESNO,UNINCORPORATED,-120.10697174072266,36.734710693359375
90859012,2018,2018-11-13,9435,2018-10-30,2020,018892,,2,2,7,1005,0,1,3,,2,182,"SR-180 E/B TO SR-168 E/B","CEDAR AVE",1373.00,E,N,A,-,Y,,,180,,,,R,,E,Y,3,0,1,1,A,-,08,22107,,N,E,I,A,A,H,-,C,D,0,,,,,Y,,A,07,0,1,0,0,0,0,0,0,0,"- ","- ",36.756061553955078,-119.74958038330078,FRESNO,FRESNO,-119.74958038330078,36.756061553955078
90859687,2018,2019-06-28,9435,2018-09-18,2150,020680,,2,2,9,1000,0,1,3,,1,180,"STATE ROUTE 180 (WHITESBRIDGE AVENUE)","NAPA AVENUE",4224.00,W,N,A,-,Y,,,180,,,,,,,Y,1,1,2,3,A,-,01,23152,A,N,D,C,A,A,H,-,D,D,0,,,,,Y,Y,A,01,1,0,1,0,0,0,0,0,0,"- ","- ",36.734409332275391,-120.23811340332031,FRESNO,UNINCORPORATED,-120.23811340332031,36.734371185302734
90859706,2018,2018-11-14,9435,2018-09-18,2153,018944,,2,2,9,1000,0,1,3,,1,180,"STATE ROUTE 180 (WHITESBRIDGE AVENUE)","NAPA AVE",4224.00,W,N,A,-,Y,,,180,,,,,,,Y,3,0,1,2,C,-,18,,,N,B,C,A,A,H,-,D,D,0,,,,Y,Y,,-,"- ",0,1,0,0,0,0,0,0,0,"- ","- ",36.734569549560547,-120.23455047607422,FRESNO,UNINCORPORATED,-120.23455047607422,36.734371185302734
90861160,2018,2018-11-15,9435,2018-11-01,1505,021247,,4,2,9,1000,1,1,3,,1,183,"SR-180 E/B","DE WOLF AVENUE",533.00,E,N,A,-,N,,,180,,,,,,E,Y,4,0,1,2,A,-,03,22350,,N,C,C,A,A,H,-,A,D,0,,,,,Y,,A,01,0,0,1,0,0,0,0,0,0,"- ","- ",36.736858367919922,-119.64407348632812,FRESNO,UNINCORPORATED,-119.64407348632812,36.736854553222656