CASE_ID,ACCIDENT_YEAR,PROC_DATE,JURIS,COLLISION_DATE,COLLISION_TIME,OFFICER_ID,REPORTING_DISTRICT,DAY_OF_WEEK,CHP_SHIFT,POPULATION,CNTY_CITY_LOC,SPECIAL_COND,BEAT_TYPE,CHP_BEAT_TYPE,CITY_DIVISION_LAPD,CHP_BEAT_CLASS,BEAT_NUMBER,PRIMARY_RD,SECONDARY_RD,DISTANCE,DIRECTION,INTERSECTION,WEATHER_1,WEATHER_2,STATE_HWY_IND,CALTRANS_COUNTY,CALTRANS_DISTRICT,STATE_ROUTE,ROUTE_SUFFIX,POSTMILE_PREFIX,POSTMILE,LOCATION_TYPE,RAMP_INTERSECTION,SIDE_OF_HWY,TOW_AWAY,COLLISION_SEVERITY,NUMBER_KILLED,NUMBER_INJURED,PARTY_COUNT,PRIMARY_COLL_FACTOR,PCF_CODE_OF_VIOL,PCF_VIOL_CATEGORY,PCF_VIOLATION,PCF_VIOL_SUBSECTION,HIT_AND_RUN,TYPE_OF_COLLISION,MVIW,PED_ACTION,ROAD_SURFACE,ROAD_COND_1,ROAD_COND_2,LIGHTING,CONTROL_DEVICE,CHP_ROAD_TYPE,PEDESTRIAN_ACCIDENT,BICYCLE_ACCIDENT,MOTORCYCLE_ACCIDENT,TRUCK_ACCIDENT,NOT_PRIVATE_PROPERTY,ALCOHOL_INVOLVED,STWD_VEHTYPE_AT_FAULT,CHP_VEHTYPE_AT_FAULT,COUNT_SEVERE_INJ,COUNT_VISIBLE_INJ,COUNT_COMPLAINT_PAIN,COUNT_PED_KILLED,COUNT_PED_INJURED,COUNT_BICYCLIST_KILLED,COUNT_BICYCLIST_INJURED,COUNT_MC_KILLED,COUNT_MC_INJURED,PRIMARY_RAMP,SECONDARY_RAMP,LATITUDE,LONGITUDE,COUNTY,CITY,POINT_X,POINT_Y
90864832,2018,2018-11-21,9435,2018-11-06,1500,020540,,2,2,7,1005,0,1,3,,2,181,"SR-180 WESTBOUND","H STREET",732.00,E,N,A,-,Y,,,180,,,,,,W,Y,4,0,1,3,A,-,03,22350,,N,C,C,A,A,H,-,A,D,0,,,,,Y,,A,01,0,0,1,0,0,0,0,0,0,"- ","- ",36.74652099609375,-119.80474853515625,FRESNO,FRESNO,-119.80471038818359,36.746448516845703
90864856,2018,2018-11-21,9435,2018-11-13,1735,020095,,2,2,7,1005,0,1,3,,2,181,"SR-180 W/B","G ST",100.00,E,N,A,-,Y,,,180,,,,,,W,Y,4,0,2,3,A,-,03,22350,,N,C,C,A,A,H,-,C,D,0,,,,,Y,,A,01,0,0,2,0,0,0,0,0,0,"- ","- ",36.744880676269531,-119.8076171875,FRESNO,FRESNO,-119.80763244628906,36.744903564453125
90866449,2018,2018-11-26,9435,2018-11-09,1845,021165,,5,2,7,1005,0,1,3,,2,181,"SR-180 W/B","FULTON ST",300.00,W,N,A,-,Y,,,180,,,,,,W,N,4,0,1,2,A,-,07,21658,A,N,B,C,A,A,H,-,A,D,0,,,,,Y,,I,20,0,0,1,0,0,0,0,0,0,"- ","- ",36.746410369873047,-119.80476379394531,FRESNO,FRESNO,-119.80476379394531,36.746417999267578
90866522,2018,2018-11-26,9435,2018-11-13,1825,020095,,2,2,7,1005,0,1,3,,2,181,"SR-180 W/B","VAN NESS AVE",450.00,E,N,A,-,Y,,,180,,,,,,W,Y,3,0,2,3,A,-,07,21658,A,N,B,C,A,A,H,-,C,D,0,,,,,Y,,A,01,0,2,0,0,0,0,0,0,0,"- ","- ",36.749820709228516,-119.79836273193359,FRESNO,FRESNO,-119.79835510253906,36.749805450439453
90872219,2018,2018-11-30,9435,2018-11-24,1042,015986,,6,1,7,1005,0,1,3,,1,180,"SR-180 E/B TO SR-99","SR-99 S/B",700.00,W,N,A,-,Y,,,180,,,,R,,E,Y,2,0,1,2,A,-,08,22107,,N,B,C,A,A,H,-,A,D,0,,,Y,,Y,,C,02,1,0,0,0,0,0,0,0,1,"- ","- ",36.739360809326172,-119.81710815429688,FRESNO,FRESNO,-119.81710815429688,36.739360809326172
90873188,2018,2018-12-03,9435,2018-11-18,1440,021247,,7,2,9,1000,0,1,3,,1,180,"SR-180 (WHITESBRIDGE AVENUE)","POLK AVE",1049.00,W,N,A,-,Y,,,180,,,,,,,Y,3,0,3,2,A,-,01,23152,G,M,B,C,A,A,H,-,A,D,0,,,,,Y,Y,A,01,0,1,2,0,0,0,0,0,0,"- ","- ",36.735439300537109,-119.89340972900391,FRESNO,UNINCORPORATED,-119.89340972900391,36.735431671142578
90873364,2018,2018-12-03,9435,2018-11-18,1730,021165,,7,2,9,1000,0,1,3,,1,180,"SR-180 W/B","YUBA AVE",2640.00,E,N,A,-,Y,,,180,,,,,,W,Y,3,0,1,2,A,-,03,22350,,N,C,G,A,A,H,-,D,D,0,,,Y,,Y,,O,05,0,1,0,0,0,0,0,0,1,"- ","- ",36.73455810546875,-120.15374755859375,FRESNO,UNINCORPORATED,-120.15374755859375,36.734653472900391
90874810,2018,2018-12-04,9435,2018-11-27,0750,012846,,2,1,7,1005,0,1,3,,2,182,"SR-180 W/B","WILLOW AVE",100.00,E,N,A,-,Y,,,180,,,,,,W,Y,4,0,2,3,A,-,03,22350,,N,C,C,A,A,H,-,A,D,0,,,,,Y,,A,01,0,0,2,0,0,0,0,0,0,"- ","- ",36.753681182861328,-119.7264404296875,FRESNO,FRESNO,-119.7264404296875,36.753704071044922
90875013,2018,2018-12-04,9435,2018-11-27,1025,012846,,2,1,7,1005,0,1,3,,2,182,"SR-180 W/B","ARMSTRONG AVE",900.00,E,N,A,-,Y,,,180,,,,,,W,Y,4,0,1,1,A,-,08,22107,,N,E,I,A,A,H,-,A,D,0,,,,,Y,,A,01,0,0,1,0,0,0,0,0,0,"- ","- ",36.747200012207031,-119.67130279541016,FRESNO,FRESNO,-119.67127990722656,36.747215270996094
90875377,2018,2018-12-04,9435,2018-10-28,0945,017310,,7,1,9,1000,0,1,3,,1,183,"SR-180 EASTBOUND","BETHEL AVENUE",0.00,,Y,A,-,Y,,,180,,,,,,E,Y,2,0,5,2,A,-,12,21453,A,N,D,C,A,A,H,-,A,A,0,,,,,Y,,A,01,3,2,0,0,0,0,0,0,0,"- ","- ",36.735919952392578,-119.57415008544922,FRESNO,UNINCORPORATED,-119.57415008544922,36.735904693603516
90876535,2018,2018-12-05,9435,2018-11-29,1514,019113,,4,2,7,1005,0,1,3,,2,182,"SR-180 W/B","PEACH AVENUE",1320.00,W,N,B,C,Y,,,180,,,,,,W,Y,3,0,1,2,A,-,07,21658,A,N,B,C,A,B,H,-,A,D,0,,,,,Y,,A,01,0,1,0,0,0,0,0,0,0,"- ","- ",36.753738403320312,-119.72541046142578,FRESNO,FRESNO,-119.72541046142578,36.753673553466797
90876914,2018,2018-12-06,9435,2018-11-20,1044,018914,,2,1,7,1005,0,1,3,,1,168,"SR-180 E/B TO SR-168 E/B","OLIVE AVENUE",575.00,S,N,A,-,Y,,,180,,,,R,,E,Y,4,0,1,1,C,-,18,,,N,E,I,A,A,H,-,A,D,0,,,,,Y,,-,"- ",0,0,1,0,0,0,0,0,0,"- ","- ",36.755699157714844,-119.74990081787109,FRESNO,FRESNO,-119.74990081787109,36.755699157714844
90877123,2018,2018-12-06,9435,2018-11-30,1854,019610,,5,2,7,1005,0,1,3,,2,181,"SR-180 W/B","BROADWAY STREET",300.00,W,N,B,-,Y,,,180,,,,,,W,Y,4,0,7,2,A,-,03,22350,,N,C,C,A,A,H,-,C,A,0,,,,,Y,,A,01,0,0,7,0,0,0,0,0,0,"- ","- ",36.746978759765625,-119.80388641357422,FRESNO,FRESNO,-119.80384826660156,36.746902465820312
90878376,2018,2018-12-07,9435,2018-12-04,1718,019451,,2,2,7,1005,0,1,3,,2,181,"SR-180 E/B (SEQUOIA KINGS CANYON FWY)","ABBY STREET",500.00,E,N,A,-,Y,,,180,,,,,,E,N,4,0,1,3,A,-,03,22350,,N,C,C,A,A,H,-,C,D,0,,,,,Y,,D,22,0,0,1,0,0,0,0,0,0,"- ","- ",36.752628326416016,-119.78620147705078,FRESNO,FRESNO,-119.78622436523438,36.752742767333984
90879113,2018,2018-12-10,9435,2018-11-28,1309,020095,,3,1,7,1005,0,1,3,,2,181,"SR-180 E/B","ABBY ST",700.00,E,N,B,C,Y,,,180,,,,,,E,Y,4,0,2,3,A,-,03,22350,,N,D,C,A,B,H,-,A,D,0,,,,,Y,,A,01,0,0,2,0,0,0,0,0,0,"- ","- ",36.752788543701172,-119.78607940673828,FRESNO,FRESNO,-119.78607940673828,36.752773284912109
90883942,2018,2018-12-17,9435,2018-12-07,1830,019210,,5,2,7,1005,0,1,3,,2,181,"SR-180 W/B","G ST",200.00,E,N,B,-,Y,,,180,,,,,,W,Y,4,0,1,2,A,-,03,22350,,N,C,C,A,A,H,-,A,D,0,,,,,Y,,A,01,0,0,1,0,0,0,0,0,0,"- ","- ",36.744369506835938,-119.80863189697266,FRESNO,FRESNO,-119.80863189697266,36.744369506835938
90887103,2018,2018-12-20,9435,2018-12-17,1020,015986,,1,1,7,1005,0,1,3,,2,181,"SR-180 E/B","BLACKSTONE AVENUE",300.00,E,N,C,-,Y,,,180,,,,,,E,Y,3,0,2,2,A,-,03,22350,,N,D,C,A,B,H,-,A,D,0,,,,,Y,,A,07,0,1,1,0,0,0,0,0,0,"- ","- ",36.752670288085938,-119.78642272949219,FRESNO,FRESNO,-119.78643035888672,36.752700805664062
90887559,2018,2018-12-21,9435,2018-12-15,0420,020680,,6,3,7,1005,0,1,3,,2,181,"SR-180 E/B",SR-41,360.00,W,N,A,-,Y,,,180,,,,,,E,Y,3,0,1,1,A,-,01,23152,A,N,F,I,A,A,H,-,D,D,0,,,,,Y,Y,A,01,0,1,0,0,0,0,0,0,0,"- ","- ",36.753929138183594,-119.77739715576172,FRESNO,FRESNO,-119.77741241455078,36.754035949707031
90887771,2018,2018-12-21,9435,2018-12-13,0056,020078,,4,3,9,1000,0,1,3,,1,183,"SR-180 E/B","FOWLER AVE",450.00,W,N,A,-,Y,,,180,,,,,,E,Y,3,0,1,1,A,-,01,23152,A,N,F,A,A,A,H,-,D,D,0,,,,,Y,Y,D,22,0,1,0,0,0,0,0,0,0,"- ","- ",36.753578186035156,-119.68569183349609,FRESNO,UNINCORPORATED,-119.68569183349609,36.753379821777344
90887834,2018,2018-12-21,9435,2018-12-08,1826,019932,,6,2,9,1000,0,1,3,,1,180,"SR-180 E/B","S. FLOYD AVE.",1584.00,E,N,B,-,Y,,,180,,,,,,E,Y,4,0,3,3,A,-,08,22107,,N,B,C,A,A,H,-,D,D,0,,,,,Y,,D,22,0,0,3,0,0,0,0,0,0,"- ","- ",36.734901428222656,-119.98570251464844,FRESNO,UNINCORPORATED,-119.98570251464844,36.734973907470703
90888873,2018,2018-12-24,9435,2018-12-16,1431,020122,,7,2,9,1000,0,1,3,,1,183,"SR-180 E/B","DE WOLF AVE",350.00,W,N,A,-,Y,,,180,,,,,,E,Y,4,0,7,5,A,-,03,22350,,N,C,C,A,A,H,-,A,D,0,,,,,Y,,A,01,0,0,7,0,0,0,0,0,0,"- ","- ",36.7369384765625,-119.64727020263672,FRESNO,UNINCORPORATED,-119.64727020263672,36.736949920654297
90889730,2018,2018-12-26,9435,2018-12-19,1752,019451,,3,2,7,1005,0,1,3,,1,180,"SR-180 W/B TO MARKS AVENUE","MARKS AVENUE",5.00,E,N,A,-,Y,,,180,,,,R,,W,N,4,0,1,2,A,-,03,22350,,N,C,C,A,A,H,-,C,D,0,,,,,Y,,A,07,0,0,1,0,0,0,0,0,0,"- ","- ",36.739601135253906,-119.84420013427734,FRESNO,FRESNO,-119.84420013427734,36.739601135253906
90890440,2018,2018-12-26,9435,2018-12-15,1705,020871,,6,2,7,1005,0,1,3,,2,182,"SR-180 E/B","WILLOW AVE",1056.00,W,N,A,-,Y,,,180,,,,,,E,Y,2,0,1,1,A,-,08,22107,,N,F,A,A,A,H,-,D,D,0,,,Y,,Y,,C,02,1,0,0,0,0,0,0,0,1,"- ","- ",36.753810882568359,-119.73251342773438,FRESNO,FRESNO,-119.73249816894531,36.753894805908203
90894327,2018,2018-12-31,9435,2018-12-23,0232,020592,,7,3,7,1005,0,1,3,,2,182,"SR-180 W/B TO CEDAR AVENUE","SR-180 E/B TO SR-168 E/B",91.00,E,N,A,-,Y,,,180,,,,R,,W,Y,3,0,4,1,A,-,01,23152,A,N,E,I,A,A,H,-,C,D,0,,,,,Y,Y,A,07,0,2,2,0,0,0,0,0,0,"- ","- ",36.755889892578125,-119.74948120117188,FRESNO,FRESNO,-119.74948120117188,36.755889892578125
90897792,2018,2019-01-04,9435,2018-12-25,1430,020095,,2,2,7,1005,0,1,3,,2,181,"SR-180 W/B","FIRST AVE",1300.00,E,N,A,-,Y,,,180,,,,,,W,Y,4,0,2,1,A,-,08,22107,,N,E,I,A,A,H,-,A,D,0,,,,,Y,,A,01,0,0,2,0,0,0,0,0,0,"- ","- ",36.755088806152344,-119.76754760742188,FRESNO,FRESNO,-119.76754760742188,36.755130767822266
90897850,2018,2019-01-04,9435,2018-12-26,1322,020095,,3,1,9,1000,0,1,3,,1,180,"SR-180 E/B","ROLINDA AVE",950.00,E,N,A,-,Y,,,180,,,,,,E,Y,4,0,1,2,A,-,03,22350,,N,C,C,A,A,H,-,A,D,0,,,,,Y,,A,01,0,0,1,0,0,0,0,0,0,"- ","- ",36.735080718994141,-119.95770263671875,FRESNO,UNINCORPORATED,-119.95770263671875,36.735092163085938
90898511,2018,2019-01-07,9435,2018-12-25,0455,021165,,2,3,9,1000,0,1,3,,1,183,"SR-180 E/B","MCCALL AVE",0.00,,Y,E,-,Y,,,180,,,,,,E,Y,2,0,2,2,A,-,12,21453,A,M,D,C,A,B,H,-,D,A,0,,,,,Y,Y,A,01,1,0,1,0,0,0,0,0,0,"- ","- ",36.735729217529297,-119.60991668701172,FRESNO,UNINCORPORATED,-119.60991668701172,36.735729217529297
90898865,2018,2019-01-07,9435,2018-12-29,1735,020095,,6,2,7,1005,0,1,3,,2,181,"SR-180 W/B","FULTON ST",10.00,E,N,A,-,Y,,,180,,,,,,W,Y,4,0,2,2,A,-,03,22350,,N,C,C,A,A,H,-,C,D,0,,,,,Y,,A,01,0,0,2,0,0,0,0,0,0,"- ","- ",36.748878479003906,-119.80013275146484,FRESNO,FRESNO,-119.80012512207031,36.748874664306641
90899550,2018,2019-01-08,9435,2018-12-29,2025,020481,,6,2,7,1005,0,1,3,,2,181,"STATE ROUTE 180 EASTBOUND","BLACKSTONE AVENUE",257.00,W,N,A,-,Y,,,180,,,,,,E,Y,4,0,4,2,A,-,08,22107,,N,C,E,A,A,H,-,C,D,0,,,,,Y,,A,01,0,0,4,0,0,0,0,0,0,"- ","- ",36.751510620117188,-119.79154205322266,FRESNO,FRESNO,-119.79156494140625,36.751617431640625
90901448,2018,2019-01-10,9435,2018-12-16,1904,020095,,7,2,9,1000,0,1,3,,1,183,"SR-180 E/B TO FOWLER AVE","FOWLER AVE",800.00,W,N,A,-,Y,,,180,,,,R,,E,Y,3,0,2,2,A,-,01,23152,A,F,C,C,A,A,H,-,C,D,0,,,,,Y,,D,22,0,2,0,0,0,0,0,0,0,"- ","- ",36.753059387207031,-119.68480682373047,FRESNO,UNINCORPORATED,-119.68480682373047,36.753059387207031
90902355,2019,2019-01-11,9435,2019-01-05,1715,020837,,6,2,7,1005,0,1,3,,2,181,"STATE ROUTE 180 EASTBOUND","FULTON STREET",100.00,E,N,B,C,Y,,,180,,,,,,E,Y,4,0,3,4,A,-,03,22350,,N,C,C,A,B,H,-,C,D,0,,,,,Y,,A,01,0,0,3,0,0,0,0,0,0,"- ","- ",36.748760223388672,-119.79969787597656,FRESNO,FRESNO,-119.79971313476562,36.748786926269531
90903250,2019,2019-01-14,9435,2019-01-05,0005,020871,,6,3,7,1005,0,1,3,,2,181,"SR-180 W/B TO BLACKSTONE AVENUE","BLACKSTONE AVENUE",420.00,W,N,A,-,Y,,,180,,,,R,,W,Y,3,0,1,1,A,-,01,23152,A,N,E,I,A,A,H,-,C,D,0,,,,,Y,Y,A,01,0,1,0,0,0,0,0,0,0,"- ","- ",36.752201080322266,-119.79206085205078,FRESNO,FRESNO,-119.79206085205078,36.752201080322266
90904977,2019,2019-01-15,9435,2019-01-11,0735,015095,,5,1,9,1000,0,1,3,,1,183,SR-180,"TRIMMER SPRINGS ROAD",0.00,,Y,E,-,Y,,,180,,,,,,,Y,4,0,2,3,A,-,03,22350,,N,C,C,A,B,H,-,A,D,0,,,,,Y,,D,22,0,0,2,0,0,0,0,0,0,"- ","- ",36.733428955078125,-119.49600219726562,FRESNO,UNINCORPORATED,-119.49600219726562,36.733444213867188
90906326,2019,2019-01-17,9435,2019-01-11,1225,015179,,5,1,7,1005,0,1,3,,2,181,"STATE ROUTE 180 WESTBOUND","STATE ROUTE 99",528.00,E,N,A,-,Y,,,180,,,,,,W,Y,4,0,1,2,A,-,03,22350,,N,C,C,A,A,H,-,A,D,0,,,,,Y,,D,22,0,0,1,0,0,0,0,0,0,"- ","- ",36.745838165283203,-119.80599212646484,FRESNO,FRESNO,-119.80596160888672,36.745784759521484
90906333,2019,2019-01-17,9435,2019-01-12,1625,020837,,6,2,7,1005,0,1,3,,2,181,"STATE ROUTE 180 WESTBOUND","FULTON STREET",275.00,W,N,A,-,Y,,,180,,,,,,W,Y,4,0,4,3,A,-,03,22350,,N,C,C,A,A,H,-,B,D,0,,,,,Y,,A,01,0,0,4,0,0,0,0,0,0,"- ","- ",36.748279571533203,-119.80111694335938,FRESNO,FRESNO,-119.8011474609375,36.748332977294922
90907427,2019,2019-01-29,9435,2019-01-15,1025,020297,,2,1,7,1005,0,1,3,,2,181,"SR-180 W/B TO SR-41 N/B","OLIVE AVE.",350.00,S,N,B,-,Y,,,180,,,,R,,W,Y,3,0,1,1,A,-,03,22350,,N,E,I,A,A,H,-,A,D,0,,,,,Y,,A,01,0,1,0,0,0,0,0,0,0,"- ","- ",36.756671905517578,-119.77483367919922,FRESNO,FRESNO,-119.77483367919922,36.756671905517578
90909688,2019,2019-01-23,9435,2019-01-16,1715,018914,,3,2,7,1005,0,1,3,,2,181,"SR-180 E/B","ABBY STREET",380.00,E,N,B,C,Y,,,180,,,,,,E,Y,4,0,1,2,A,-,03,22350,,N,C,C,A,B,H,-,C,D,0,,,,,Y,,A,01,0,0,1,0,0,0,0,0,0,"- ","- ",36.752338409423828,-119.78794097900391,FRESNO,FRESNO,-119.78794860839844,36.752391815185547
90910016,2019,2019-01-23,9435,2019-01-13,1740,020824,,7,2,7,1005,0,1,3,,2,181,"SR-180 W/B TO SR-99","STATE ROUTE 99",1250.00,E,N,A,-,Y,,,180,,,,R,,W,Y,4,0,1,3,A,-,03,22350,,N,C,C,A,A,H,-,C,D,0,,,,,Y,,A,01,0,0,1,0,0,0,0,0,0,"- ","- ",36.743068695068359,-119.8111572265625,FRESNO,FRESNO,-119.8111572265625,36.743068695068359
90912501,2019,2019-01-25,9435,2019-01-19,1910,020837,,6,2,9,1000,0,1,3,,1,183,"STATE ROUTE 180 WESTBOUND","DEL REY AVENUE",100.00,W,N,A,-,N,,,180,,,,,,W,N,4,0,1,2,A,-,09,21802,A,N,C,C,A,A,H,-,C,D,0,,,,,Y,,A,01,0,0,1,0,0,0,0,0,0,"- ","- ",36.736068725585938,-119.59242248535156,FRESNO,UNINCORPORATED,-119.59242248535156,36.736076354980469
90914063,2019,2019-01-28,9435,2019-01-20,1835,016507,,7,2,9,1000,0,1,3,,2,184,"STATE ROUTE 180 (KINGS CANYON ROAD)","CRAWFORD AVE",25.00,E,N,B,-,Y,,,180,,,,,,,Y,4,0,1,2,A,-,01,23152,A,N,C,C,A,A,H,-,D,D,0,,,,,Y,Y,A,01,0,0,1,0,0,0,0,0,0,"- ","- ",36.71942138671875,-119.37606048583984,FRESNO,UNINCORPORATED,-119.37606048583984,36.719486236572266
90915297,2019,2019-01-30,9435,2019-01-26,1620,020854,,6,2,7,1005,0,1,3,,2,181,"SR-180 W/B","G STREET",100.00,E,N,A,-,Y,,,180,,,,,,W,N,4,0,1,2,A,-,03,22350,,N,C,C,A,A,H,-,A,D,0,,,,,Y,,A,07,0,0,1,0,0,0,0,0,0,"- ","- ",36.744388580322266,-119.80859375,FRESNO,FRESNO,-119.80858612060547,36.744388580322266
90915323,2019,2019-01-30,9435,2019-01-26,1745,019635,,6,2,9,1000,0,1,3,,1,183,SR-180,"SMITH AVE",400.00,W,N,A,-,Y,,,180,,,,,,,Y,3,0,2,2,A,-,09,21801,A,N,D,C,A,A,H,-,D,D,0,,,Y,,Y,,A,01,0,1,1,0,0,0,0,0,1,"- ","- ",36.7340087890625,-119.50312042236328,FRESNO,UNINCORPORATED,-119.50313568115234,36.733924865722656
90915419,2019,2019-01-30,9435,2019-01-07,1701,020019,,1,2,9,1000,0,1,3,,1,183,"SR-180 WESTBOUND","DEL REY AVENUE",0.00,,Y,A,-,Y,,,180,,,,,,W,Y,1,1,5,2,A,-,09,21801,A,N,D,C,A,A,H,-,A,D,0,,,,,Y,,A,01,0,3,2,0,0,0,0,0,0,"- ","- ",36.736038208007812,-119.59197998046875,FRESNO,UNINCORPORATED,-119.59197998046875,36.736083984375
90916241,2019,2019-01-31,9435,2019-01-26,2105,019635,,6,2,9,1000,0,1,3,,1,183,"SR-180 W/B","TEMPERANCE AVE",10.00,W,N,A,-,Y,,,180,,,,,,W,Y,4,0,1,1,A,-,01,23152,A,N,E,I,A,A,H,-,C,D,0,,,,,Y,Y,A,01,0,0,1,0,0,0,0,0,0,"- ","- ",36.739749908447266,-119.66384887695312,FRESNO,UNINCORPORATED,-119.66390228271484,36.739643096923828
90917451,2019,2019-02-01,9435,2019-01-24,1535,018914,,4,2,7,1005,0,1,3,,2,181,"SR-180 W/B","H STREET",500.00,E,N,A,-,Y,,,180,,,,,,W,N,4,0,1,3,A,-,04,21703,,F,C,C,A,A,H,-,A,D,0,,,,,Y,,A,01,0,0,1,0,0,0,0,0,0,"- ","- ",36.746601104736328,-119.80439758300781,FRESNO,FRESNO,-119.80440521240234,36.746608734130859
90918571,2019,2019-02-04,9435,2019-01-28,0335,019603,,1,3,9,1000,0,1,3,,1,180,"SR-180 (WHITESBRIDGE ROAD)","DICKENSON AVE",450.00,W,N,E,-,Y,,,180,,,,,,,N,4,0,1,1,A,-,01,23152,A,N,F,A,A,B,H,-,D,D,0,,,,,Y,Y,A,01,0,0,1,0,0,0,0,0,0,"- ","- ",36.735069274902344,-119.97242736816406,FRESNO,UNINCORPORATED,-119.97242736816406,36.735012054443359
90919435,2019,2019-02-05,9435,2019-01-26,0800,018746,,6,1,7,1005,0,1,3,,2,181,"SR-180 W/B","CEDAR AVE",1056.00,E,N,A,-,Y,,,180,,,,,,W,Y,3,0,1,2,A,-,08,22107,,N,B,C,A,A,H,-,A,D,0,,,,,Y,,A,01,0,1,0,0,0,0,0,0,0,"- ","- ",36.755180358886719,-119.75034332275391,FRESNO,FRESNO,-119.75034332275391,36.755134582519531
90921475,2019,2019-02-07,9435,2019-01-28,1735,018914,,1,2,7,1005,0,1,3,,2,181,"SR-180 E/B","FRESNO STREET",300.00,E,N,A,-,Y,,,180,,,,,,E,Y,4,0,3,4,A,-,03,22350,,N,C,A,A,A,H,-,C,D,0,,,,,Y,,A,01,0,0,3,0,0,0,0,0,0,"- ","- ",36.75360107421875,-119.78040313720703,FRESNO,FRESNO,-119.78040313720703,36.753650665283203
90922104,2019,2019-02-08,9435,2019-01-31,1635,021119,,4,2,9,1000,0,1,3,,2,181,"SR-180 E/B","RAINBOW AVE",50.00,W,N,B,-,N,,,180,,,,,,E,Y,4,0,2,2,A,-,03,22350,,N,C,C,A,A,H,-,A,D,0,,,,,Y,,D,22,0,0,2,0,0,0,0,0,0,"- ","- ",36.73345947265625,-119.498291015625,FRESNO,UNINCORPORATED,-119.49828338623047,36.73358154296875
90923506,2019,2019-02-11,9435,2019-01-31,1735,021119,,4,2,9,1000,0,1,3,,1,180,"SR-180 E/B","DICKENSON AVE",150.00,W,N,A,-,Y,,,180,,,,,,E,Y,4,0,2,2,A,-,03,22350,,N,C,C,A,A,H,-,D,D,0,,,,,Y,,D,22,0,0,2,0,0,0,0,0,0,"- ","- ",36.735061645507812,-119.97283935546875,FRESNO,UNINCORPORATED,-119.97283935546875,36.735012054443359
90925231,2019,2019-02-13,9435,2019-02-04,0555,015026,,1,3,7,1005,0,1,3,,2,181,"SR-180 E/B","FRESNO ST",167.00,E,N,B,C,Y,,,180,,,,,,E,Y,4,0,2,2,A,-,03,22350,,N,B,C,A,B,H,-,C,D,0,,,,,Y,,A,01,0,0,2,0,0,0,0,0,0,"- ","- ",36.753551483154297,-119.78092956542969,FRESNO,FRESNO,-119.78093719482422,36.753582000732422
90925884,2019,2019-02-13,9435,2019-02-01,1805,018914,,5,2,7,1005,0,1,3,,2,181,"SR-180 W/B TO SR-41","CEDAR AVENUE",2640.00,W,N,A,-,Y,,,180,,,,R,,W,Y,3,0,2,4,A,-,03,22350,,N,C,C,A,A,H,-,C,D,0,,,,,Y,,A,01,0,1,1,0,0,0,0,0,0,"- ","- ",36.755500793457031,-119.76519775390625,FRESNO,FRESNO,-119.76519775390625,36.755500793457031
90926063,2019,2019-02-13,9435,2019-02-06,0710,016507,,3,1,9,1000,0,1,3,,2,184,"STATE ROUTE 180","SILVER LN",3168.00,E,N,A,-,Y,,,180,,,,,,,Y,4,0,1,1,A,-,08,22107,,N,E,I,A,B,H,-,A,D,0,,,,,Y,,D,22,0,0,1,0,0,0,0,0,0,"- ","- ",36.754791259765625,-119.20765686035156,FRESNO,UNINCORPORATED,-119.20765686035156,36.754825592041016
90926969,2019,2019-02-14,9435,2019-02-08,2140,021247,,5,2,7,1005,0,1,3,,2,181,"SR-180 W/B","H ST",94.00,W,N,A,-,Y,,,180,,,,,,W,Y,4,0,1,1,A,-,08,22107,,N,F,A,A,B,H,-,D,D,0,,,,,Y,,A,07,0,0,1,0,0,0,0,0,0,"- ","- ",36.745128631591797,-119.80716705322266,FRESNO,FRESNO,-119.80717468261719,36.745143890380859
90931721,2019,2019-02-22,9435,2019-02-13,1630,021119,,3,2,7,1005,0,1,3,,2,181,"SR-180 W/B","SR-99 N/B",250.00,E,N,B,-,Y,,,180,,,,,,W,N,4,0,1,2,A,-,03,22350,,N,C,C,A,B,H,-,A,D,0,,,,,Y,,A,01,0,0,1,0,0,0,0,0,0,"- ","- ",36.743011474609375,-119.8111572265625,FRESNO,FRESNO,-119.8111572265625,36.743007659912109
90932384,2019,2019-02-22,9435,2019-02-14,0818,013793,,4,1,7,1005,0,1,3,,2,181,"SR-180 W/B","H STREET",250.00,E,N,B,G,Y,,,180,,,,,,W,Y,4,0,3,3,A,-,07,21658,A,N,B,C,A,B,H,-,A,D,0,,,,,Y,,D,22,0,0,3,0,0,0,0,0,0,"- ","- ",36.745719909667969,-119.80605316162109,FRESNO,FRESNO,-119.80606079101562,36.745735168457031
90933448,2019,2019-02-25,9435,2019-02-16,0340,020592,,6,3,7,1005,0,1,3,,1,183,"SR-180 E/B","CLOVIS AVE",390.00,E,N,B,-,Y,,,180,,,,,,E,Y,2,0,1,1,A,-,01,23152,A,N,F,A,A,A,H,-,D,D,0,,,,,Y,Y,D,22,1,0,0,0,0,0,0,0,0,"- ","- ",36.752521514892578,-119.69876098632812,FRESNO,FRESNO,-119.69876098632812,36.752632141113281