CASE_ID,ACCIDENT_YEAR,PROC_DATE,JURIS,COLLISION_DATE,COLLISION_TIME,OFFICER_ID,REPORTING_DISTRICT,DAY_OF_WEEK,CHP_SHIFT,POPULATION,CNTY_CITY_LOC,SPECIAL_COND,BEAT_TYPE,CHP_BEAT_TYPE,CITY_DIVISION_LAPD,CHP_BEAT_CLASS,BEAT_NUMBER,PRIMARY_RD,SECONDARY_RD,DISTANCE,DIRECTION,INTERSECTION,WEATHER_1,WEATHER_2,STATE_HWY_IND,CALTRANS_COUNTY,CALTRANS_DISTRICT,STATE_ROUTE,ROUTE_SUFFIX,POSTMILE_PREFIX,POSTMILE,LOCATION_TYPE,RAMP_INTERSECTION,SIDE_OF_HWY,TOW_AWAY,COLLISION_SEVERITY,NUMBER_KILLED,NUMBER_INJURED,PARTY_COUNT,PRIMARY_COLL_FACTOR,PCF_CODE_OF_VIOL,PCF_VIOL_CATEGORY,PCF_VIOLATION,PCF_VIOL_SUBSECTION,HIT_AND_RUN,TYPE_OF_COLLISION,MVIW,PED_ACTION,ROAD_SURFACE,ROAD_COND_1,ROAD_COND_2,LIGHTING,CONTROL_DEVICE,CHP_ROAD_TYPE,PEDESTRIAN_ACCIDENT,BICYCLE_ACCIDENT,MOTORCYCLE_ACCIDENT,TRUCK_ACCIDENT,NOT_PRIVATE_PROPERTY,ALCOHOL_INVOLVED,STWD_VEHTYPE_AT_FAULT,CHP_VEHTYPE_AT_FAULT,COUNT_SEVERE_INJ,COUNT_VISIBLE_INJ,COUNT_COMPLAINT_PAIN,COUNT_PED_KILLED,COUNT_PED_INJURED,COUNT_BICYCLIST_KILLED,COUNT_BICYCLIST_INJURED,COUNT_MC_KILLED,COUNT_MC_INJURED,PRIMARY_RAMP,SECONDARY_RAMP,LATITUDE,LONGITUDE,COUNTY,CITY,POINT_X,POINT_Y
90933635,2019,2019-02-25,9435,2019-02-16,1815,019895,,6,2,7,1005,0,1,3,,2,181,"SR-180 W/B","G ST",100.00,W,N,C,-,Y,,,180,,,,,,W,N,4,0,1,2,A,-,03,22350,,N,C,C,A,B,H,-,C,D,0,,,,,Y,,A,01,0,0,1,0,0,0,0,0,0,"- ","- ",36.743820190429688,-119.80970764160156,FRESNO,FRESNO,-119.8096923828125,36.743793487548828
90933693,2019,2019-02-25,9435,2019-02-16,1816,020122,,6,2,7,1005,0,1,3,,2,181,"SR-180 W/B","G ST",400.00,W,N,C,-,Y,,,180,,,,,,W,Y,4,0,2,4,A,-,03,22350,,F,C,C,A,B,H,-,C,D,0,,,,,Y,,-,99,0,0,2,0,0,0,0,0,0,"- ","- ",36.743389129638672,-119.81050109863281,FRESNO,FRESNO,-119.81048583984375,36.743370056152344
90934047,2019,2019-02-26,9435,2019-02-16,1020,016507,,6,1,9,1000,0,1,3,,2,184,"STATE ROUTE 180","MILLWOOD RD",5808.00,E,N,B,-,Y,,,180,,,,,,,Y,4,0,1,1,A,-,03,22350,,N,E,I,A,C,H,-,A,D,0,,,,,Y,,A,01,0,0,1,0,0,0,0,0,0,"- ","- ",36.743911743164062,-119.03688049316406,FRESNO,UNINCORPORATED,-119.03688812255859,36.743930816650391
90934366,2019,2019-02-26,9435,2019-02-19,1505,020836,,2,2,7,1005,0,1,3,,2,181,"SR-180 W/B","BROADWAY ST",1056.00,W,N,A,-,Y,,,180,,,,,,W,Y,4,0,1,2,A,-,03,22350,,N,C,C,A,A,H,-,A,D,0,,,,,Y,,A,07,0,0,1,0,0,0,0,0,0,"- ","- ",36.746601104736328,-119.80429840087891,FRESNO,FRESNO,-119.80432891845703,36.746650695800781
90934379,2019,2019-02-26,9435,2019-02-19,1540,020836,,2,2,7,1005,0,1,3,,2,181,"SR-180 W/B","VAN NESS AVE",2112.00,E,N,A,-,Y,,,180,,,,,,W,Y,4,0,2,2,A,-,03,22350,,N,C,C,A,A,H,-,A,D,0,,,,,Y,,A,01,0,0,2,0,0,0,0,0,0,"- ","- ",36.750701904296875,-119.79640197753906,FRESNO,FRESNO,-119.79638671875,36.75067138671875
90935319,2019,2019-02-27,9435,2019-02-20,1705,021119,,3,2,9,1000,0,1,3,,2,182,SR-180,"RIO VISTA AVE",0.00,,Y,A,-,Y,,,180,,,,,,,Y,3,0,2,2,A,-,09,21802,A,N,D,C,A,A,H,-,A,D,0,,,,,Y,,A,01,0,1,1,0,0,0,0,0,0,"- ","- ",36.732009887695312,-119.47711181640625,FRESNO,UNINCORPORATED,-119.47711181640625,36.731964111328125
90935841,2019,2019-02-28,9435,2019-02-17,1420,016911,,7,2,7,1005,0,1,3,,2,181,"SR-180 WB TO SR-99 SB","SR-180 W/B",297.00,N,N,B,-,Y,,,180,,,,R,,W,Y,4,0,1,1,A,-,03,22350,,N,F,A,A,B,H,-,A,D,0,,,,Y,Y,,G,27,0,0,1,0,0,0,0,0,0,"- ","- ",36.741230010986328,-119.81636047363281,FRESNO,FRESNO,-119.81636047363281,36.741230010986328
90939300,2019,2019-03-04,9435,2019-02-28,1810,021119,,4,2,9,1000,0,1,3,,1,180,"SR-180 W/B","CORNELIA AVE",0.00,,Y,A,-,Y,,,180,,,,,,W,Y,4,0,1,2,A,-,09,21802,A,N,D,C,A,A,H,-,D,D,0,,,,,Y,,A,01,0,0,1,0,0,0,0,0,0,"- ","- ",36.735511779785156,-119.88067626953125,FRESNO,UNINCORPORATED,-119.88067626953125,36.735500335693359
90939786,2019,2019-03-05,9435,2019-03-01,1810,020836,,5,2,7,1005,0,1,3,,2,181,"SR-180 W/B","H STREET",600.00,E,N,B,-,Y,,,180,,,,,,W,Y,4,0,1,5,A,-,03,22350,,N,C,C,A,A,H,-,C,D,0,,,,,Y,,A,08,0,0,1,0,0,0,0,0,0,"- ","- ",36.745800018310547,-119.80590057373047,FRESNO,FRESNO,-119.805908203125,36.745815277099609
90941559,2019,2019-03-07,9435,2019-03-07,0745,015986,,4,1,7,1005,0,1,3,,2,181,"SR-180 W/B","G STREET",50.00,W,N,A,-,Y,,,180,,,,,,W,Y,4,0,1,2,A,-,03,22350,,N,C,C,A,A,H,-,A,D,0,,,,,Y,,D,22,0,0,1,0,0,0,0,0,0,"- ","- ",36.743721008300781,-119.80985260009766,FRESNO,FRESNO,-119.80984497070312,36.74371337890625
90941809,2019,2019-03-07,9435,2019-03-01,1830,019926,,5,2,7,1005,0,1,3,,2,181,"SR-180 W/B","VAN NESS AVE",500.00,E,N,A,-,Y,,,180,,,,,,W,Y,3,0,4,3,A,-,03,22350,,N,C,C,A,A,H,-,C,D,0,,,,,Y,,A,07,0,1,3,0,0,0,0,0,0,"- ","- ",36.750171661376953,-119.79765319824219,FRESNO,FRESNO,-119.79764556884766,36.750152587890625
90943336,2019,2019-03-11,9435,2019-02-28,0650,013793,,4,1,7,1005,0,1,3,,2,181,"SR-180 E/B","G STREET",480.00,W,N,B,-,Y,,,180,,,,,,E,Y,4,0,1,3,A,-,07,21658,A,F,B,C,A,A,H,-,A,D,0,,,,,Y,,A,07,0,0,1,0,0,0,0,0,0,"- ","- ",36.744678497314453,-119.80729675292969,FRESNO,FRESNO,-119.80732727050781,36.744735717773438
90944786,2019,2019-03-12,9435,2019-03-01,0915,013793,,5,1,7,1005,0,1,3,,1,183,"SR-180 EB","BELMONT AVENUE",36.00,S,N,B,-,Y,,,180,,,,,,E,Y,3,0,1,2,A,-,01,23152,A,N,C,C,A,A,H,-,A,D,0,,,,Y,Y,Y,A,01,0,1,0,0,0,0,0,0,0,"- ","- ",36.750308990478516,-119.67533874511719,FRESNO,FRESNO,-119.67535400390625,36.750293731689453
90945176,2019,2019-03-13,9435,2019-03-05,2255,021230,,2,3,9,1000,0,1,3,,1,183,"SR-180 E/B","FOWLER AVE",330.00,W,N,B,C,Y,,,180,,,,,,E,Y,4,0,1,1,A,-,03,22350,,N,E,I,A,B,H,-,D,D,0,,,,,Y,,A,01,0,0,1,0,0,0,0,0,0,"- ","- ",36.753280639648438,-119.68327331542969,FRESNO,UNINCORPORATED,-119.68328857421875,36.753170013427734
90945446,2019,2019-03-13,9435,2019-03-03,1845,020824,,7,2,9,1000,0,1,3,,2,184,"STATE ROUTE 180","RIO VISTA AVENUE",0.00,,Y,B,-,Y,,,180,,,,,,,Y,4,0,1,2,A,-,09,21801,A,N,D,C,A,A,H,-,D,A,0,,,,Y,Y,,G,25,0,0,1,0,0,0,0,0,0,"- ","- ",36.731960296630859,-119.47698211669922,FRESNO,UNINCORPORATED,-119.47698211669922,36.731960296630859
90946137,2019,2019-03-14,9435,2019-03-06,1901,020122,,3,2,9,1000,0,1,3,,1,180,"SR-180 W/B","HAYES AVE",0.00,,Y,A,-,N,,,180,,,,,,W,Y,4,0,2,2,A,-,09,21802,A,N,D,C,A,A,H,-,D,A,0,,,,,Y,,A,07,0,0,2,0,0,0,0,0,0,"- ","- ",36.735118865966797,-119.89888763427734,FRESNO,UNINCORPORATED,-119.89888763427734,36.735401153564453
90947249,2019,2019-03-15,9435,2019-03-12,1245,020297,,2,1,7,1005,0,1,3,,2,182,"SR-180 W/B","FULTON ST.",0.00,,N,A,-,Y,,,180,,,,,,W,N,4,0,1,2,A,-,07,21658,A,N,B,C,A,A,H,-,A,D,0,,,,,Y,,A,01,0,0,1,0,0,0,0,0,0,"- ","- ",36.744331359863281,-119.80857849121094,FRESNO,FRESNO,-119.80860900878906,36.744380950927734
90948346,2019,2019-03-18,9435,2019-03-04,2258,017518,,1,3,9,1000,0,1,3,,1,180,"SR-180 (WHITESBRIDGE AVENUE)","HAYES AVE",1323.00,E,N,B,-,Y,,,180,,,,,,,Y,1,2,0,2,A,-,05,21460,A,N,A,C,A,A,H,-,D,D,0,,,,,Y,,A,01,0,0,0,0,0,0,0,0,0,"- ","- ",36.735431671142578,-119.89391326904297,FRESNO,UNINCORPORATED,-119.89391326904297,36.735431671142578
90948970,2019,2019-03-19,9435,2019-03-07,1455,020481,,4,2,9,1000,0,1,3,,1,180,"SR180 WESTBOUND TO MARKS AVENUE","MARKS AVENUE",325.00,E,N,B,C,Y,,,180,,,,R,,W,Y,2,0,1,1,A,-,03,22350,,N,E,I,A,B,H,-,A,D,0,,,,,Y,,A,01,1,0,0,0,0,0,0,0,0,"- ","- ",36.739608764648438,-119.84314727783203,FRESNO,UNINCORPORATED,-119.84314727783203,36.739608764648438
90949656,2019,2019-03-20,9435,2019-03-09,2018,019451,,6,2,9,1000,0,1,3,,1,183,"SR-180 E/B (SEQUOIA KINGS CANYON FWY)","ACADEMY AVENUE",1056.00,E,N,B,C,Y,,,180,,,,,,E,Y,3,0,5,5,A,-,01,23152,A,N,B,C,A,B,H,-,D,D,0,,,,,Y,Y,D,22,0,1,4,0,0,0,0,0,0,"- ","- ",36.73590087890625,-119.55300140380859,FRESNO,UNINCORPORATED,-119.55300140380859,36.735912322998047
90950673,2019,2019-03-21,9435,2019-03-15,1930,020122,,5,2,9,1000,0,1,3,,1,183,"SR-180 E/B","MCCALL AVE",0.00,,Y,A,-,N,,,180,,,,,,E,Y,3,0,4,2,A,-,09,21453,C,N,D,C,A,A,H,-,C,A,0,,,,,Y,,A,01,0,1,3,0,0,0,0,0,0,"- ","- ",36.735721588134766,-119.61013793945312,FRESNO,UNINCORPORATED,-119.61013793945312,36.735729217529297
90951774,2019,2019-03-22,9435,2019-03-13,1725,018914,,3,2,7,1005,0,1,3,,2,181,"SR-180 EASTBOUND",SR-41,1320.00,W,N,A,-,Y,,,180,,,,,,E,N,4,0,2,3,A,-,03,22350,,N,C,C,A,A,H,-,A,D,0,,,,,Y,,D,22,0,0,2,0,0,0,0,0,0,"- ","- ",36.753898620605469,-119.77940368652344,FRESNO,FRESNO,-119.77938842773438,36.7537841796875
90951862,2019,2019-03-22,9435,2019-03-13,1024,016270,,3,1,9,1000,0,1,3,,2,184,"STATE ROUTE 180 (KINGS CANYON ROAD)","STATE ROUTE 63",7392.00,W,N,A,-,Y,,,180,,,,,,,Y,4,0,1,1,A,-,08,22107,,N,E,I,A,A,H,-,A,D,0,,,,,Y,,D,22,0,0,1,0,0,0,0,0,0,"- ","- ",36.723251342773438,-119.30728912353516,FRESNO,UNINCORPORATED,-119.30728149414062,36.723224639892578
90953455,2019,2019-03-26,9435,2019-03-17,1235,020824,,7,1,9,1000,0,1,3,,1,180,"STATE ROUTE 180","SHASTA AVENUE",250.00,E,N,A,-,Y,,,180,,,,,,,N,3,0,4,2,A,-,03,22350,,N,C,C,A,A,H,-,A,D,0,,,,,Y,,A,01,0,1,3,0,0,0,0,0,0,"- ","- ",36.734790802001953,-120.10517883300781,FRESNO,UNINCORPORATED,-120.10517883300781,36.734714508056641
90955532,2019,2019-03-28,9435,2019-03-27,1430,020836,,3,2,7,1005,0,1,3,,2,410,"SR-180 W/B","G STREET",50.00,W,N,B,-,Y,,,180,,,,,,W,Y,4,0,1,2,A,-,03,22350,,N,C,D,A,A,H,-,A,D,0,,,,,Y,,A,01,0,0,1,0,0,0,0,0,0,"- ","- ",36.743598937988281,-119.80999755859375,FRESNO,FRESNO,-119.81001281738281,36.743625640869141
90959927,2019,2019-04-03,9435,2019-03-23,1245,015179,,6,1,7,1005,0,1,3,,2,182,"SR-180 WESTBOUND FROM CLOVIS AVENUE","CLOVIS AVE",360.00,E,N,C,-,Y,,,180,,,,R,,W,Y,3,0,3,4,A,-,03,22350,,N,B,E,E,B,H,-,A,D,0,Y,,,,Y,,D,22,0,3,0,0,1,0,0,0,0,"- ","- ",36.753368377685547,-119.70020294189453,FRESNO,FRESNO,-119.70020294189453,36.753368377685547
90960859,2019,2019-04-04,9435,2019-03-25,2025,018914,,1,2,9,1000,0,1,3,,1,180,"SR-180 W/B","BRAWLEY AVENUE",0.00,,N,A,-,Y,,,180,,,,,,W,Y,4,0,1,2,D,-,00,,,F,B,C,A,A,H,-,D,D,0,,,,,Y,,-,"- ",0,0,1,0,0,0,0,0,0,"- ","- ",36.737998962402344,-119.85469818115234,FRESNO,UNINCORPORATED,-119.85468292236328,36.737934112548828
90963446,2019,2019-04-08,9435,2019-03-16,1640,020481,,6,2,7,1005,0,1,3,,2,181,"SR 180 WESTBOUND","G STREET",1056.00,W,N,A,-,Y,,,180,,,,,,W,Y,4,0,2,2,A,-,07,21658,A,N,C,C,A,A,H,-,A,D,0,,,,,Y,,D,22,0,0,2,0,0,0,0,0,0,"- ","- ",36.742538452148438,-119.81233215332031,FRESNO,FRESNO,-119.81226348876953,36.742416381835938
90963660,2019,2019-04-08,9435,2019-04-03,0757,018574,,3,1,7,1005,0,1,3,,2,181,"SR-180 E/B",SR-41,528.00,W,N,A,-,Y,,,180,,,,,,E,Y,4,0,1,2,A,-,03,22350,,N,C,C,A,A,H,-,A,D,0,,,,,Y,,A,01,0,0,1,0,0,0,0,0,0,"- ","- ",36.753921508789062,-119.77767944335938,FRESNO,FRESNO,-119.77768707275391,36.754001617431641
90964226,2019,2019-04-09,9435,2019-04-05,0652,019610,,5,1,9,1000,0,1,3,,1,180,"SR-180 E/B","GOLDENROD AVE",528.00,E,N,A,-,Y,,,180,,,,,,E,N,4,0,1,4,A,-,03,22350,,N,C,C,A,A,H,-,A,D,0,,,,,Y,,A,07,0,0,1,0,0,0,0,0,0,"- ","- ",36.734920501708984,-120.03620147705078,FRESNO,UNINCORPORATED,-120.03620147705078,36.734962463378906
90965037,2019,2019-04-10,9435,2019-03-29,0730,014547,,5,1,7,1005,0,1,3,,2,181,"SR-180 W/B TO SR-41 N/B","OLIVE AVENUE",250.00,S,N,A,-,Y,,,180,,,,R,,W,Y,4,0,1,2,A,-,03,22350,,N,C,C,A,A,H,-,A,D,0,,,,,Y,,D,22,0,0,1,0,0,0,0,0,0,"- ","- ",36.756690979003906,-119.77488708496094,FRESNO,FRESNO,-119.77488708496094,36.756690979003906
90968715,2019,2019-04-16,9435,2019-04-12,0845,019451,,5,1,7,1005,0,1,3,,2,181,"SR-180 W/B (SEQUOIA KINGS CANYON FWY)","VAN NESS AVENUE",200.00,E,N,A,-,Y,,,180,,,,,,W,Y,4,0,1,2,A,-,03,22350,,N,C,C,A,A,H,-,A,D,0,,,,Y,Y,,G,27,0,0,1,0,0,0,0,0,0,"- ","- ",36.75,-119.79799652099609,FRESNO,FRESNO,-119.79798889160156,36.749980926513672
90969463,2019,2019-04-17,9435,2019-04-08,1510,020540,,1,2,9,1000,0,1,3,,2,184,SR-180,"COSTA LANE",1584.00,E,N,A,-,Y,,,180,,,,,,,Y,4,0,1,1,A,-,08,22107,,N,E,I,A,A,H,-,A,D,0,,,,,Y,,A,01,0,0,1,0,0,0,0,0,0,"- ","- ",36.754291534423828,-119.18538665771484,FRESNO,UNINCORPORATED,-119.18539428710938,36.754318237304688
90969699,2019,2019-04-17,9435,2019-04-11,1450,020481,,4,2,9,1000,0,1,3,,1,183,"SR180 EASTBOUND","MCCALL AVENUE",60.00,W,N,A,-,Y,,,180,,,,,,E,N,4,0,2,3,A,-,03,22350,,F,C,C,A,A,H,-,A,D,0,,,,,Y,,A,01,0,0,2,0,0,0,0,0,0,"- ","- ",36.735759735107422,-119.61048126220703,FRESNO,UNINCORPORATED,-119.61048126220703,36.735729217529297
90970298,2019,2019-04-18,9435,2019-04-15,1715,020733,,1,2,7,1005,0,1,3,,2,181,"SR-180 W/B","H ST",420.00,E,N,A,-,Y,,,180,,,,,,W,N,4,0,1,3,A,-,03,22350,,N,C,C,A,A,H,-,A,D,0,,,,,Y,,A,01,0,0,1,0,0,0,0,0,0,"- ","- ",36.745998382568359,-119.8055419921875,FRESNO,FRESNO,-119.8055419921875,36.746006011962891
90970372,2019,2019-04-18,9435,2019-04-07,1620,021031,,7,2,7,1005,0,1,3,,2,181,"STATE ROUTE 180 WESTBOUND","VAN NESS AVENUE",800.00,E,N,A,-,Y,,,180,,,,,,W,N,4,0,2,2,A,-,03,22350,,F,C,C,A,A,H,-,A,D,0,,,,,Y,,-,99,0,0,2,0,0,0,0,0,0,"- ","- ",36.750831604003906,-119.79599761962891,FRESNO,FRESNO,-119.79598999023438,36.750808715820312
90970518,2019,2019-04-18,9435,2019-04-10,0830,018746,,3,1,7,1005,0,1,3,,2,182,"SR-180 W/B","CLOVIS AVENUE",2112.00,W,N,A,-,Y,,,180,,,,,,W,Y,2,0,1,4,A,-,03,22350,,N,C,C,A,A,H,-,A,D,0,,,,,Y,,A,01,1,0,0,0,0,0,0,0,0,"- ","- ",36.753120422363281,-119.70773315429688,FRESNO,FRESNO,-119.70773315429688,36.753139495849609
90970982,2019,2019-04-19,9435,2019-04-13,0120,019603,,6,3,7,1005,0,1,3,,2,181,"SR-180 E/B TO SR-41 N/B","OLIVE AVE",1500.00,S,N,A,-,Y,,,180,,,,R,,E,Y,3,0,1,1,A,-,08,22107,,N,E,I,A,A,H,-,D,D,0,,,,,Y,,A,07,0,1,0,0,0,0,0,0,0,"- ","- ",36.753669738769531,-119.77758026123047,FRESNO,FRESNO,-119.77758026123047,36.753669738769531
90971432,2019,2019-04-19,9435,2019-04-12,1825,021119,,5,2,7,1005,0,1,3,,2,181,SR-180,SR-99,1000.00,E,N,A,-,Y,,,180,,,,,,,Y,4,0,3,3,A,-,03,22350,,N,C,C,A,A,H,-,A,D,0,,,,,Y,,A,01,0,0,3,0,0,0,0,0,0,"- ","- ",36.74169921875,-119.81430053710938,FRESNO,FRESNO,-119.81414031982422,36.741405487060547
90972499,2019,2019-04-22,9435,2019-04-09,0820,015026,,2,1,7,1005,0,1,3,,2,182,"SR-180 W/B FROM PEACH AVE","PEACH AVE",865.00,W,N,A,-,Y,,,180,,,,R,,W,Y,3,0,2,2,A,-,03,22350,,N,E,I,A,A,H,-,A,A,0,,,,,Y,,A,07,0,2,0,0,0,0,0,0,0,"- ","- ",36.753688812255859,-119.72147369384766,FRESNO,FRESNO,-119.72147369384766,36.753688812255859
90972513,2019,2019-04-22,9435,2019-04-14,2100,021119,,7,2,7,1005,0,1,3,,2,181,"SR-180 E/B","CEDAR AVE",500.00,E,N,A,-,Y,,,180,,,,,,E,Y,4,0,2,2,A,-,03,22350,,F,C,C,A,A,H,-,C,D,0,,,,,Y,,A,01,0,0,2,0,0,0,0,0,0,"- ","- ",36.755279541015625,-119.75263977050781,FRESNO,FRESNO,-119.75263977050781,36.754871368408203
90973056,2019,2019-04-23,9435,2019-04-12,2132,020062,,5,2,7,1005,0,1,3,,2,181,"SR180 E/B","CEDAR AVE",528.00,E,N,A,-,Y,,,180,,,,,,E,Y,3,0,2,1,A,-,08,22107,,N,F,A,A,A,H,-,D,D,0,,,Y,,Y,,C,02,0,2,0,0,0,0,0,0,2,"- ","- ",36.754859924316406,-119.75227355957031,FRESNO,FRESNO,-119.75227355957031,36.754871368408203
90973955,2019,2019-04-24,9435,2019-04-12,2155,020064,,5,2,7,1005,0,1,3,,2,182,"SR-180 E/B","CEDAR AVENUE",550.00,E,N,B,-,Y,,,180,,,,,,E,Y,4,0,1,4,A,-,03,22350,,M,B,C,A,A,H,-,C,D,0,,,,,Y,,E,22,0,0,1,0,0,0,0,0,0,"- ","- ",36.754859924316406,-119.75244140625,FRESNO,FRESNO,-119.75244140625,36.754871368408203
90975232,2019,2019-04-25,9435,2019-04-16,0630,014672,,2,1,7,1005,0,1,3,,2,181,"SR-180 E/B","ABBY STREET",634.00,E,N,B,C,Y,,,180,,,,,,E,Y,4,0,1,2,A,-,03,22350,,N,B,C,A,B,H,-,B,D,0,,,,,Y,,A,01,0,0,1,0,0,0,0,0,0,"- ","- ",36.752510070800781,-119.78704833984375,FRESNO,FRESNO,-119.78706359863281,36.752571105957031
90977709,2019,2019-04-29,9435,2019-04-20,2040,020019,,6,2,9,1000,0,1,3,,1,183,SR-180,"RAINBOW AVENUE",255.00,E,N,A,-,Y,,,180,,,,,,,N,4,0,1,2,A,-,09,21801,A,N,D,C,A,A,H,-,D,D,0,,,,,Y,,A,07,0,0,1,0,0,0,0,0,0,"- ","- ",36.733489990234375,-119.49687194824219,FRESNO,UNINCORPORATED,-119.49687194824219,36.733493804931641
90979741,2019,2019-05-01,9435,2019-04-26,1740,020205,,5,2,7,1005,0,1,3,,2,181,"SR-180 W/B TO SR-41 N/B","FIRST STREET",300.00,E,N,A,-,Y,,,180,,,,R,,W,N,4,0,1,2,A,-,03,22350,,N,C,C,A,A,H,-,A,D,0,,,,,Y,,A,01,0,0,1,0,0,0,0,0,0,"- ","- ",36.755298614501953,-119.77169799804688,FRESNO,FRESNO,-119.77169799804688,36.755298614501953
90980551,2019,2019-05-02,9435,2019-04-26,1210,015179,,5,1,7,1005,0,1,3,,2,181,"SR-180 E/B","ABBY ST",50.00,E,N,A,-,Y,,,180,,,,,,E,Y,3,0,1,2,A,-,07,21658,A,N,B,C,A,A,H,-,A,D,0,,,,,Y,,A,07,0,1,0,0,0,0,0,0,0,"- ","- ",36.752178192138672,-119.78855133056641,FRESNO,FRESNO,-119.78856658935547,36.752265930175781
90982630,2019,2019-05-06,9435,2019-04-28,0158,020062,,7,3,7,1005,0,1,3,,2,182,"SR180 EASTBOUND","CLOVIS AVE",528.00,E,N,A,-,Y,,,180,,,,,,E,Y,3,0,1,1,A,-,08,22107,,N,F,A,A,A,H,-,C,D,0,,,,,Y,,A,07,0,1,0,0,0,0,0,0,0,"- ","- ",36.752658843994141,-119.69699859619141,FRESNO,FRESNO,-119.69700622558594,36.752727508544922
90983669,2019,2019-05-07,9435,2019-05-01,1750,020205,,3,2,7,1005,0,1,3,,2,181,"SR-180 E/B","N. FIRST ST",500.00,E,N,A,-,Y,,,180,,,,,,E,Y,4,0,1,3,A,-,03,22350,,N,C,C,A,A,H,-,A,D,0,,,,,Y,,D,22,0,0,1,0,0,0,0,0,0,"- ","- ",36.754798889160156,-119.768798828125,FRESNO,FRESNO,-119.768798828125,36.754852294921875
90986289,2019,2019-05-10,9435,2019-05-07,1705,019926,,2,2,7,1005,0,1,3,,2,181,"SR-180 W/B","FULTON ST",450.00,W,N,A,-,Y,,,180,,,,,,W,Y,3,0,1,3,A,-,03,22350,,N,C,C,A,A,H,-,A,D,0,,,,,Y,,A,01,0,1,0,0,0,0,0,0,0,"- ","- ",36.747959136962891,-119.80190277099609,FRESNO,FRESNO,-119.80188751220703,36.747940063476562
90987273,2019,2019-05-13,9435,2019-05-06,2352,020062,,1,3,7,1005,0,1,3,,2,182,"SR-180 EB TO CEDAR AVE","CEDAR AVE",900.00,E,N,A,-,Y,,,180,,,,R,,E,Y,4,0,1,1,A,-,01,23152,A,N,F,A,A,A,H,-,C,D,0,,,,,Y,Y,A,01,0,0,1,0,0,0,0,0,0,"- ","- ",36.754489898681641,-119.75105285644531,FRESNO,FRESNO,-119.75105285644531,36.754489898681641
90988378,2019,2019-05-14,9435,2019-05-06,1756,020205,,1,2,7,1005,0,1,3,,2,181,"SR-180 W/B","BRAWLEY AVE",1600.00,E,N,A,-,Y,,,180,,,,,,W,Y,3,0,1,1,A,-,08,22107,,N,F,I,A,A,H,-,A,D,0,,,Y,,Y,,C,02,0,1,0,0,0,0,0,0,1,"- ","- ",36.736598968505859,-119.85720062255859,FRESNO,FRESNO,-119.85726928710938,36.736724853515625
90990090,2019,2019-05-16,9435,2019-05-09,1634,020205,,4,2,7,1005,0,1,3,,2,181,"SR-180 E/B",SR-41,300.00,E,N,A,-,Y,,,180,,,,,,E,Y,3,0,2,4,A,-,03,22350,,N,C,C,A,A,H,-,A,D,0,,,,,Y,,A,01,0,1,1,0,0,0,0,0,0,"- ","- ",36.754398345947266,-119.7738037109375,FRESNO,FRESNO,-119.7738037109375,36.754459381103516
90993248,2019,2019-05-21,9435,2019-05-16,0550,012846,,4,3,7,1005,0,1,3,,2,182,"SR-180 W/B","TEMPERANCE AVE",3168.00,W,N,C,-,Y,,,180,,,,,,W,Y,4,0,1,2,A,-,03,22350,,N,B,C,A,B,H,-,B,D,0,,,,,Y,,A,01,0,0,1,0,0,0,0,0,0,"- ","- ",36.746910095214844,-119.67092895507812,FRESNO,FRESNO,-119.67098236083984,36.746864318847656
90994403,2019,2019-05-22,9435,2019-05-16,1325,020429,,4,1,9,1000,0,1,3,,2,184,"SR-180 E/B","FRANKWOOD AVE",25.00,E,N,B,-,Y,,,180,,,,,,E,Y,4,0,1,1,A,-,08,22107,,N,E,I,A,A,H,-,A,D,0,,,,,Y,,A,01,0,0,1,0,0,0,0,0,0,"- ","- ",36.719989776611328,-119.44824981689453,FRESNO,UNINCORPORATED,-119.44824981689453,36.720039367675781
90995221,2019,2019-05-23,9435,2019-05-19,2300,016507,,7,3,9,1000,0,1,3,,2,184,"STATE ROUTE 180 (KINGS CANYON ROAD)","HUME ROAD",71808.00,E,N,A,-,Y,,,180,,,,,,,Y,4,0,1,1,A,-,08,22107,,N,F,A,A,A,H,-,D,D,0,,,,,Y,,A,01,0,0,1,0,0,0,0,0,0,"- ","- ",36.815349578857422,-118.81626129150391,FRESNO,UNINCORPORATED,-118.81626892089844,36.815322875976562