CASE_ID,ACCIDENT_YEAR,PROC_DATE,JURIS,COLLISION_DATE,COLLISION_TIME,OFFICER_ID,REPORTING_DISTRICT,DAY_OF_WEEK,CHP_SHIFT,POPULATION,CNTY_CITY_LOC,SPECIAL_COND,BEAT_TYPE,CHP_BEAT_TYPE,CITY_DIVISION_LAPD,CHP_BEAT_CLASS,BEAT_NUMBER,PRIMARY_RD,SECONDARY_RD,DISTANCE,DIRECTION,INTERSECTION,WEATHER_1,WEATHER_2,STATE_HWY_IND,CALTRANS_COUNTY,CALTRANS_DISTRICT,STATE_ROUTE,ROUTE_SUFFIX,POSTMILE_PREFIX,POSTMILE,LOCATION_TYPE,RAMP_INTERSECTION,SIDE_OF_HWY,TOW_AWAY,COLLISION_SEVERITY,NUMBER_KILLED,NUMBER_INJURED,PARTY_COUNT,PRIMARY_COLL_FACTOR,PCF_CODE_OF_VIOL,PCF_VIOL_CATEGORY,PCF_VIOLATION,PCF_VIOL_SUBSECTION,HIT_AND_RUN,TYPE_OF_COLLISION,MVIW,PED_ACTION,ROAD_SURFACE,ROAD_COND_1,ROAD_COND_2,LIGHTING,CONTROL_DEVICE,CHP_ROAD_TYPE,PEDESTRIAN_ACCIDENT,BICYCLE_ACCIDENT,MOTORCYCLE_ACCIDENT,TRUCK_ACCIDENT,NOT_PRIVATE_PROPERTY,ALCOHOL_INVOLVED,STWD_VEHTYPE_AT_FAULT,CHP_VEHTYPE_AT_FAULT,COUNT_SEVERE_INJ,COUNT_VISIBLE_INJ,COUNT_COMPLAINT_PAIN,COUNT_PED_KILLED,COUNT_PED_INJURED,COUNT_BICYCLIST_KILLED,COUNT_BICYCLIST_INJURED,COUNT_MC_KILLED,COUNT_MC_INJURED,PRIMARY_RAMP,SECONDARY_RAMP,LATITUDE,LONGITUDE,COUNTY,CITY,POINT_X,POINT_Y
90995494,2019,2019-05-24,9435,2019-05-19,0255,021202,,7,3,7,1005,0,1,3,,2,181,"SR-180 E/B","ABBY ST",635.00,E,N,C,-,Y,,,180,,,,,,E,Y,4,0,1,2,A,-,08,22107,,N,D,C,A,B,H,-,C,D,0,,,,,Y,,A,01,0,0,1,0,0,0,0,0,0,"- ","- ",36.752521514892578,-119.78700256347656,FRESNO,FRESNO,-119.78701019287109,36.752582550048828
90995740,2019,2019-05-24,9435,2019-05-19,0930,016507,,7,1,9,1000,0,1,3,,2,184,"STATE ROUTE 180 (KINGS CANYON ROAD)","CHERRY GAP",6864.00,W,N,D,-,Y,,,180,,,,,,,Y,4,0,1,1,A,-,08,22107,,N,E,I,A,C,H,-,A,D,0,,,,,Y,,A,07,0,0,1,0,0,0,0,0,0,"- ","- ",36.760478973388672,-118.95924377441406,FRESNO,UNINCORPORATED,-118.95921325683594,36.760486602783203
90997317,2019,2019-06-13,9435,2019-05-21,0923,018865,,2,1,7,1005,0,1,3,,2,181,"SR-180 E/B","ABBY ST",145.00,W,N,A,-,Y,,,180,,,,,,E,Y,3,0,1,2,A,-,07,21658,A,N,B,C,A,A,H,-,A,D,0,,,,,Y,,A,01,0,1,0,0,0,0,0,0,0,"- ","- ",36.751968383789062,-119.78984832763672,FRESNO,FRESNO,-119.78985595703125,36.751979827880859
90998519,2019,2019-05-29,9435,2019-05-16,1934,020205,,4,2,7,1005,0,1,3,,2,181,"SR-180 W/B","MAPLE AVE",1000.00,E,N,B,-,Y,,,180,,,,,,W,Y,4,0,2,1,A,-,08,22107,,N,E,I,A,B,H,-,B,D,0,,,,,Y,,D,22,0,0,2,0,0,0,0,0,0,"- ","- ",36.755100250244141,-119.74150085449219,FRESNO,FRESNO,-119.74150085449219,36.755134582519531
90998882,2019,2019-05-30,9435,2019-05-19,1800,019451,,7,2,7,1005,0,1,3,,2,105,"SR-180 E/B TO SR-99 N/B","SR-99 N/B",20.00,E,N,C,-,Y,,,180,,,,R,,E,Y,3,0,1,1,A,-,01,23152,A,N,F,A,A,B,H,-,A,D,0,,,,,Y,Y,D,22,0,1,0,0,0,0,0,0,0,"- ","- ",36.740589141845703,-119.81330871582031,FRESNO,FRESNO,-119.81330871582031,36.740589141845703
90999570,2019,2019-05-30,9435,2019-05-23,1635,021119,,4,2,9,1000,0,1,3,,1,183,"SR-180 E/B","MCCALL AVE",50.00,E,N,A,-,Y,,,180,,,,,,E,Y,4,0,2,2,A,-,03,22350,,N,C,C,A,A,H,-,A,D,0,,,,,Y,,A,01,0,0,2,0,0,0,0,0,0,"- ","- ",36.735980987548828,-119.60990905761719,FRESNO,UNINCORPORATED,-119.60990905761719,36.735729217529297
90999593,2019,2019-05-30,9435,2019-05-20,0840,012846,,1,1,7,1005,0,1,3,,2,182,"SR-180 W/B TO SR-41 N/B","OLIVE AVE",340.00,S,N,A,-,Y,,,180,,,,R,,W,N,4,0,3,2,A,-,03,22350,,M,C,C,A,A,H,-,A,A,0,,,,,Y,,D,22,0,0,3,0,0,0,0,0,0,"- ","- ",36.756671905517578,-119.77496337890625,FRESNO,FRESNO,-119.77496337890625,36.756671905517578
91001304,2019,2019-05-31,9435,2019-05-25,1210,018746,,6,1,7,1005,0,1,3,,2,181,"SR-180 W/B","CHESTNUT AVENUE",430.00,E,N,A,-,Y,,,180,,,,,,W,Y,2,0,1,1,A,-,08,22107,,N,E,I,A,A,H,-,A,D,0,,,,,Y,,A,01,1,0,0,0,0,0,0,0,0,"- ","- ",36.754501342773438,-119.73465728759766,FRESNO,FRESNO,-119.73464965820312,36.754566192626953
91001399,2019,2019-06-04,9435,2019-05-24,1625,020019,,5,2,9,1000,0,1,3,,1,183,"SR-180 WESTBOUND","MCCALL AVENUE",1243.00,E,N,A,-,Y,,,180,,,,,,W,Y,4,0,2,2,A,-,03,22350,,N,C,C,A,A,H,-,A,A,0,,,,,Y,,A,01,0,0,2,0,0,0,0,0,0,"- ","- ",36.735958099365234,-119.60569763183594,FRESNO,UNINCORPORATED,-119.60569763183594,36.735992431640625
91004842,2019,2019-12-16,9435,2019-05-31,1613,020836,,5,2,7,1005,0,1,3,,2,181,"SR-180 E/B",SR-41,1220.00,W,N,A,-,Y,,,180,,,,,,E,Y,2,0,1,1,A,-,08,22107,,N,E,I,A,A,H,-,A,D,0,,,Y,,Y,,C,02,1,0,0,0,0,0,0,0,1,"- ","- ",36.75360107421875,-119.78019714355469,FRESNO,FRESNO,-119.78021240234375,36.753677368164062
91005204,2019,2019-06-06,9435,2019-05-30,1300,020429,,4,1,9,1000,0,1,3,,2,184,SR-180,"LOCKWOOD CREEK",1584.00,E,N,A,-,Y,,,180,,,,,,,Y,4,0,1,1,C,-,18,,,N,E,J,A,A,H,-,A,D,0,,,Y,,Y,,-,"- ",0,0,1,0,0,0,0,0,1,"- ","- ",36.827579498291016,-118.86515045166016,FRESNO,UNINCORPORATED,-118.86515045166016,36.827602386474609
91006262,2019,2019-06-10,9435,2019-06-05,0520,021247,,3,3,7,1005,0,1,3,,1,180,"SR-180 E/B","TEILMAN AVE",770.00,W,N,A,-,Y,,,180,,,,,,E,N,4,0,1,2,A,-,07,21658,A,M,B,C,A,A,H,-,B,D,0,,,,,Y,,-,"- ",0,0,1,0,0,0,0,0,0,"- ","- ",36.738441467285156,-119.82479095458984,FRESNO,FRESNO,-119.82478332519531,36.738090515136719
91009318,2019,2019-06-13,9435,2019-06-07,0934,019635,,5,1,7,1005,0,1,3,,2,181,"SR-180 W/B","ABBY ST",15.00,E,N,A,-,Y,,,180,,,,,,W,Y,4,0,1,2,A,-,08,22107,,N,D,C,A,A,H,-,A,D,0,,,,Y,Y,,A,07,0,0,1,0,0,0,0,0,0,"- ","- ",36.752418518066406,-119.78913879394531,FRESNO,FRESNO,-119.78913879394531,36.752403259277344
91011995,2019,2019-06-18,9435,2019-06-08,1955,020481,,6,2,9,1000,0,1,3,,1,180,"STATE ROUTE 180","JAMES ROAD",2006.00,W,N,A,-,Y,,,180,,,,,,,N,2,0,1,1,C,-,18,,,N,F,A,A,A,H,-,B,D,0,,,Y,,Y,,-,"- ",1,0,0,0,0,0,0,0,1,"- ","- ",36.734409332275391,-120.2158203125,FRESNO,UNINCORPORATED,-120.2158203125,36.734470367431641
91014497,2019,2019-06-20,9435,2019-06-13,2015,020836,,4,2,7,1005,0,1,3,,2,182,"SR-180 E/B TO SR-168 E/B","CEDAR AVE",1100.00,E,N,A,-,Y,,,180,,,,R,,E,Y,4,0,1,1,A,-,03,22350,,N,E,I,A,A,H,-,A,D,0,,,,,Y,,A,07,0,0,1,0,0,0,0,0,0,"- ","- ",36.755199432373047,-119.75060272216797,FRESNO,FRESNO,-119.75060272216797,36.755199432373047
91016003,2019,2019-06-24,9435,2019-06-12,1245,015026,,3,1,7,1005,0,1,3,,2,181,"SR-180 W/B","BROADWAY ST",367.00,W,N,A,-,Y,,,180,,,,,,W,Y,4,0,1,3,A,-,03,22350,,N,C,C,A,A,H,-,A,D,0,,,,,Y,,M,47,0,0,1,0,0,0,0,0,0,"- ","- ",36.746658325195312,-119.80420684814453,FRESNO,FRESNO,-119.80422973632812,36.746700286865234
91019183,2019,2019-06-27,9435,2019-06-17,1332,015026,,1,1,7,1005,0,1,3,,2,181,"SR-180 W/B","FRESNO ST",20.00,W,N,A,-,Y,,,180,,,,,,W,Y,4,0,1,2,A,-,07,21658,A,N,E,I,A,A,H,-,A,D,0,,,,,Y,,-,99,0,0,1,0,0,0,0,0,0,"- ","- ",36.753730773925781,-119.78130340576172,FRESNO,FRESNO,-119.78131103515625,36.753810882568359
91019192,2019,2019-06-27,9435,2019-06-17,1333,014547,,1,1,7,1005,0,1,3,,2,181,"SR-180 W/B","FRESNO STREET",100.00,E,N,A,-,Y,,,180,,,,,,W,N,4,0,2,3,A,-,03,22350,,N,C,C,A,A,H,-,A,D,0,,,,,Y,,A,07,0,0,2,0,0,0,0,0,0,"- ","- ",36.753841400146484,-119.78102874755859,FRESNO,FRESNO,-119.78102874755859,36.753852844238281
91020926,2019,2019-06-28,9435,2019-06-17,2010,018914,,1,2,7,1005,0,1,3,,2,182,"SR-180 E/B TO PEACH AVENUE","PEACH AVENUE",45.00,W,N,A,-,Y,,,180,,,,R,,E,Y,4,0,2,3,A,-,03,22350,,N,C,C,A,A,H,-,A,A,0,,,,,Y,,A,01,0,0,2,0,0,0,0,0,0,"- ","- ",36.752178192138672,-119.71868133544922,FRESNO,FRESNO,-119.71868133544922,36.752178192138672
91024015,2019,2019-07-03,9435,2019-06-25,1525,018914,,2,2,7,1005,0,1,3,,1,168,"SR-180 E/B TO SR-168 E/B","CEDAR AVENUE",200.00,W,N,A,-,Y,,,180,,,,R,,E,Y,4,0,1,2,A,-,03,22350,,N,C,C,A,A,H,-,A,D,0,,,,,Y,,A,01,0,0,1,0,0,0,0,0,0,"- ","- ",36.754421234130859,-119.75540161132812,FRESNO,FRESNO,-119.75540161132812,36.754421234130859
91024301,2019,2019-07-03,9435,2019-06-26,1640,020095,,3,2,7,1005,0,1,3,,2,181,"SR-180 W/B","BROADWAY ST",350.00,E,N,A,-,Y,,,180,,,,,,W,Y,4,0,1,3,A,-,03,22350,,N,C,C,A,A,H,-,A,D,0,,,,,Y,,A,01,0,0,1,0,0,0,0,0,0,"- ","- ",36.747920989990234,-119.80193328857422,FRESNO,FRESNO,-119.80193328857422,36.747920989990234
91027570,2019,2019-07-09,9435,2019-07-01,2030,016507,,1,2,9,1000,0,1,3,,2,184,"STATE ROUTE 180","DUNLAP RD",19536.00,E,N,A,-,Y,,,180,,,,,,,Y,4,0,4,2,A,-,05,21650,,N,A,C,A,A,H,-,D,D,0,,,,,Y,,D,22,0,0,4,0,0,0,0,0,0,"- ","- ",36.760768890380859,-119.10903930664062,FRESNO,UNINCORPORATED,-119.10903930664062,36.760787963867188
91027669,2019,2019-07-09,9435,2019-07-02,1650,015026,,2,2,7,1005,0,1,3,,2,181,"SR-180 W/B","BROADWAY ST",291.00,W,N,A,-,Y,,,180,,,,,,W,Y,4,0,2,2,A,-,03,22350,,N,C,C,A,A,H,-,A,D,0,,,,,Y,,A,01,0,0,2,0,0,0,0,0,0,"- ","- ",36.746879577636719,-119.80391693115234,FRESNO,FRESNO,-119.80391693115234,36.746868133544922
91030012,2019,2019-07-12,9435,2019-07-09,1725,020837,,2,2,7,1005,0,1,3,,2,182,"STATE ROUTE 180 EASTBOUND","CLOVIS AVENUE",2640.00,W,N,A,-,Y,,,180,,,,,,E,Y,4,0,1,2,A,-,03,22350,,N,C,C,A,A,H,-,A,D,0,,,,,Y,,D,22,0,0,1,0,0,0,0,0,0,"- ","- ",36.752948760986328,-119.70980834960938,FRESNO,FRESNO,-119.70980834960938,36.752960205078125
91032156,2019,2019-07-17,9435,2019-07-07,2205,021031,,7,3,9,1000,0,1,3,,1,180,"STATE ROUTE 180","GOLDEN ROD AVENUE",2640.00,E,N,A,-,Y,,,180,,,,,,,Y,4,0,3,3,A,-,08,22107,,N,B,C,A,A,H,-,D,D,0,,,,,Y,,A,01,0,0,3,0,0,0,0,0,0,"- ","- ",36.734970092773438,-120.03428649902344,FRESNO,UNINCORPORATED,-120.03428649902344,36.734962463378906
91033645,2019,2019-07-18,9435,2019-07-10,1823,018892,,3,2,7,1005,0,1,3,,2,182,"SR-180 W/B","PEACH AVE",1214.00,E,N,A,-,Y,,,180,,,,,,W,Y,3,0,2,1,A,-,08,22107,,N,E,I,A,A,H,-,A,D,0,,,,,Y,,A,01,0,2,0,0,0,0,0,0,0,"- ","- ",36.753559112548828,-119.71392059326172,FRESNO,FRESNO,-119.71392822265625,36.753322601318359
91035337,2019,2019-07-22,9435,2019-07-13,1813,021230,,6,2,7,1005,0,1,3,,2,181,"SR-180 E/B","SR-41 S/B",730.00,W,N,A,-,Y,,,180,,,,,,E,Y,3,0,2,1,A,-,08,22107,,N,F,A,A,A,H,-,A,D,0,,,,,Y,,D,22,0,1,1,0,0,0,0,0,0,"- ","- ",36.753761291503906,-119.78009796142578,FRESNO,FRESNO,-119.78009033203125,36.753692626953125
91036826,2019,2019-07-24,9435,2019-07-16,1740,020387,,2,2,7,1005,0,1,3,,2,181,"SR-180 EASTBOUND","FIRST ST.",200.00,W,N,A,-,Y,,,180,,,,,,E,Y,4,0,2,2,A,-,03,22350,,N,C,C,A,A,H,-,A,D,0,,,,,Y,,A,07,0,0,2,0,0,0,0,0,0,"- ","- ",36.754478454589844,-119.77336120605469,FRESNO,FRESNO,-119.77336120605469,36.754508972167969
91037982,2019,2019-07-25,9435,2019-07-15,1810,021148,,1,2,9,1000,0,1,3,,1,180,SR-180,"GRANTLAND AVE",1079.00,W,N,A,-,Y,,,180,,,,,,,Y,3,0,4,1,A,-,08,22107,,N,F,A,A,A,H,-,A,D,0,,,,,Y,,A,01,0,1,3,0,0,0,0,0,0,"- ","- ",36.735149383544922,-119.92035675048828,FRESNO,UNINCORPORATED,-119.92036437988281,36.735286712646484
91038046,2019,2019-07-25,9435,2019-07-18,2320,020064,,4,3,7,1005,0,1,3,,2,182,"SR-180 W/B","CHESTNUT AVENUE",1584.00,E,N,A,-,Y,,,180,,,,,,W,Y,3,0,1,2,A,-,03,22350,,N,C,C,A,A,D,-,D,D,0,,,,Y,Y,,A,01,0,1,0,0,0,0,0,0,0,"- ","- ",36.754001617431641,-119.73105621337891,FRESNO,FRESNO,-119.73106384277344,36.753955841064453
91039587,2019,2019-07-26,9435,2019-07-18,1618,021230,,4,2,9,1000,0,3,5,,2,010,SR-180,"ROLINDA AVE",0.00,,Y,A,-,Y,,,180,,,,,,,Y,4,0,1,2,A,-,09,21802,A,N,D,C,A,A,H,-,A,A,0,,,,,Y,,A,07,0,0,1,0,0,0,0,0,0,"- ","- ",36.735088348388672,-119.96086883544922,FRESNO,UNINCORPORATED,-119.96086883544922,36.735065460205078
91039616,2019,2019-07-26,9435,2019-07-19,0635,012846,,5,1,7,1005,0,1,3,,1,180,"SR-180 E/B","MARKS AVE",1056.00,E,N,A,-,Y,,,180,,,,,,E,Y,4,0,1,1,A,-,08,22107,,N,F,A,A,A,H,-,A,D,0,,,,,Y,,A,07,0,0,1,0,0,0,0,0,0,"- ","- ",36.738231658935547,-119.83815002441406,FRESNO,FRESNO,-119.83815765380859,36.738124847412109
91040366,2019,2019-07-29,9435,2019-07-20,2135,020592,,6,2,9,1000,0,1,3,,1,183,"SR-180 E/B","KINGS CANYON RD",5.00,E,N,A,-,Y,,,180,,,,,,E,Y,4,0,1,2,A,-,09,21801,A,N,C,C,A,A,H,-,D,D,0,,,Y,,Y,,A,01,0,0,1,0,0,0,0,0,1,"- ","- ",36.735618591308594,-119.51560974121094,FRESNO,UNINCORPORATED,-119.51560974121094,36.7354736328125
91043376,2019,2019-08-01,9435,2019-07-25,2130,020429,,4,2,9,1000,0,1,3,,2,184,SR-180,"DUNLAP RD",26400.00,E,N,A,-,Y,,,180,,,,,,,Y,3,0,1,1,A,-,08,22107,,N,F,A,A,A,H,-,D,D,0,,,,,Y,,D,22,0,1,0,0,0,0,0,0,0,"- ","- ",36.748298645019531,-119.08975982666016,FRESNO,UNINCORPORATED,-119.08973693847656,36.74835205078125
91045443,2019,2019-08-05,9435,2019-07-24,1715,015026,,3,2,7,1005,0,1,3,,2,181,"SR180 E/B TO SR41 N/B","OLIVE AVE",392.00,S,N,A,-,Y,,,180,,,,R,,E,Y,4,0,3,3,A,-,03,22350,,N,C,C,A,A,H,-,A,A,0,,,,,Y,,A,01,0,0,3,0,0,0,0,0,0,"- ","- ",36.75640869140625,-119.77522277832031,FRESNO,FRESNO,-119.77522277832031,36.75640869140625
91045767,2019,2019-08-05,9435,2019-07-29,1820,020871,,1,2,9,1000,0,1,3,,1,183,SR-180,"OLIVER AVENUE",0.00,,Y,A,-,Y,,,180,,,,,,,Y,2,0,2,2,A,-,09,21801,A,N,D,C,A,A,H,-,A,D,0,,,,,Y,,A,01,1,0,1,0,0,0,0,0,0,"- ","- ",36.733619689941406,-119.4990234375,FRESNO,UNINCORPORATED,-119.49901580810547,36.733634948730469
91047499,2019,2019-09-10,9435,2019-08-02,1416,020387,,5,2,7,1005,0,1,3,,2,181,"SR-180 WESTBOUND","BROADWAY ST.",250.00,W,N,A,-,Y,,,180,,,,,,W,Y,3,0,1,3,A,-,03,22350,,N,C,C,A,A,H,-,A,D,0,,,,,Y,,A,01,0,1,0,0,0,0,0,0,0,"- ","- ",36.746959686279297,-119.80380249023438,FRESNO,FRESNO,-119.80378723144531,36.746936798095703
91052262,2019,2019-08-14,9435,2019-08-06,1730,015890,,2,2,7,1005,0,1,3,,2,181,"SR-180 W/B TO SR-41 N/B","FIRST ST",895.00,E,N,A,-,Y,,,180,,,,R,,W,Y,3,0,4,5,A,-,03,22350,,N,C,C,A,A,H,-,A,D,0,,,,,Y,,A,01,0,2,2,0,0,0,0,0,0,"- ","- ",36.755489349365234,-119.76934814453125,FRESNO,FRESNO,-119.76934814453125,36.755489349365234
91054953,2019,2019-08-19,9435,2019-02-04,1707,020095,,1,2,9,1000,0,1,3,,1,183,"STATE ROUTE 180 WESTBOUND","THOMPSON AVENUE",50.00,E,N,B,-,Y,,,180,,,,,,W,Y,1,2,3,9,A,-,01,23152,G,N,B,C,A,A,H,-,A,D,0,,,,,Y,Y,D,22,0,1,2,0,0,0,0,0,0,"- ","- ",36.736038208007812,-119.61873626708984,FRESNO,UNINCORPORATED,-119.61873626708984,36.736042022705078
91055297,2019,2019-08-20,9435,2019-08-11,2005,020871,,7,2,9,1000,0,1,3,,1,180,SR-180,"SAN MATEO AVENUE",2640.00,W,N,A,-,Y,,,180,,,,,,,Y,3,0,1,1,A,-,01,23152,A,M,F,A,A,A,H,-,D,D,0,,,,,Y,Y,D,22,0,1,0,0,0,0,0,0,0,"- ","- ",36.734291076660156,-120.32286834716797,FRESNO,UNINCORPORATED,-120.32286834716797,36.734359741210938
91055578,2019,2020-07-10,9435,2019-01-09,0630,014672,,3,1,9,1000,0,1,3,,1,180,"STATE ROUTE 180","SHASTA AVENUE",546.00,E,N,B,C,Y,,,180,,,,,,,N,1,1,0,2,A,-,08,22107,,F,G,B,E,B,H,-,D,D,0,Y,,,,Y,,-,99,0,0,0,1,0,0,0,0,0,"- ","- ",36.734790802001953,-120.10340881347656,FRESNO,UNINCORPORATED,-120.10340881347656,36.734714508056641
91056834,2019,2019-08-21,9435,2019-08-15,0800,019451,,4,1,7,1005,0,1,3,,2,182,"SR-180 W/B FROM CEDAR AVENUE","CEDAR AVENUE",20.00,E,N,A,-,Y,,,180,,,,R,,W,N,4,0,1,2,A,-,09,21453,B,N,B,C,A,A,H,-,A,A,0,,,,,Y,,A,01,0,0,1,0,0,0,0,0,0,"- ","- ",36.756088256835938,-119.75422668457031,FRESNO,FRESNO,-119.75422668457031,36.756088256835938
91057515,2019,2019-08-22,9435,2019-08-12,0830,013793,,1,1,7,1005,0,1,3,,2,181,"SR-180 EB FROM ABBY STREET",SR-180,145.00,S,N,A,-,Y,,,180,,,,R,,E,Y,4,0,1,2,A,-,03,22350,,N,C,C,A,A,H,-,A,A,0,,,,,Y,,A,01,0,0,1,0,0,0,0,0,0,"- ","- ",36.751678466796875,-119.78784942626953,FRESNO,FRESNO,-119.78784942626953,36.751678466796875
91059454,2019,2019-08-26,9435,2019-07-13,0745,020019,,6,1,7,1005,0,1,3,,2,182,"SR-180 W/B FROM CLOVIS AVENUE S/B","CLOVIS AVENUE",538.00,W,N,A,-,Y,,,180,,,,R,,W,Y,1,1,0,1,A,-,08,22107,,N,E,I,A,A,H,-,A,D,0,,,Y,,Y,,C,02,0,0,0,0,0,0,0,1,0,"- ","- ",36.753078460693359,-119.70236968994141,FRESNO,FRESNO,-119.70236968994141,36.753078460693359
91059491,2019,2019-08-26,9435,2019-08-15,1710,015026,,4,2,7,1005,0,1,3,,2,181,"SR-180 E/B","ABBY ST",1584.00,E,N,A,-,Y,,,180,,,,,,E,N,4,0,1,3,A,-,03,22350,,N,C,C,A,A,H,-,A,D,0,,,,,Y,,A,01,0,0,1,0,0,0,0,0,0,"- ","- ",36.753089904785156,-119.78404998779297,FRESNO,FRESNO,-119.7840576171875,36.753135681152344
91060447,2019,2019-08-27,9435,2019-08-15,0755,015179,,4,1,7,1005,0,1,3,,2,181,"SR-180 WESTBOUND FROM CEDAR AVENUE","CEDAR AVE",528.00,E,N,A,-,Y,,,180,,,,R,,W,N,4,0,1,2,A,-,03,22350,,N,C,C,A,A,H,-,A,A,0,,,,,Y,,D,22,0,0,1,0,0,0,0,0,0,"- ","- ",36.755359649658203,-119.75154113769531,FRESNO,FRESNO,-119.75154113769531,36.755359649658203
91060544,2019,2019-08-27,9435,2019-08-19,1735,020824,,1,2,7,1005,0,1,3,,2,181,"STATE ROUTE 180 E/B","STATE ROUTE 41",100.00,E,N,A,-,Y,,,180,,,,,,E,Y,4,0,2,2,A,-,03,22350,,N,C,C,A,A,H,-,A,D,0,,,,,Y,,A,01,0,0,2,0,0,0,0,0,0,"- ","- ",36.754291534423828,-119.77529144287109,FRESNO,FRESNO,-119.77529144287109,36.754283905029297
91060776,2019,2019-08-27,9435,2019-08-19,1715,020871,,1,2,7,1005,0,1,3,,2,181,"SR-180 W/B","FIRST STREET",300.00,E,N,A,-,Y,,,180,,,,,,W,Y,3,0,2,2,A,-,08,22107,,N,B,C,A,A,H,-,A,D,0,,,,,Y,,A,01,0,2,0,0,0,0,0,0,0,"- ","- ",36.755008697509766,-119.77133178710938,FRESNO,FRESNO,-119.77133178710938,36.754997253417969
91062569,2019,2019-08-29,9435,2019-08-21,1207,015095,,3,1,9,1000,0,1,3,,1,180,SR-180,"SHASTA AVENUE",1056.00,W,N,A,-,Y,,,180,,,,,,,Y,3,0,2,1,A,-,08,22107,,N,F,A,A,A,H,-,A,D,0,,,,,Y,,A,07,0,1,1,0,0,0,0,0,0,"- ","- ",36.734729766845703,-120.10946655273438,FRESNO,UNINCORPORATED,-120.10946655273438,36.734710693359375
91062687,2019,2019-08-29,9435,2019-08-20,1552,019635,,2,2,7,1005,0,1,3,,1,183,"SR-180 W/B","CLOVIS AVE",1584.00,E,N,A,-,Y,,,180,,,,,,W,Y,3,0,1,1,A,-,08,22107,,N,E,I,A,A,C,-,A,D,0,,,,,Y,,A,01,0,1,0,0,0,0,0,0,0,"- ","- ",36.753238677978516,-119.69383239746094,FRESNO,FRESNO,-119.69383239746094,36.753242492675781
91064184,2019,2019-08-30,9435,2019-08-21,1715,019962,,3,2,7,1005,0,1,3,,2,181,"STATE ROUTE 180 EASTBOUND","FRESNO STREET",15.00,E,N,A,-,Y,,,180,,,,,,E,Y,4,0,1,2,A,-,03,22350,,N,C,C,A,A,H,-,A,D,0,,,,,Y,,A,01,0,0,1,0,0,0,0,0,0,"- ","- ",36.753520965576172,-119.78140258789062,FRESNO,FRESNO,-119.78140258789062,36.753520965576172
91064945,2019,2019-09-02,9435,2019-08-23,1640,020824,,5,2,9,1000,0,1,3,,1,180,"STATE ROUTE 180","DICKENSON AVENUE",1200.00,W,N,A,-,Y,,,180,,,,,,,Y,4,0,2,2,A,-,03,22350,,N,C,C,A,A,H,-,A,D,0,,,,,Y,,A,01,0,0,2,0,0,0,0,0,0,"- ","- ",36.734970092773438,-119.97434234619141,FRESNO,UNINCORPORATED,-119.97434234619141,36.735008239746094
91066922,2019,2019-09-04,9435,2019-08-27,1655,021247,,2,2,7,1005,0,1,3,,2,181,"SR-180 W/B","VAN NESS AVE",530.00,E,N,A,-,Y,,,180,,,,,,W,Y,4,0,3,3,A,-,03,22350,,N,C,C,A,A,H,-,A,D,0,,,,,Y,,A,01,0,0,3,0,0,0,0,0,0,"- ","- ",36.750370025634766,-119.79723358154297,FRESNO,FRESNO,-119.79721069335938,36.750328063964844
91067066,2019,2019-09-04,9435,2019-08-28,1625,021247,,3,2,9,1000,0,1,3,,1,180,SR-180,"BISHOP AVE",8870.00,E,N,A,-,Y,,,180,,,,,,,N,4,0,2,2,A,-,03,22350,,N,C,C,A,A,H,-,A,D,0,,,,,Y,,A,07,0,0,2,0,0,0,0,0,0,"- ","- ",36.734951019287109,-119.99384307861328,FRESNO,UNINCORPORATED,-119.99384307861328,36.734966278076172
91067402,2019,2019-12-05,9435,2019-08-28,1400,021247,,3,2,7,1005,0,1,3,,1,180,"SR-180 W/B","ROADING DR",1026.00,E,N,A,-,Y,,,180,,,,,,W,Y,3,0,1,2,A,-,03,22350,,N,C,C,A,A,H,-,A,D,0,,,,Y,Y,,A,01,0,1,0,0,0,0,0,0,0,"- ","- ",36.738361358642578,-119.82823181152344,FRESNO,FRESNO,-119.82823181152344,36.738338470458984
9106837,2020,2020-11-20,1009,2020-03-09,0617,R029,MENDO,1,5,2,1009,0,0,0,,0,,"9TH ST","OLLER ST",0.00,,Y,A,-,Y,FRE,6,180,-,-,24.200,I,5,E,Y,4,0,1,2,A,-,17,21451,A,N,A,D,A,-,H,-,C,A,0,,,,,Y,Y,A,01,0,0,1,0,0,0,0,0,0,"- ","- ",,,FRESNO,MENDOTA,-120.37779235839844,36.753189086914062
91068405,2019,2019-09-05,9435,2019-08-30,1708,020122,,5,2,7,1005,0,1,3,,2,181,"SR-180 W/B","G ST",300.00,E,N,A,-,Y,,,180,,,,,,W,Y,4,0,2,4,A,-,03,22350,,M,C,C,A,A,H,-,A,D,0,,,,,Y,,D,22,0,0,2,0,0,0,0,0,0,"- ","- ",36.744651794433594,-119.80815124511719,FRESNO,FRESNO,-119.80813598632812,36.74462890625