CASE_ID,ACCIDENT_YEAR,PROC_DATE,JURIS,COLLISION_DATE,COLLISION_TIME,OFFICER_ID,REPORTING_DISTRICT,DAY_OF_WEEK,CHP_SHIFT,POPULATION,CNTY_CITY_LOC,SPECIAL_COND,BEAT_TYPE,CHP_BEAT_TYPE,CITY_DIVISION_LAPD,CHP_BEAT_CLASS,BEAT_NUMBER,PRIMARY_RD,SECONDARY_RD,DISTANCE,DIRECTION,INTERSECTION,WEATHER_1,WEATHER_2,STATE_HWY_IND,CALTRANS_COUNTY,CALTRANS_DISTRICT,STATE_ROUTE,ROUTE_SUFFIX,POSTMILE_PREFIX,POSTMILE,LOCATION_TYPE,RAMP_INTERSECTION,SIDE_OF_HWY,TOW_AWAY,COLLISION_SEVERITY,NUMBER_KILLED,NUMBER_INJURED,PARTY_COUNT,PRIMARY_COLL_FACTOR,PCF_CODE_OF_VIOL,PCF_VIOL_CATEGORY,PCF_VIOLATION,PCF_VIOL_SUBSECTION,HIT_AND_RUN,TYPE_OF_COLLISION,MVIW,PED_ACTION,ROAD_SURFACE,ROAD_COND_1,ROAD_COND_2,LIGHTING,CONTROL_DEVICE,CHP_ROAD_TYPE,PEDESTRIAN_ACCIDENT,BICYCLE_ACCIDENT,MOTORCYCLE_ACCIDENT,TRUCK_ACCIDENT,NOT_PRIVATE_PROPERTY,ALCOHOL_INVOLVED,STWD_VEHTYPE_AT_FAULT,CHP_VEHTYPE_AT_FAULT,COUNT_SEVERE_INJ,COUNT_VISIBLE_INJ,COUNT_COMPLAINT_PAIN,COUNT_PED_KILLED,COUNT_PED_INJURED,COUNT_BICYCLIST_KILLED,COUNT_BICYCLIST_INJURED,COUNT_MC_KILLED,COUNT_MC_INJURED,PRIMARY_RAMP,SECONDARY_RAMP,LATITUDE,LONGITUDE,COUNTY,CITY,POINT_X,POINT_Y
91068488,2019,2019-09-05,9435,2019-08-29,1920,020429,,4,2,9,1000,0,1,3,,2,184,SR-180,"FORREST SERVICE RD 13S55",0.00,,Y,A,-,Y,,,180,,,,,,,Y,3,0,1,1,A,-,08,22107,,N,E,I,A,A,H,-,D,D,0,,,,,Y,,A,01,0,1,0,0,0,0,0,0,0,"- ","- ",36.794498443603516,-118.95545196533203,FRESNO,UNINCORPORATED,-118.95539855957031,36.794429779052734
91069115,2019,2019-09-06,9435,2019-08-30,0830,017310,,5,1,9,1000,0,1,3,,2,181,"SR-180 W/B","TEMPERANCE AVE",850.00,W,N,A,-,Y,,,180,,,,,,W,Y,4,0,1,2,A,-,08,22107,,N,C,C,A,A,H,-,A,D,0,,,,,Y,,A,01,0,0,1,0,0,0,0,0,0,"- ","- ",36.741508483886719,-119.66641998291016,FRESNO,UNINCORPORATED,-119.66646575927734,36.741455078125
91069125,2019,2019-09-06,9435,2019-08-27,0745,017310,,2,1,7,1005,0,1,3,,2,181,"SR-180 E/B","N. FIRST ST.",85.00,E,N,A,-,Y,,,180,,,,,,E,Y,3,0,1,2,A,-,03,22350,,N,C,C,A,A,H,-,A,D,0,,,,,Y,,A,01,0,1,0,0,0,0,0,0,0,"- ","- ",36.754589080810547,-119.77210235595703,FRESNO,FRESNO,-119.77210235595703,36.754646301269531
91069260,2019,2019-09-06,9461,2019-09-04,1927,020351,,3,2,2,1009,0,1,3,,1,680,SR-180,"11TH ST",319.00,E,N,A,-,Y,,,180,,,,,,,Y,3,0,1,2,A,-,09,21804,A,N,D,C,A,A,H,-,B,D,0,,,,,Y,,D,22,0,1,0,0,0,0,0,0,0,"- ","- ",36.75067138671875,-120.37489318847656,FRESNO,MENDOTA,-120.3748779296875,36.750682830810547
91070103,2019,2019-09-09,9435,2019-08-02,2127,020429,,5,2,9,1000,0,1,3,,2,184,"STATE ROUTE 180","HILLS VALLEY ROAD",500.00,W,N,A,-,Y,,,180,,,,,,,Y,1,1,0,1,A,-,08,22107,,N,F,A,A,A,H,-,D,D,0,,,,,Y,,A,07,0,0,0,0,0,0,0,0,0,"- ","- ",36.730518341064453,-119.28917694091797,FRESNO,UNINCORPORATED,-119.28919219970703,36.730564117431641
91071978,2019,2019-09-11,9435,2019-08-31,1940,020019,,6,2,7,1005,0,1,3,,2,182,"SR-180 EB TO PEACH AVENUE","PEACH AVENUE",528.00,W,N,A,-,Y,,,180,,,,R,,E,Y,2,0,1,1,A,-,01,23152,A,N,F,A,A,A,H,-,B,D,0,,,Y,,Y,Y,C,02,1,0,0,0,0,0,0,0,1,"- ","- ",36.752281188964844,-119.72016906738281,FRESNO,FRESNO,-119.72016906738281,36.752281188964844
91072068,2019,2019-09-11,9435,2019-08-24,0001,020680,,6,3,7,1005,0,1,3,,2,181,"SR-180 E/B","MAPLE AVE",1056.00,W,N,A,-,Y,,,180,,,,,,E,Y,4,0,1,2,A,-,03,22350,,M,C,C,A,A,H,-,C,D,0,,,,,Y,,A,01,0,0,1,0,0,0,0,0,0,"- ","- ",36.754791259765625,-119.75051879882812,FRESNO,FRESNO,-119.75051879882812,36.754871368408203
91072551,2019,2019-09-11,9435,2019-09-02,1455,016507,,1,2,9,1000,0,1,3,,2,184,"STATE ROUTE 180 (KINGS CANYON ROAD)","LONE OAK ROAD",528.00,W,N,A,-,Y,,,180,,,,,,,Y,3,0,3,2,A,-,09,21801,A,N,D,C,A,A,H,-,A,D,0,,,,,Y,,A,08,0,2,1,0,0,0,0,0,0,"- ","- ",36.728069305419922,-119.46421051025391,FRESNO,UNINCORPORATED,-119.46418762207031,36.728118896484375
91072722,2019,2019-09-11,9435,2019-09-03,1150,017310,,2,1,7,1005,0,1,3,,2,181,"SR-180 W/B","CEDAR AVE",1584.00,W,N,A,-,Y,,,180,,,,,,W,Y,4,0,1,2,A,-,03,22350,,N,C,C,A,A,H,-,A,D,0,,,,Y,Y,,D,22,0,0,1,0,0,0,0,0,0,"- ","- ",36.755130767822266,-119.76051330566406,FRESNO,FRESNO,-119.76051330566406,36.755149841308594
91074114,2019,2019-09-13,9435,2019-09-04,1152,015751,,3,1,9,1000,0,1,3,,1,180,"SR-180 (WHITESBRIDGE AVE)","CORNELIA AVE",0.00,,Y,A,-,Y,,,180,,,,,,,Y,3,0,1,2,A,-,09,21802,A,N,D,C,A,A,H,-,A,A,0,,,,,Y,,A,01,0,1,0,0,0,0,0,0,0,"- ","- ",36.735458374023438,-119.88078308105469,FRESNO,UNINCORPORATED,-119.88078308105469,36.735500335693359
91074573,2019,2019-09-13,9435,2019-09-10,0655,019451,,2,1,7,1005,0,1,3,,2,181,"SR-180 W/B (SEQUOIA KINGS CANYON FWY)","G STREET",200.00,W,N,A,-,Y,,,180,,,,,,W,Y,4,0,1,1,A,-,03,22350,,N,F,A,A,A,H,-,A,D,0,,,Y,,Y,,C,02,0,0,1,0,0,0,0,0,1,"- ","- ",36.743820190429688,-119.8096923828125,FRESNO,FRESNO,-119.80967712402344,36.743801116943359
91075032,2019,2019-09-16,9435,2019-09-06,1007,019610,,5,1,7,1005,0,1,3,,2,181,"SR-180 W/B","H ST",528.00,E,N,A,-,Y,,,180,,,,,,W,N,4,0,1,2,D,-,00,,,N,C,C,A,A,H,-,A,A,0,,,,,Y,,-,"- ",0,0,1,0,0,0,0,0,0,"- ","- ",36.745868682861328,-119.80577850341797,FRESNO,FRESNO,-119.8057861328125,36.745880126953125
91075299,2019,2019-10-01,9435,2019-07-29,1240,015179,,1,1,9,1000,0,1,3,,1,183,"STATE ROUTE 180","RIO VISTA AVENUE",600.00,E,N,A,-,Y,,,180,,,,,,,Y,1,1,4,2,A,-,01,23152,A,N,A,C,A,A,H,-,A,D,0,,,,,Y,Y,A,07,4,0,0,0,0,0,0,0,0,"- ","- ",36.731849670410156,-119.47427368164062,FRESNO,UNINCORPORATED,-119.47427368164062,36.731849670410156
91075315,2019,2019-09-16,9435,2019-09-06,1705,020387,,5,2,7,1005,0,1,3,,2,181,"SR-180 WESTBOUND","G ST.",100.00,E,N,A,-,Y,,,180,,,,,,W,N,4,0,1,3,A,-,03,22350,,N,C,C,A,A,H,-,A,D,0,,,,,Y,,A,07,0,0,1,0,0,0,0,0,0,"- ","- ",36.744331359863281,-119.80877685546875,FRESNO,FRESNO,-119.80876159667969,36.744297027587891
91076574,2019,2019-09-17,9435,2019-09-10,1650,016507,,2,2,9,1000,0,1,3,,2,184,"STATE ROUTE 180 (KINGS CANYON ROAD)","HOPEWELL RD",300.00,W,N,A,-,Y,,,180,,,,,,,Y,4,0,2,2,A,-,09,21801,A,N,D,C,A,A,H,-,A,D,0,,,,,Y,,A,08,0,0,2,0,0,0,0,0,0,"- ","- ",36.754409790039062,-119.17176818847656,FRESNO,UNINCORPORATED,-119.1717529296875,36.754352569580078
91077422,2019,2019-09-18,9435,2019-09-12,0720,013703,,4,1,9,1000,0,1,3,,1,183,"SR-180 (W/B)","MCCALL AVENUE",1200.00,E,N,A,-,Y,,,180,,,,,,,Y,4,0,2,3,A,-,03,22350,,N,C,C,A,A,H,-,A,D,0,,,,,Y,,A,01,0,0,2,0,0,0,0,0,0,"- ","- ",36.735980987548828,-119.60585784912109,FRESNO,UNINCORPORATED,-119.60585784912109,36.735992431640625
91078568,2019,2019-09-19,9435,2019-09-16,2320,020429,,1,3,9,1000,0,1,3,,2,184,SR-180,SR-63,5808.00,W,N,A,-,Y,,,180,,,,,,,Y,2,0,1,1,A,-,08,22107,,N,E,I,A,A,H,-,D,D,0,,,,,Y,,A,01,1,0,0,0,0,0,0,0,0,"- ","- ",36.723979949951172,-119.30197906494141,FRESNO,UNINCORPORATED,-119.30198669433594,36.723892211914062
91079060,2019,2019-09-20,9435,2019-09-07,1735,021119,,6,2,7,1005,0,1,3,,2,181,"SR-180 EB TO PEACH AVE OFF-RAMP","PEACH AVE",946.00,W,N,A,-,Y,,,180,,,,R,,E,Y,3,0,1,1,A,-,03,22350,,N,F,A,A,A,H,-,A,D,0,,,Y,,Y,,C,02,0,1,0,0,0,0,0,0,1,"- ","- ",36.752998352050781,-119.72173309326172,FRESNO,FRESNO,-119.72173309326172,36.752998352050781
91080763,2019,2019-09-23,9435,2019-09-16,1717,020019,,1,2,7,1005,0,1,3,,2,181,"SR-180 WESTBOUND TO SR-99",SR-99,528.00,E,N,A,-,Y,,,180,,,,R,,W,N,4,0,1,2,A,-,07,21658,A,N,C,C,A,A,H,-,A,D,0,,,,,Y,,A,01,0,0,1,0,0,0,0,0,0,"- ","- ",36.742298126220703,-119.81285095214844,FRESNO,FRESNO,-119.81285095214844,36.742298126220703
91080801,2019,2019-09-23,9435,2019-09-16,1609,020481,,1,2,9,1000,0,1,3,,1,180,"STATE ROUTE 180","DICKENSON AVENUE",700.00,W,N,A,-,Y,,,180,,,,,,,Y,4,0,1,2,A,-,03,22350,,N,C,C,A,A,H,-,A,D,0,,,,,Y,,A,01,0,0,1,0,0,0,0,0,0,"- ","- ",36.734981536865234,-119.97242736816406,FRESNO,UNINCORPORATED,-119.97242736816406,36.735012054443359
91082707,2019,2019-09-25,9435,2019-09-18,0800,013793,,3,1,7,1005,0,1,3,,1,183,"SR-180 W/B","CLOVIS AVENUE",2080.00,E,N,A,-,Y,,,180,,,,,,W,Y,4,0,4,4,A,-,03,22350,,N,C,C,A,A,H,-,A,D,0,,,,,Y,,A,01,0,0,4,0,0,0,0,0,0,"- ","- ",36.753269195556641,-119.69309234619141,FRESNO,FRESNO,-119.69309234619141,36.7532958984375
91083963,2019,2019-09-26,9435,2019-09-23,0810,012846,,1,1,7,1005,0,1,3,,1,180,"SR-180 E/B","TEILMAN AVE",300.00,W,N,A,-,Y,,,180,,,,,,E,Y,4,0,1,2,A,-,03,22350,,N,C,C,A,A,H,-,A,D,0,,,,,Y,,A,01,0,0,1,0,0,0,0,0,0,"- ","- ",36.738449096679688,-119.82099151611328,FRESNO,FRESNO,-119.82099914550781,36.738479614257812
91090086,2019,2019-10-03,9435,2019-09-25,0732,014363,,3,1,9,1000,0,1,3,,1,183,"STATE ROUTE 180 (EASTBOUND)","DE WOLF AVENUE",0.00,,Y,A,-,Y,,,180,,,,,,,Y,4,0,4,3,A,-,12,21453,A,N,D,C,A,A,H,-,A,A,0,,,,,Y,,D,22,0,0,4,0,0,0,0,0,0,"- ","- ",36.736919403076172,-119.64602661132812,FRESNO,UNINCORPORATED,-119.64602661132812,36.736927032470703
91094748,2019,2019-10-10,9435,2019-10-04,1948,020836,,5,2,7,1005,0,1,3,,2,181,"SR-180 W/B","BROADWAY ST",700.00,W,N,A,-,Y,,,180,,,,,,W,N,4,0,1,2,A,-,03,22350,,N,C,C,A,A,H,-,C,D,0,,,,,Y,,A,01,0,0,1,0,0,0,0,0,0,"- ","- ",36.746250152587891,-119.80525207519531,FRESNO,FRESNO,-119.80521392822266,36.746181488037109
91094764,2019,2019-10-10,9435,2019-10-04,1435,020836,,5,2,7,1005,0,1,3,,2,181,"SR-180 W/B","FULTON ST",50.00,E,N,A,-,Y,,,180,,,,,,W,Y,3,0,2,2,A,-,03,22350,,N,C,C,A,A,H,-,A,D,0,,,,,Y,,A,07,0,1,1,0,0,0,0,0,0,"- ","- ",36.748748779296875,-119.80055236816406,FRESNO,FRESNO,-119.80050659179688,36.748672485351562
91096694,2019,2019-10-14,9435,2019-10-01,0850,015026,,2,1,7,1005,0,1,3,,2,181,"SR-180 W/B TO SR-41","CEDAR AVE",2112.00,W,N,A,-,Y,,,180,,,,R,,W,N,4,0,2,2,A,-,03,22350,,N,C,C,A,A,H,-,A,D,0,,,,,Y,,A,01,0,0,2,0,0,0,0,0,0,"- ","- ",36.755428314208984,-119.76193237304688,FRESNO,FRESNO,-119.76193237304688,36.755428314208984
91096902,2019,2019-10-14,9435,2019-10-03,2342,021202,,4,3,7,1005,0,1,3,,2,181,"STATE ROUTE 180 EASTBOUND","SAN PABLO AVENUE",342.00,E,N,A,-,Y,,,180,,,,,,E,Y,2,0,2,1,A,-,08,22107,,N,E,I,A,A,H,-,C,D,0,,,,,Y,,A,07,2,0,0,0,0,0,0,0,0,"- ","- ",36.751049041748047,-119.79380035400391,FRESNO,FRESNO,-119.79381561279297,36.751125335693359
91098594,2019,2019-10-16,9435,2019-10-05,1015,017310,,6,1,7,1005,0,1,3,,2,181,"SR-180 W/B","FULTON ST",100.00,E,N,A,-,Y,,,180,,,,,,W,N,4,0,1,2,A,-,03,22350,,N,C,C,A,A,H,-,A,D,0,,,,,Y,,A,01,0,0,1,0,0,0,0,0,0,"- ","- ",36.748798370361328,-119.80001068115234,FRESNO,FRESNO,-119.80006408691406,36.748905181884766
91098761,2019,2019-10-16,9435,2019-10-06,2000,020540,,7,2,9,1000,0,1,3,,2,184,SR-180,SR-63,0.00,,Y,A,-,Y,,,180,,,,,,,Y,4,0,2,2,A,-,12,22450,A,N,D,C,A,A,H,-,D,A,0,,,,,Y,,A,01,0,0,2,0,0,0,0,0,0,"- ","- ",36.730308532714844,-119.28665161132812,FRESNO,UNINCORPORATED,-119.28663635253906,36.730361938476562
91102679,2019,2019-10-22,9435,2019-10-15,1525,020836,,2,2,7,1005,0,1,3,,2,181,"SR-180 W/B","H STREET",528.00,E,N,A,-,Y,,,180,,,,,,W,Y,4,0,4,2,A,-,03,22350,,N,C,C,A,A,H,-,A,D,0,,,,,Y,,A,08,0,0,4,0,0,0,0,0,0,"- ","- ",36.745750427246094,-119.80615234375,FRESNO,FRESNO,-119.80612182617188,36.745700836181641
91102716,2019,2019-10-22,9435,2019-10-15,1725,020836,,2,2,7,1005,0,1,3,,2,181,"SR-180 E/B",SR-41,1056.00,W,N,A,-,Y,,,180,,,,,,E,N,4,0,2,2,A,-,03,22350,,N,C,C,A,A,H,-,A,D,0,,,,,Y,,D,22,0,0,2,0,0,0,0,0,0,"- ","- ",36.753849029541016,-119.77935028076172,FRESNO,FRESNO,-119.77934265136719,36.753787994384766
91103564,2019,2019-10-23,9435,2019-10-18,0823,018926,,5,1,9,1000,0,1,3,,1,180,"SR-180 E/B","HOWARD AVE",200.00,W,N,A,-,Y,,,180,,,,,,E,Y,4,0,1,2,A,-,03,22350,,N,C,C,A,A,H,-,A,D,0,,,,,Y,,A,07,0,0,1,0,0,0,0,0,0,"- ","- ",36.735038757324219,-120.02616119384766,FRESNO,UNINCORPORATED,-120.02616119384766,36.734954833984375
91104298,2019,2019-10-23,9435,2019-10-18,1300,017310,,5,1,7,1005,0,1,3,,2,181,"SR-180 W/B","VAN NESS AVE",315.00,E,N,A,-,Y,,,180,,,,,,W,Y,4,0,2,2,A,-,03,22350,,N,C,C,A,A,H,-,A,D,0,,,,,Y,,A,07,0,0,2,0,0,0,0,0,0,"- ","- ",36.75,-119.79782104492188,FRESNO,FRESNO,-119.79784393310547,36.750053405761719
91104778,2019,2019-10-24,9435,2019-10-11,0130,021119,,5,3,9,1000,0,3,5,,2,010,SR-180,"TRINITY AVE",3193.00,W,N,A,-,N,,,180,,,,,,,Y,2,0,3,2,A,-,01,23153,A,N,C,C,A,A,H,-,D,D,0,,,,Y,Y,Y,A,01,1,1,1,0,0,0,0,0,0,"- ","- ",36.734729766845703,-120.12545013427734,FRESNO,UNINCORPORATED,-120.12545013427734,36.734703063964844
91107928,2019,2019-10-28,9435,2019-10-20,1330,016507,,7,1,9,1000,0,1,3,,2,184,"STATE ROUTE 180 (KINGS CANYON ROAD)","STATE ROUTE 63 (HILLS VALLEY ROAD)",5808.00,W,N,A,-,Y,,,180,,,,,,,Y,2,0,1,1,A,-,08,22107,,N,E,I,A,A,H,-,A,D,0,,,Y,,Y,,C,02,1,0,0,0,0,0,0,0,1,"- ","- ",36.723960876464844,-119.30187225341797,FRESNO,UNINCORPORATED,-119.30187225341797,36.723888397216797
91108306,2019,2019-10-28,9435,2019-10-22,1855,020836,,2,2,7,1005,0,1,3,,2,181,"SR-180 W/B","CEDAR AVE",1050.00,E,N,A,-,Y,,,180,,,,,,W,Y,4,0,1,2,A,-,08,22107,,N,B,C,A,A,H,-,C,D,0,,,,,Y,,-,"- ",0,0,1,0,0,0,0,0,0,"- ","- ",36.755149841308594,-119.75084686279297,FRESNO,FRESNO,-119.75084686279297,36.755134582519531
91109646,2019,2019-10-30,9435,2019-10-21,0840,020450,,1,1,9,1000,0,1,3,,1,180,"SR-180 (WHITESBRIDGE AVENUE)","HAYES AVENUE",0.00,,Y,A,-,Y,,,180,,,,,,,Y,4,0,1,2,A,-,09,21801,A,N,D,C,A,A,H,-,A,A,0,,,,,Y,,A,07,0,0,1,0,0,0,0,0,0,"- ","- ",36.735408782958984,-119.89875030517578,FRESNO,UNINCORPORATED,-119.89875030517578,36.735401153564453
91109802,2019,2019-10-30,9435,2019-10-18,2024,020095,,5,2,7,1005,0,1,3,,2,182,"SR-180 WB","CHESTNUT AVE",350.00,W,N,A,-,Y,,,180,,,,,,W,Y,4,0,1,3,A,-,08,22107,,N,C,C,A,A,H,-,C,D,0,,,,,Y,,A,01,0,0,1,0,0,0,0,0,0,"- ","- ",36.7552490234375,-119.73786163330078,FRESNO,FRESNO,-119.73788452148438,36.755054473876953
91109834,2019,2019-10-30,9435,2019-10-22,0550,020450,,2,3,7,1005,0,1,3,,2,182,"SR-180 W/B","FRESNO ST",1056.00,W,N,A,-,Y,,,180,,,,,,W,Y,4,0,1,1,A,-,08,22107,,N,E,I,A,A,H,-,D,D,0,,,,,Y,,A,01,0,0,1,0,0,0,0,0,0,"- ","- ",36.753158569335938,-119.78543090820312,FRESNO,FRESNO,-119.78543090820312,36.753162384033203
91112778,2019,2019-11-04,9435,2019-10-23,0743,018865,,3,1,7,1005,0,1,3,,2,182,"SR-180 W/B","WILLOW AVE",350.00,E,N,A,-,Y,,,180,,,,,,W,Y,3,0,4,6,A,-,03,22350,,N,C,C,A,A,H,-,A,D,0,,,,,Y,,A,01,0,2,2,0,0,0,0,0,0,"- ","- ",36.753730773925781,-119.72605895996094,FRESNO,FRESNO,-119.72605895996094,36.753692626953125
91116709,2019,2019-11-08,9435,2019-11-01,1420,020733,,5,2,7,1005,0,1,3,,2,181,"SR-180 W/B","H ST",100.00,E,N,A,-,Y,,,180,,,,,,W,Y,4,0,2,2,A,-,03,22350,,N,C,C,A,A,H,-,A,D,0,,,,,Y,,A,01,0,0,2,0,0,0,0,0,0,"- ","- ",36.745571136474609,-119.80641937255859,FRESNO,FRESNO,-119.80641174316406,36.745548248291016
91119035,2019,2019-11-18,9435,2019-11-02,1300,020540,,6,1,9,1000,0,1,3,,2,184,SR-180,"SILVER LANE",0.00,,Y,A,-,Y,,,180,,,,,,,Y,3,0,1,1,A,-,01,23152,A,N,E,I,A,A,H,-,A,D,0,,,,,Y,Y,D,22,0,1,0,0,0,0,0,0,0,"- ","- ",36.751609802246094,-119.21784973144531,FRESNO,UNINCORPORATED,-119.21780395507812,36.751541137695312
91122403,2019,2019-11-18,9435,2019-11-03,0041,020450,,7,3,9,1000,0,1,3,,1,183,"SR-180 E/B","LEONARD AVE",898.00,E,N,A,-,Y,,,180,,,,,,E,Y,4,0,2,2,A,-,01,23152,A,N,C,C,A,A,H,-,D,D,0,,,,,Y,Y,A,01,0,0,2,0,0,0,0,0,0,"- ","- ",36.736141204833984,-119.63375854492188,FRESNO,UNINCORPORATED,-119.63375091552734,36.736225128173828
91122408,2019,2019-11-18,9435,2019-11-04,2033,020592,,1,2,7,1005,0,1,3,,2,181,"SR-180 W/B","FRESNO STREET U/C",420.00,E,N,A,-,Y,,,180,,,,,,W,Y,4,0,2,3,A,-,03,22350,,N,C,C,A,A,H,-,C,D,0,,,,,Y,,A,01,0,0,2,0,0,0,0,0,0,"- ","- ",36.753910064697266,-119.78016662597656,FRESNO,FRESNO,-119.78018188476562,36.753974914550781
91122957,2019,2019-11-18,9435,2019-11-01,1550,018914,,5,2,7,1005,0,1,3,,2,181,"SR-180 W/B","VAN NESS AVENUE",500.00,E,N,A,-,Y,,,180,,,,,,W,Y,2,0,1,2,A,-,03,22350,,N,C,C,A,A,H,-,A,D,0,,,,,Y,,A,01,1,0,0,0,0,0,0,0,0,"- ","- ",36.750289916992188,-119.79739379882812,FRESNO,FRESNO,-119.79737854003906,36.750259399414062
91125157,2019,2019-11-20,9435,2019-11-08,1840,020836,,5,2,9,1000,0,1,3,,1,183,"SR-180 W/B","MCCALL AVE",380.00,E,N,A,-,Y,,,180,,,,,,W,Y,4,0,7,3,A,-,01,23152,A,N,C,C,A,A,H,-,C,A,0,,,,,Y,Y,A,01,0,0,7,0,0,0,0,0,0,"- ","- ",36.736049652099609,-119.60835266113281,FRESNO,UNINCORPORATED,-119.60835266113281,36.735977172851562
91125222,2019,2019-11-21,9435,2019-11-12,0322,017165,,2,3,7,1005,0,1,3,,2,181,"SR-180 W/B","MAPLE AVE",18.00,W,N,A,-,Y,,,180,,,,,,W,Y,4,0,1,1,A,-,08,22107,,N,E,I,A,A,H,-,C,D,0,,,,,Y,,A,01,0,0,1,0,0,0,0,0,0,"- ","- ",36.755081176757812,-119.74553680419922,FRESNO,FRESNO,-119.74553680419922,36.755134582519531
91127091,2019,2019-11-21,9435,2019-11-11,2157,016911,,1,2,7,1005,0,1,3,,2,181,"SR-180 EB","SR-41 S/B",0.00,,N,A,-,Y,,,180,,,,,,E,Y,4,0,1,2,C,-,18,,,N,C,C,A,A,C,-,D,D,0,,,,,Y,,-,"- ",0,0,1,0,0,0,0,0,0,"- ","- ",36.754001617431641,-119.77742767333984,FRESNO,FRESNO,-119.77743530273438,36.754032135009766
91129346,2019,2019-11-25,9435,2019-11-14,0935,012846,,4,1,7,1005,0,1,3,,2,410,"SR-180 W/B","FRESNO ST",400.00,W,N,A,-,Y,,,180,,,,,,W,N,4,0,1,2,A,-,07,21658,A,N,B,C,A,A,H,-,A,D,0,,,,Y,Y,,F,26,0,0,1,0,0,0,0,0,0,"- ","- ",36.753631591796875,-119.78291320800781,FRESNO,FRESNO,-119.78290557861328,36.753585815429688
91132368,2019,2019-12-02,9435,2019-11-21,1640,020836,,4,2,7,1005,0,1,3,,2,181,"SR-180 E/B","FIRST STREET",100.00,E,N,A,-,Y,,,180,,,,,,E,Y,3,0,3,3,A,-,03,22350,,N,C,C,A,A,H,-,A,D,0,,,,,Y,,A,01,0,1,2,0,0,0,0,0,0,"- ","- ",36.754650115966797,-119.77175140380859,FRESNO,FRESNO,-119.77175140380859,36.754684448242188
91132598,2019,2019-12-02,9435,2019-11-20,0701,015986,,3,1,7,1005,0,1,3,,2,181,"SR-180 W/B","G STREET",200.00,W,N,A,-,Y,,,180,,,,,,W,Y,4,0,1,3,A,-,03,22350,,N,C,C,A,A,H,-,A,D,0,,,,,Y,,A,01,0,0,1,0,0,0,0,0,0,"- ","- ",36.743671417236328,-119.80986785888672,FRESNO,FRESNO,-119.80988311767578,36.743694305419922
91133168,2019,2019-12-02,9435,2019-11-21,1755,020836,,4,2,7,1005,0,1,3,,2,181,"SR-180 E/B",SR-41,50.00,E,N,A,-,Y,,,180,,,,,,E,Y,3,0,1,2,A,-,03,22350,,N,C,C,A,A,H,-,D,D,0,,,,,Y,,A,07,0,1,0,0,0,0,0,0,0,"- ","- ",36.754249572753906,-119.77535247802734,FRESNO,FRESNO,-119.77535247802734,36.754276275634766
91137013,2019,2019-12-05,9435,2019-11-26,2140,021230,,2,2,7,1005,0,1,3,,2,181,"SR-180 E/B","CEDAR AVENUE",50.00,W,N,B,-,Y,,,180,,,,,,E,Y,3,0,2,2,A,-,03,22350,,N,C,C,A,A,H,-,C,D,0,,,,,Y,Y,A,01,0,1,1,0,0,0,0,0,0,"- ","- ",36.754840850830078,-119.75496673583984,FRESNO,FRESNO,-119.75496673583984,36.754867553710938
91137970,2019,2019-12-06,9435,2019-11-19,1642,020592,,2,2,9,1000,0,1,3,,1,180,SR-180,"CORNELIA AVENUE",0.00,,Y,A,-,Y,,,180,,,,,,,Y,4,0,1,2,A,-,09,21802,A,N,D,C,A,A,H,-,C,A,0,,,,,Y,,A,01,0,0,1,0,0,0,0,0,0,"- ","- ",36.735511779785156,-119.88076782226562,FRESNO,UNINCORPORATED,-119.88076782226562,36.735500335693359
91138112,2019,2019-12-06,9435,2019-11-27,1555,020540,,3,2,9,1000,0,1,3,,2,184,SR-180,"COVE AVENUE",14784.00,E,N,C,-,Y,,,180,,,,,,,Y,3,0,2,2,A,-,08,22107,,N,A,C,A,C,H,-,A,D,0,,,,,Y,,D,22,0,1,1,0,0,0,0,0,0,"- ","- ",36.723358154296875,-119.29930877685547,FRESNO,UNINCORPORATED,-119.29931640625,36.723289489746094
91138249,2019,2019-12-10,9435,2019-11-27,1801,020122,,3,2,9,1000,0,1,3,,1,183,"SR-180 E/B","DEL REY AVE",30.00,E,N,A,-,Y,,,180,,,,,,E,Y,4,0,1,2,A,-,03,22350,,N,C,C,A,B,H,-,D,D,0,,,,,Y,,A,01,0,0,1,0,0,0,0,0,0,"- ","- ",36.735809326171875,-119.59187316894531,FRESNO,UNINCORPORATED,-119.59187316894531,36.735816955566406
91139243,2019,2019-12-10,9435,2019-11-19,1620,020836,,2,2,7,1005,0,1,3,,2,181,"SR-180 E/B","BLACKSTONE AVE",900.00,W,N,A,-,Y,,,180,,,,,,E,Y,4,0,2,2,A,-,07,21658,A,N,C,C,A,A,H,-,A,D,0,,,,,Y,,A,01,0,0,2,0,0,0,0,0,0,"- ","- ",36.751251220703125,-119.79335021972656,FRESNO,FRESNO,-119.79334259033203,36.751232147216797