CASE_ID,ACCIDENT_YEAR,PROC_DATE,JURIS,COLLISION_DATE,COLLISION_TIME,OFFICER_ID,REPORTING_DISTRICT,DAY_OF_WEEK,CHP_SHIFT,POPULATION,CNTY_CITY_LOC,SPECIAL_COND,BEAT_TYPE,CHP_BEAT_TYPE,CITY_DIVISION_LAPD,CHP_BEAT_CLASS,BEAT_NUMBER,PRIMARY_RD,SECONDARY_RD,DISTANCE,DIRECTION,INTERSECTION,WEATHER_1,WEATHER_2,STATE_HWY_IND,CALTRANS_COUNTY,CALTRANS_DISTRICT,STATE_ROUTE,ROUTE_SUFFIX,POSTMILE_PREFIX,POSTMILE,LOCATION_TYPE,RAMP_INTERSECTION,SIDE_OF_HWY,TOW_AWAY,COLLISION_SEVERITY,NUMBER_KILLED,NUMBER_INJURED,PARTY_COUNT,PRIMARY_COLL_FACTOR,PCF_CODE_OF_VIOL,PCF_VIOL_CATEGORY,PCF_VIOLATION,PCF_VIOL_SUBSECTION,HIT_AND_RUN,TYPE_OF_COLLISION,MVIW,PED_ACTION,ROAD_SURFACE,ROAD_COND_1,ROAD_COND_2,LIGHTING,CONTROL_DEVICE,CHP_ROAD_TYPE,PEDESTRIAN_ACCIDENT,BICYCLE_ACCIDENT,MOTORCYCLE_ACCIDENT,TRUCK_ACCIDENT,NOT_PRIVATE_PROPERTY,ALCOHOL_INVOLVED,STWD_VEHTYPE_AT_FAULT,CHP_VEHTYPE_AT_FAULT,COUNT_SEVERE_INJ,COUNT_VISIBLE_INJ,COUNT_COMPLAINT_PAIN,COUNT_PED_KILLED,COUNT_PED_INJURED,COUNT_BICYCLIST_KILLED,COUNT_BICYCLIST_INJURED,COUNT_MC_KILLED,COUNT_MC_INJURED,PRIMARY_RAMP,SECONDARY_RAMP,LATITUDE,LONGITUDE,COUNTY,CITY,POINT_X,POINT_Y
91272247,2020,2020-07-21,9435,2020-07-14,1600,020387,,2,2,7,1005,0,1,3,,2,181,"SR-180 WESTBOUND","H ST.",250.00,E,N,A,-,Y,,,180,,,,,,W,N,4,0,1,2,A,-,03,22350,,F,C,C,A,A,D,E,A,D,0,,,,,Y,,-,99,0,0,1,0,0,0,0,0,0,"- ","- ",36.74578857421875,-119.80599975585938,FRESNO,FRESNO,-119.80599212646484,36.745769500732422
91274333,2020,2020-07-27,9435,2020-07-17,1320,020871,,5,1,9,1000,0,1,3,,2,184,"STATE ROUTE 180","PIEDRA ROAD",1056.00,E,N,A,-,Y,,,180,,,,,,,Y,2,0,1,1,A,-,03,22350,,N,F,A,A,A,D,-,A,A,0,,,Y,,Y,,C,02,1,0,0,0,0,0,0,0,1,"- ","- ",36.727531433105469,-119.46212005615234,FRESNO,UNINCORPORATED,-119.46239471435547,36.727169036865234
91274666,2020,2020-07-27,9435,2020-07-17,0520,020586,,5,3,9,1000,0,1,3,,1,183,"STATE ROUTE 180 EASTBOUND","RIO VISTA AVENUE",200.00,E,N,A,-,Y,,,180,,,,,,E,Y,4,0,1,2,A,-,03,22350,,N,C,C,A,A,H,-,B,D,0,,,,,Y,,A,07,0,0,1,0,0,0,0,0,0,"- ","- ",36.732231140136719,-119.47508239746094,FRESNO,UNINCORPORATED,-119.47509765625,36.731922149658203
91278795,2020,2020-07-31,9435,2020-07-26,1655,016507,,7,2,9,1000,0,1,3,,2,184,"STATE ROUTE 180 (KINGS CANYON ROAD)","DUNLAP ROAD",20592.00,E,N,A,-,Y,,,180,,,,,,,Y,4,0,1,2,A,-,08,22107,,N,B,C,A,A,H,-,A,D,0,,,,,Y,,A,01,0,0,1,0,0,0,0,0,0,"- ","- ",36.759128570556641,-119.1053466796875,FRESNO,UNINCORPORATED,-119.10532379150391,36.759166717529297
91279029,2020,2020-08-03,9435,2020-07-27,0448,020592,,1,3,9,1000,0,1,3,,1,183,"STATE ROUTE 180 WESTBOUND","DE WOLF AVENUE",643.00,E,N,A,-,Y,,,180,,,,,,W,Y,4,0,1,2,A,-,03,22350,,M,C,C,A,A,H,-,D,D,0,,,,,Y,,A,01,0,0,1,0,0,0,0,0,0,"- ","- ",36.737049102783203,-119.64347076416016,FRESNO,UNINCORPORATED,-119.64347076416016,36.737075805664062
91280660,2020,2020-08-04,9435,2020-07-25,1240,020095,,6,1,7,1005,0,1,3,,2,105,"SR-180 E/B TO SR-99 N/B","SR-99 N/B",64.00,W,N,A,-,Y,,,180,,,,R,,E,Y,3,0,1,4,A,-,08,22107,,N,E,I,A,A,H,-,C,D,0,,,,,Y,,A,07,0,1,0,0,0,0,0,0,0,"- ","- ",36.741348266601562,-119.81507110595703,FRESNO,FRESNO,-119.81507110595703,36.741348266601562
91283732,2020,2020-08-10,9435,2020-08-01,1255,016507,,6,1,9,1000,0,1,3,,2,184,"STATE ROUTE 180 (KINGS CANYON ROAD)","COVE AVENUE",3168.00,E,N,A,-,Y,,,180,,,,,,,Y,2,0,1,1,A,-,08,22107,,N,E,I,A,A,H,-,A,D,0,,,,,Y,,A,01,1,0,0,0,0,0,0,0,0,"- ","- ",36.7152099609375,-119.33920288085938,FRESNO,UNINCORPORATED,-119.33921051025391,36.715255737304688
91286636,2020,2020-08-14,9435,2020-08-09,0001,021031,,7,3,9,1000,0,1,3,,1,183,"STATE ROUTE 180 WESTBOUND","ACADEMY AVENUE",0.00,,Y,A,-,Y,,,180,,,,,,W,Y,4,0,1,2,A,-,03,22350,,N,C,C,A,A,H,-,C,A,0,,,,,Y,,D,22,0,0,1,0,0,0,0,0,0,"- ","- ",36.736179351806641,-119.55608367919922,FRESNO,UNINCORPORATED,-119.55608367919922,36.736183166503906
91287116,2020,2020-08-17,9435,2020-08-08,1838,020078,,6,2,9,1000,0,1,3,,1,180,"STATE ROUTE 180","BRAWLEY AVENUE",0.00,,Y,A,-,Y,,,180,,,,,,,Y,3,0,1,1,A,-,01,23152,A,N,E,J,A,A,H,-,A,D,0,,,,,Y,Y,A,08,0,1,0,0,0,0,0,0,0,"- ","- ",36.735710144042969,-119.86260223388672,FRESNO,UNINCORPORATED,-119.86260223388672,36.735492706298828
91287190,2020,2020-08-17,9435,2020-08-08,1630,020942,,6,2,7,1005,0,1,3,,2,181,"STATE ROUTE 180, EASTBOUND","CEDAR AVENUE",792.00,E,N,A,-,Y,,,180,,,,,,E,N,4,0,1,2,C,-,18,,,N,B,C,A,A,H,-,A,D,0,,,,,Y,,-,"- ",0,0,1,0,0,0,0,0,0,"- ","- ",36.75482177734375,-119.7515869140625,FRESNO,FRESNO,-119.7515869140625,36.754871368408203
91287627,2020,2020-08-17,9435,2020-08-10,1040,020429,,1,1,9,1000,0,1,3,,2,184,"STATE ROUTE 180","RIO VISTA AVENUE",418.00,W,N,A,-,Y,,,180,,,,,,,Y,3,0,1,1,A,-,01,23152,A,N,E,I,A,A,D,-,A,D,0,,,,,Y,Y,D,22,0,1,0,0,0,0,0,0,0,"- ","- ",36.732170104980469,-119.47445678710938,FRESNO,UNINCORPORATED,-119.47449493408203,36.731876373291016
91288220,2020,2020-08-18,9435,2020-08-10,1955,020942,,1,2,9,1000,0,1,3,,1,180,"STATE ROUTE 180","DICKENSON AVENUE",0.00,,Y,A,-,Y,,,180,,,,,,,N,4,0,1,2,A,-,12,22450,A,F,D,C,A,A,H,-,A,A,0,,,,,Y,,-,99,0,0,1,0,0,0,0,0,0,"- ","- ",36.735050201416016,-119.96994781494141,FRESNO,UNINCORPORATED,-119.96994781494141,36.735019683837891
91288855,2020,2020-08-19,9435,2020-08-11,0810,015751,,2,1,9,1000,0,1,3,,1,183,"SR-180 W/B","HIGHLAND AVE",48.00,W,N,A,-,Y,,,180,,,,,,W,N,4,0,1,2,A,-,09,21802,A,N,D,C,A,A,H,-,A,A,0,,,,,Y,,A,01,0,0,1,0,0,0,0,0,0,"- ","- ",36.736228942871094,-119.62831115722656,FRESNO,UNINCORPORATED,-119.62831115722656,36.736179351806641
91290657,2020,2020-08-24,9435,2020-08-12,1700,018914,,3,2,7,1005,0,1,3,,2,182,"SR-180 E/B","CLOVIS AVENUE",528.00,W,N,A,-,Y,,,180,,,,,,E,Y,4,0,1,2,A,-,07,21658,A,F,B,C,A,A,H,-,A,D,0,,,,,Y,,A,01,0,0,1,0,0,0,0,0,0,"- ","- ",36.752700805664062,-119.70269775390625,FRESNO,FRESNO,-119.70269775390625,36.752677917480469
91290721,2020,2020-08-24,9435,2020-08-16,1257,020871,,7,1,7,1005,0,1,3,,1,183,"STATE ROUTE 180 EASTBOUND","ARMSTRONG AVENUE",670.00,W,N,A,-,Y,,,180,,,,,,E,Y,4,0,2,3,A,-,03,22350,,N,C,C,A,A,H,-,A,D,0,,,,,Y,,A,01,0,0,2,0,0,0,0,0,0,"- ","- ",36.749919891357422,-119.67471313476562,FRESNO,FRESNO,-119.67474365234375,36.749874114990234
91291336,2020,2020-08-24,9435,2020-08-16,1235,020019,,7,1,7,1005,0,1,3,,1,183,"STATE ROUTE 180 EASTBOUND","BELMONT AVENUE",120.00,E,N,A,-,Y,,,180,,,,,,E,Y,4,0,2,1,A,-,08,22107,,N,E,I,A,A,H,-,A,D,0,,,,,Y,,A,07,0,0,2,0,0,0,0,0,0,"- ","- ",36.749908447265625,-119.67443084716797,FRESNO,FRESNO,-119.67454528808594,36.749740600585938
91291507,2020,2020-08-24,9435,2020-08-16,0732,020078,,7,1,9,1000,0,1,3,,1,180,"STATE ROUTE 180","PLUMAS AVENUE",965.00,W,N,A,-,Y,,,180,,,,,,,Y,3,0,4,2,A,-,03,22350,,N,C,C,A,A,H,-,A,D,0,,,,,Y,Y,D,22,0,1,3,0,0,0,0,0,0,"- ","- ",36.734661102294922,-120.14472198486328,FRESNO,UNINCORPORATED,-120.14472198486328,36.734664916992188
91293730,2020,2020-08-27,9435,2020-08-20,1320,015751,,4,1,9,1000,0,1,3,,1,180,"SR-180 (WHITESBRIDGE AVE)","POLK AVE",210.00,E,N,A,-,Y,,,180,,,,,,,N,3,0,2,1,C,-,18,,,N,E,J,A,A,H,-,A,D,0,,,,,Y,,-,"- ",0,2,0,0,0,0,0,0,0,"- ","- ",36.735469818115234,-119.88892364501953,FRESNO,UNINCORPORATED,-119.88892364501953,36.735462188720703
91295614,2020,2020-08-31,9435,2020-08-22,1940,020942,,6,2,9,1000,0,1,3,,1,180,"STATE ROUTE 180","YUBA AVENUE",7392.00,W,N,A,-,Y,,,180,,,,,,,Y,4,0,9,5,A,-,06,21751,,N,B,C,A,A,H,-,D,D,0,,,,,Y,,A,01,0,0,9,0,0,0,0,0,0,"- ","- ",36.734630584716797,-120.19422912597656,FRESNO,UNINCORPORATED,-120.19422912597656,36.734649658203125
91298605,2020,2020-09-03,9435,2020-08-27,1610,020824,,4,2,7,1005,0,1,3,,2,181,"STATE ROUTE 180 W/B","G STREET",50.00,E,N,A,-,Y,,,180,,,,,,W,N,4,0,1,2,A,-,03,22350,,N,C,C,A,A,H,-,A,D,0,,,,,Y,,A,01,0,0,1,0,0,0,0,0,0,"- ","- ",36.744171142578125,-119.80899810791016,FRESNO,FRESNO,-119.80899810791016,36.744167327880859
91299358,2020,2020-09-04,9435,2020-08-30,1420,020871,,7,2,9,1000,0,1,3,,1,180,"STATE ROUTE 180","YUBA AVENUE",4224.00,W,N,A,-,Y,,,180,,,,,,,Y,4,0,2,1,A,-,08,22107,,N,E,I,A,A,H,-,A,D,0,,,,,Y,,A,01,0,0,2,0,0,0,0,0,0,"- ","- ",36.734691619873047,-120.18385314941406,FRESNO,UNINCORPORATED,-120.18385314941406,36.734622955322266
91299517,2020,2020-09-04,9435,2020-08-29,1248,019789,,6,1,7,1005,0,1,3,,2,181,"STATE ROUTE 180 W/B","ABBY STREET U/C",1056.00,E,N,A,-,Y,,,180,,,,,,W,Y,4,0,1,1,A,-,08,22107,,N,E,I,A,A,H,-,A,D,0,,,,,Y,,A,01,0,0,1,0,0,0,0,0,0,"- ","- ",36.752971649169922,-119.78597259521484,FRESNO,FRESNO,-119.78598785400391,36.753059387207031
91300208,2020,2020-09-08,9435,2020-08-27,1243,019113,,4,1,9,1000,0,1,3,,1,180,"STATE ROUTE 180","DICKENSON AVENUE",1500.00,W,N,A,-,Y,,,180,,,,,,,Y,3,0,1,2,A,-,08,22107,,N,A,C,A,A,H,-,A,D,0,,,,,Y,,A,01,0,1,0,0,0,0,0,0,0,"- ","- ",36.735000610351562,-119.97515106201172,FRESNO,UNINCORPORATED,-119.97515106201172,36.735004425048828
91300813,2020,2020-09-08,9435,2020-08-31,1507,020429,,1,2,9,1000,0,1,3,,2,184,"STATE ROUTE 180","COVE ROAD",6600.00,E,N,A,-,Y,,,180,,,,,,,Y,3,0,1,1,A,-,08,22107,,N,E,I,A,A,H,-,A,D,0,,,,,Y,,A,01,0,1,0,0,0,0,0,0,0,"- ","- ",36.718231201171875,-119.3272705078125,FRESNO,UNINCORPORATED,-119.32726287841797,36.718345642089844
91302473,2020,2020-09-10,9435,2020-09-06,1450,020871,,7,2,7,1005,0,1,3,,2,181,"STATE ROUTE 180","FIRST STREET",100.00,E,N,A,-,Y,,,180,,,,,,,Y,4,0,1,2,A,-,08,22107,,N,E,I,A,A,H,-,A,D,0,,,,,Y,,A,01,0,0,1,0,0,0,0,0,0,"- ","- ",36.754890441894531,-119.77204895019531,FRESNO,FRESNO,-119.77205657958984,36.754917144775391
91303040,2020,2020-09-11,9435,2020-09-07,1350,020887,,1,1,9,1000,0,1,3,,1,183,"SR-180 E/B","TEMPERANCE AVE",881.00,E,N,A,-,Y,,,180,,,,,,E,Y,3,0,1,1,A,-,08,22107,,N,F,A,A,A,H,-,A,D,0,,,,,Y,,A,07,0,1,0,0,0,0,0,0,0,"- ","- ",36.736961364746094,-119.65483093261719,FRESNO,UNINCORPORATED,-119.65483093261719,36.736965179443359
91303176,2020,2020-09-11,9435,2020-09-04,1450,020824,,5,2,7,1005,0,1,3,,2,181,"STATE ROUTE 180 W/B","G STREET",500.00,E,N,A,-,Y,,,180,,,,,,W,Y,4,0,2,2,A,-,03,22350,,N,C,C,A,A,H,-,A,D,0,,,,,Y,,A,01,0,0,2,0,0,0,0,0,0,"- ","- ",36.744880676269531,-119.80773162841797,FRESNO,FRESNO,-119.80771636962891,36.744857788085938
91303370,2020,2020-09-14,9435,2020-09-04,2215,020193,,5,3,7,1005,0,1,3,,2,181,"STATE ROUTE 180 WESTBOUND","G STREET",170.00,E,N,A,-,Y,,,180,,,,,,W,Y,3,0,1,1,A,-,01,23152,A,N,E,I,A,A,H,-,C,D,0,,,,,Y,Y,A,01,0,1,0,0,0,0,0,0,0,"- ","- ",36.744400024414062,-119.80851745605469,FRESNO,FRESNO,-119.80853271484375,36.744419097900391
91307206,2020,2020-09-18,9435,2020-09-12,1620,021165,,6,2,7,1005,0,1,3,,2,181,"SR-180 W/B",SR-41,1577.00,W,N,A,-,Y,,,180,,,,,,W,Y,4,0,1,3,A,-,05,21651,B,N,B,C,A,A,H,-,A,D,0,,,,,Y,,A,07,0,0,1,0,0,0,0,0,0,"- ","- ",36.753749847412109,-119.78140258789062,FRESNO,FRESNO,-119.78141021728516,36.753799438476562
91307259,2020,2020-09-18,9435,2020-08-01,1701,020942,,6,2,7,1005,0,1,3,,2,181,"STATE ROUTE 180, WESTBOUND","FRESNO STREET",146.00,E,N,A,-,Y,,,180,,,,,,W,Y,1,1,0,1,A,-,08,22107,,N,E,I,A,A,H,-,A,D,0,,,,,Y,,A,01,0,0,0,0,0,0,0,0,0,"- ","- ",36.753799438476562,-119.78093719482422,FRESNO,FRESNO,-119.78095245361328,36.753864288330078
91307300,2020,2020-09-18,9435,2020-06-28,0230,020540,,7,3,9,1000,0,1,3,,2,184,"STATE ROUTE 180","PIEDRA ROAD",1148.00,E,N,A,-,Y,,,180,,,,,,,Y,1,1,0,2,A,-,11,21954,A,F,G,B,E,A,D,-,D,D,0,Y,,,,Y,Y,N,60,0,0,0,1,0,0,0,0,0,"- ","- ",36.728141784667969,-119.46337127685547,FRESNO,UNINCORPORATED,-119.4635009765625,36.727832794189453
91307318,2020,2020-09-18,9435,2020-07-27,2340,021165,,1,3,7,1005,0,1,3,,2,182,"STATE ROUTE 180 EASTBOUND","CLOVIS AVENUE",1598.00,W,N,A,-,Y,,,180,,,,,,E,Y,1,1,1,2,A,-,11,21954,A,N,G,B,E,A,H,-,D,D,0,Y,,,,Y,,N,60,0,1,0,1,0,0,0,0,0,"- ","- ",36.752830505371094,-119.70600128173828,FRESNO,FRESNO,-119.70600128173828,36.752822875976562
91307416,2020,2020-09-18,9435,2020-09-13,1610,016507,,7,2,9,1000,0,1,3,,2,184,"STATE ROUTE 180 (KINGS CANYON ROAD)","ELWOOD ROAD",2112.00,W,N,E,F,Y,,,180,,,,,,,Y,2,0,7,2,A,-,09,21801,A,N,D,C,A,A,H,-,B,D,0,,,,,Y,,A,07,1,1,5,0,0,0,0,0,0,"- ","- ",36.741470336914062,-119.243408203125,FRESNO,UNINCORPORATED,-119.24340057373047,36.741447448730469
91308535,2020,2020-09-21,9435,2020-09-14,0753,020019,,1,1,9,1000,0,1,3,,1,183,"STATE ROUTE 180 EASTBOUND","BETHEL AVENUE",528.00,E,N,A,-,Y,,,180,,,,,,E,Y,4,0,1,1,A,-,01,23152,F,N,F,I,A,A,H,-,A,D,0,,,,,Y,,A,01,0,0,1,0,0,0,0,0,0,"- ","- ",36.735870361328125,-119.57222747802734,FRESNO,UNINCORPORATED,-119.57222747802734,36.735916137695312
91312025,2020,2020-09-25,9435,2020-09-19,0406,020062,,6,3,7,1005,0,1,3,,2,182,"STATE ROUTE 180 WESTBOUND","CHESTNUT AVENUE",50.00,W,N,A,-,Y,,,180,,,,,,W,Y,4,0,1,2,A,-,03,22350,,N,C,C,A,A,H,-,D,D,0,,,,,Y,,A,01,0,0,1,0,0,0,0,0,0,"- ","- ",36.754909515380859,-119.73664855957031,FRESNO,FRESNO,-119.73664855957031,36.754909515380859
91312333,2020,2020-09-25,9435,2020-09-19,0850,020540,,6,1,9,1000,0,1,3,,2,184,"STATE ROUTE 180","REED AVENUE",1056.00,W,N,A,-,Y,,,180,,,,,,,Y,3,0,1,1,A,-,03,22350,,N,F,J,A,A,H,-,A,D,0,,,Y,,Y,,C,02,0,1,0,0,0,0,0,0,1,"- ","- ",36.727020263671875,-119.46124267578125,FRESNO,UNINCORPORATED,-119.46163177490234,36.726558685302734
91313164,2020,2020-09-28,9435,2020-09-20,0355,021247,,7,3,9,1000,0,1,3,,1,180,"STATE ROUTE 180","CORNELIA AVENUE",1109.00,E,N,A,-,Y,,,180,,,,,,,Y,3,0,1,1,A,-,01,23152,A,N,F,A,A,A,H,-,D,D,0,,,,,Y,Y,A,01,0,1,0,0,0,0,0,0,0,"- ","- ",36.735599517822266,-119.87689208984375,FRESNO,UNINCORPORATED,-119.87689208984375,36.735488891601562
91314071,2020,2020-09-29,9435,2020-09-20,1710,021230,,7,2,7,1005,0,1,3,,2,181,"SR-180 W/B FROM BLACKSTONE AVENUE","BLACKSTONE AVENUE",330.00,W,N,A,-,Y,,,180,,,,R,,W,Y,4,0,1,1,A,-,08,22107,,N,E,I,A,A,H,-,A,D,0,,,,,Y,,A,01,0,0,1,0,0,0,0,0,0,"- ","- ",36.752811431884766,-119.79171752929688,FRESNO,FRESNO,-119.79171752929688,36.752811431884766
91314436,2020,2020-09-29,9435,2020-06-01,1505,018912,,1,2,9,1000,0,1,3,,1,180,"STATE ROUTE 180","PLUMAS AVENUE",1584.00,E,N,A,-,Y,,,180,,,,,,,Y,4,0,2,1,A,-,08,22107,,N,E,I,A,A,H,-,A,D,0,,,,,Y,,A,01,0,0,2,0,0,0,0,0,0,"- ","- ",36.734580993652344,-120.12606048583984,FRESNO,UNINCORPORATED,-120.12606048583984,36.734703063964844
91315086,2020,2020-09-30,9435,2020-09-23,1017,015095,,3,1,7,1005,0,1,3,,2,181,"SR-180 WESTBOUND",SR-41,100.00,W,N,A,-,Y,,,180,,,,,,W,Y,3,0,2,1,A,-,08,22107,,N,E,I,A,A,H,-,A,D,0,,,,,Y,,A,08,0,2,0,0,0,0,0,0,0,"- ","- ",36.754440307617188,-119.77641296386719,FRESNO,FRESNO,-119.77640533447266,36.754425048828125
91315865,2020,2020-11-03,9461,2020-08-23,2500,021854,,7,4,9,1000,0,1,3,,1,680,"STATE ROUTE-180","SAN BENITO AVENUE",322.00,E,N,A,-,Y,,,180,,,,,,,Y,1,1,0,1,A,-,08,22107,,N,E,I,A,A,H,-,D,D,0,,,,,Y,,A,01,0,0,0,0,0,0,0,0,0,"- ","- ",36.732261657714844,-120.36099243164062,FRESNO,UNINCORPORATED,-120.36104583740234,36.732177734375
91316448,2020,2020-10-02,9461,2020-09-25,1051,017183,,5,1,9,1000,0,1,3,,1,680,SR-180,"PANOCHE RD",0.00,,Y,A,-,Y,,,180,,,,,,,Y,4,0,1,2,A,-,09,21801,A,N,A,C,A,A,H,-,A,D,0,,,,,Y,,A,07,0,0,1,0,0,0,0,0,0,"- ","- ",36.731319427490234,-120.35897827148438,FRESNO,UNINCORPORATED,-120.35897827148438,36.731361389160156
91316758,2020,2020-10-02,9435,2020-09-25,1510,021178,,5,2,9,1000,0,1,3,,1,180,SR-180,"DEL NORTE AVE",755.00,W,N,A,-,Y,,,180,,,,,,,Y,4,0,1,1,A,-,08,22107,,N,E,I,A,A,H,-,A,D,0,,,,,Y,,D,22,0,0,1,0,0,0,0,0,0,"- ","- ",36.735008239746094,-120.07134246826172,FRESNO,UNINCORPORATED,-120.07133483886719,36.734821319580078
91317952,2020,2020-10-05,9435,2020-09-28,1516,021178,,1,2,9,1000,0,1,3,,1,180,"SR-180 W/B","BRAWLEY AVE",25.00,E,N,A,-,Y,,,180,,,,,,W,N,4,0,2,2,A,-,03,22350,,N,C,C,A,A,H,-,A,A,0,,,,,Y,,D,22,0,0,2,0,0,0,0,0,0,"- ","- ",36.735569000244141,-119.86228179931641,FRESNO,UNINCORPORATED,-119.86228179931641,36.735496520996094
91318133,2020,2020-10-06,9435,2020-09-26,0216,019705,,6,3,7,1005,0,1,3,,1,180,"SR-180 W/B","CHESTNUT AVE",1584.00,E,N,A,-,Y,,,180,,,,,,W,Y,4,0,1,2,A,-,03,22350,,N,D,C,A,A,H,-,C,D,0,,,,,Y,,D,22,0,0,1,0,0,0,0,0,0,"- ","- ",36.754249572753906,-119.73219299316406,FRESNO,FRESNO,-119.73221588134766,36.754123687744141
91320706,2020,2020-10-09,9435,2020-10-02,2150,020540,,5,2,9,1000,0,1,3,,2,184,"STATE ROUTE 180","STATE ROUTE 63",4752.00,W,N,A,-,Y,,,180,,,,,,,Y,4,0,1,1,A,-,01,23152,A,N,E,I,A,A,H,-,D,D,0,,,,,Y,Y,A,01,0,0,1,0,0,0,0,0,0,"- ","- ",36.724540710449219,-119.29440307617188,FRESNO,UNINCORPORATED,-119.29441833496094,36.724571228027344
91321216,2020,2020-10-09,9435,2020-08-19,1338,020078,,3,1,9,1000,0,1,3,,1,180,"STATE ROUTE 180","CHATEAU FRESNO AVENUE",0.00,,Y,A,-,Y,,,180,,,,,,,Y,1,2,0,2,A,-,08,22107,,N,A,C,A,A,H,-,A,D,0,,,,Y,Y,,G,25,0,0,0,0,0,0,0,0,0,"- ","- ",36.735191345214844,-119.93431854248047,FRESNO,UNINCORPORATED,-119.93431854248047,36.735214233398438
91321598,2020,2020-10-12,9435,2020-09-30,1319,013793,,3,1,7,1005,0,1,3,,1,180,"SR-180 E/B","BRAWLEY AVE",158.00,E,N,A,-,Y,,,180,,,,,,E,Y,4,0,1,2,A,-,07,21658,A,N,E,I,A,A,H,-,A,D,0,,,,,Y,,A,08,0,0,1,0,0,0,0,0,0,"- ","- ",36.736480712890625,-119.85688781738281,FRESNO,FRESNO,-119.85691070556641,36.736518859863281
91321604,2020,2020-10-12,9435,2020-10-01,1715,021165,,4,2,9,1000,0,3,5,,2,010,"STATE ROUTE 180","LAKE AVENUE",300.00,W,N,F,-,Y,,,180,,,,,,,Y,4,0,1,3,A,-,03,22350,,N,C,C,A,A,H,-,A,D,0,,,,,Y,,D,22,0,0,1,0,0,0,0,0,0,"- ","- ",36.734718322753906,-120.13346099853516,FRESNO,UNINCORPORATED,-120.13346099853516,36.734699249267578
91325225,2020,2020-10-16,9435,2020-10-08,1224,018609,,4,1,7,1005,0,1,3,,2,181,"STATE ROUTE 180 EASTBOUND","BROADWAY STREET",300.00,W,N,A,-,Y,,,180,,,,,,E,Y,4,0,1,2,A,-,07,21658,A,N,D,C,A,A,H,-,A,D,0,,,,Y,Y,,G,27,0,0,1,0,0,0,0,0,0,"- ","- ",36.746540069580078,-119.80393981933594,FRESNO,FRESNO,-119.80393981933594,36.746540069580078
91326581,2020,2020-10-19,9435,2020-10-07,1235,015602,,3,1,9,1000,0,1,3,,2,181,"STATE ROUTE 180","MCCALL AVENUE",70.00,W,N,A,-,Y,,,180,,,,,,,N,3,0,1,2,A,-,03,22350,,N,C,C,A,A,H,-,A,A,0,,,,,Y,,D,22,0,1,0,0,0,0,0,0,0,"- ","- ",36.735729217529297,-119.61051940917969,FRESNO,UNINCORPORATED,-119.61051940917969,36.735729217529297
91327613,2020,2020-10-20,9435,2020-10-12,2247,021153,,1,3,9,1000,0,1,3,,1,183,"STATE ROUTE 180 (EASTBOUND)","BETHEL AVENUE",280.00,E,N,A,-,Y,,,180,,,,,,,Y,3,0,1,2,A,-,03,22350,,M,C,C,A,A,H,-,D,D,0,,,,,Y,Y,A,01,0,1,0,0,0,0,0,0,0,"- ","- ",36.735908508300781,-119.57292175292969,FRESNO,UNINCORPORATED,-119.57292175292969,36.735912322998047
91330669,2020,2020-10-26,9435,2020-10-18,1505,020942,,7,2,9,1000,0,1,3,,1,180,"STATE ROUTE 180","LASSEN AVENUE",15.00,E,N,A,-,Y,,,180,,,,,,,N,3,0,1,2,A,-,03,22350,,N,C,C,A,A,H,-,A,D,0,,,,,Y,,A,01,0,1,0,0,0,0,0,0,0,"- ","- ",36.734729766845703,-120.09648132324219,FRESNO,UNINCORPORATED,-120.09648132324219,36.734725952148438
91331699,2020,2020-10-26,9435,2020-10-16,1800,017310,,5,2,9,1000,0,1,3,,2,181,"STATE ROUTE 180 EASTBOUND","CLOVIS AVENUE",2112.00,W,N,A,-,Y,,,180,,,,,,E,Y,4,0,2,2,A,-,07,21658,A,N,B,C,A,A,H,-,B,D,0,,,,,Y,,A,01,0,0,2,0,0,0,0,0,0,"- ","- ",36.75286865234375,-119.70719146728516,FRESNO,UNINCORPORATED,-119.70719146728516,36.752876281738281
91332457,2020,2020-10-27,9435,2020-10-18,0815,020095,,7,1,7,1005,0,1,3,,2,105,"SR-180 WB TO SR-99 NB","SR-180 WB",300.00,N,N,A,-,Y,,,180,,,,R,,W,Y,4,0,1,1,A,-,01,23152,F,N,F,I,A,A,H,-,A,D,0,,,,,Y,,A,01,0,0,1,0,0,0,0,0,0,"- ","- ",36.741451263427734,-119.81603240966797,FRESNO,FRESNO,-119.81603240966797,36.741451263427734