CASE_ID,ACCIDENT_YEAR,PROC_DATE,JURIS,COLLISION_DATE,COLLISION_TIME,OFFICER_ID,REPORTING_DISTRICT,DAY_OF_WEEK,CHP_SHIFT,POPULATION,CNTY_CITY_LOC,SPECIAL_COND,BEAT_TYPE,CHP_BEAT_TYPE,CITY_DIVISION_LAPD,CHP_BEAT_CLASS,BEAT_NUMBER,PRIMARY_RD,SECONDARY_RD,DISTANCE,DIRECTION,INTERSECTION,WEATHER_1,WEATHER_2,STATE_HWY_IND,CALTRANS_COUNTY,CALTRANS_DISTRICT,STATE_ROUTE,ROUTE_SUFFIX,POSTMILE_PREFIX,POSTMILE,LOCATION_TYPE,RAMP_INTERSECTION,SIDE_OF_HWY,TOW_AWAY,COLLISION_SEVERITY,NUMBER_KILLED,NUMBER_INJURED,PARTY_COUNT,PRIMARY_COLL_FACTOR,PCF_CODE_OF_VIOL,PCF_VIOL_CATEGORY,PCF_VIOLATION,PCF_VIOL_SUBSECTION,HIT_AND_RUN,TYPE_OF_COLLISION,MVIW,PED_ACTION,ROAD_SURFACE,ROAD_COND_1,ROAD_COND_2,LIGHTING,CONTROL_DEVICE,CHP_ROAD_TYPE,PEDESTRIAN_ACCIDENT,BICYCLE_ACCIDENT,MOTORCYCLE_ACCIDENT,TRUCK_ACCIDENT,NOT_PRIVATE_PROPERTY,ALCOHOL_INVOLVED,STWD_VEHTYPE_AT_FAULT,CHP_VEHTYPE_AT_FAULT,COUNT_SEVERE_INJ,COUNT_VISIBLE_INJ,COUNT_COMPLAINT_PAIN,COUNT_PED_KILLED,COUNT_PED_INJURED,COUNT_BICYCLIST_KILLED,COUNT_BICYCLIST_INJURED,COUNT_MC_KILLED,COUNT_MC_INJURED,PRIMARY_RAMP,SECONDARY_RAMP,LATITUDE,LONGITUDE,COUNTY,CITY,POINT_X,POINT_Y
91332535,2020,2020-10-27,9435,2020-10-19,0020,020193,,1,3,9,1000,0,1,3,,1,180,"STATE ROUTE 180","DICKENSON AVENUE",2640.00,W,N,A,-,Y,,,180,,,,,,,Y,3,0,1,2,A,-,01,23152,A,N,C,C,A,A,H,-,D,D,0,,,,Y,Y,Y,A,01,0,1,0,0,0,0,0,0,0,"- ","- ",36.734951019287109,-119.97857666015625,FRESNO,UNINCORPORATED,-119.97857666015625,36.734996795654297
91335694,2020,2020-10-30,9435,2020-10-22,0705,013793,,4,1,7,1005,0,1,3,,2,181,"SR-180 W/B","11TH STREET",430.00,W,N,A,-,Y,,,180,,,,,,W,Y,4,0,1,2,A,-,07,21658,A,N,C,C,A,A,H,-,A,D,0,,,,,Y,,A,08,0,0,1,0,0,0,0,0,0,"- ","- ",36.755119323730469,-119.75820159912109,FRESNO,FRESNO,-119.75820159912109,36.755149841308594
91337020,2020,2020-11-02,9435,2020-10-22,1125,013793,,4,1,7,1005,0,1,3,,2,181,"SR-180 EASTBOUND TO SR-41 NORTHBOUND","FRESNO STREET",15.00,E,N,A,-,Y,,,180,,,,R,,E,N,3,0,1,2,A,-,11,21954,A,N,G,B,E,A,H,-,A,D,0,Y,,,,Y,,N,60,0,1,0,0,1,0,0,0,0,"- ","- ",36.753459930419922,-119.78144073486328,FRESNO,FRESNO,-119.78144073486328,36.753459930419922
91337379,2020,2020-11-03,9435,2020-10-24,2005,020942,,6,2,7,1005,0,1,3,,2,181,"SR-180 WESTBOUND TO SR-99","STATE ROUTE 99",1056.00,E,N,A,-,Y,,,180,,,,R,,W,Y,4,0,1,3,A,-,08,22107,,F,B,C,A,A,H,-,D,D,0,,,,,Y,,A,01,0,0,1,0,0,0,0,0,0,"- ","- ",36.742668151855469,-119.81202697753906,FRESNO,FRESNO,-119.81202697753906,36.742668151855469
91337528,2020,2020-11-03,9435,2020-10-27,2000,019926,,2,2,9,1000,0,1,3,,1,180,SR-180,"SAN MATEO AVE",2640.00,W,N,A,-,Y,,,180,,,,,,,Y,4,0,1,2,A,-,09,21804,A,N,D,C,A,A,H,-,C,D,0,,,,,Y,,A,07,0,0,1,0,0,0,0,0,0,"- ","- ",36.734279632568359,-120.32286834716797,FRESNO,UNINCORPORATED,-120.32286834716797,36.734359741210938
91338677,2020,2020-11-04,9435,2020-10-28,0939,015890,,3,1,7,1005,0,1,3,,2,182,"SR-180 E/B","CHESTNUT AVE",538.00,E,N,A,-,Y,,,180,,,,,,E,Y,3,0,1,1,A,-,08,22107,,N,E,I,A,A,H,-,A,D,0,,,,,Y,,A,01,0,1,0,0,0,0,0,0,0,"- ","- ",36.754238128662109,-119.73433685302734,FRESNO,FRESNO,-119.73434448242188,36.754226684570312
91339004,2020,2020-11-04,9435,2020-10-27,2010,020319,,2,2,9,1000,0,1,3,,1,183,"SR-180 E/B","LEONARD AVE",0.00,,Y,A,-,Y,,,180,,,,,,E,Y,4,0,1,2,A,-,12,21453,A,N,D,C,A,A,H,-,C,A,0,,,,,Y,,A,01,0,0,1,0,0,0,0,0,0,"- ","- ",36.736438751220703,-119.63697814941406,FRESNO,UNINCORPORATED,-119.63697814941406,36.736427307128906
91339515,2020,2020-11-04,9435,2020-10-28,1510,020836,,3,2,7,1005,0,1,3,,1,180,"STATE ROUTE 180 EASTBOUND","H STREET",528.00,W,N,A,-,Y,,,180,,,,,,E,N,4,0,1,3,A,-,07,21658,A,F,C,C,A,A,H,-,A,D,0,,,,,Y,,-,99,0,0,1,0,0,0,0,0,0,"- ","- ",36.744709014892578,-119.80716705322266,FRESNO,FRESNO,-119.80721282958984,36.744796752929688
91340447,2020,2020-11-05,9435,2020-10-28,0644,014547,,3,1,7,1005,0,1,3,,2,181,"STATE ROUTE 180 WESTBOUND","G STREET",175.00,W,N,A,-,Y,,,180,,,,,,W,Y,4,0,3,3,A,-,03,22350,,N,C,C,A,A,H,-,C,D,0,,,,,Y,,D,22,0,0,3,0,0,0,0,0,0,"- ","- ",36.743740081787109,-119.80988311767578,FRESNO,FRESNO,-119.80986022949219,36.743705749511719
91341845,2020,2020-11-09,9435,2020-10-31,2005,020942,,6,2,7,1005,0,1,3,,2,182,"SR-180 EASTBOUND TO PEACH AVENUE","PEACH AVENUE",898.00,W,N,A,-,Y,,,180,,,,R,,E,Y,3,0,1,2,A,-,01,23152,A,F,C,C,A,A,H,-,D,D,0,,,,,Y,Y,D,22,0,1,0,0,0,0,0,0,0,"- ","- ",36.752918243408203,-119.72164154052734,FRESNO,FRESNO,-119.72164154052734,36.752918243408203
91342089,2020,2020-11-09,9435,2020-11-01,0055,020387,,7,3,9,1000,0,1,3,,1,183,"SR-180 WESTBOUND","TRIMMER SPRINGS RD.",564.00,E,N,A,-,Y,,,180,,,,,,W,Y,2,0,1,1,A,-,01,23152,A,N,E,I,A,A,H,-,D,D,0,,,,,Y,Y,A,01,1,0,0,0,0,0,0,0,0,"- ","- ",36.733589172363281,-119.49285125732422,FRESNO,UNINCORPORATED,-119.49290466308594,36.733192443847656
91343876,2020,2020-11-12,9435,2020-11-02,1630,018914,,1,2,9,1000,0,1,3,,1,180,"SR-180 E/B","BLYTHE AVE",25.00,W,N,A,-,Y,,,180,,,,,,E,N,4,0,1,2,A,-,03,22350,,N,C,C,A,A,H,-,A,D,0,,,,,Y,,A,07,0,0,1,0,0,0,0,0,0,"- ","- ",36.735439300537109,-119.87175750732422,FRESNO,UNINCORPORATED,-119.87175750732422,36.735488891601562
91345863,2020,2020-11-16,9435,2020-11-06,1820,016507,,5,2,9,1000,0,1,3,,2,184,"STATE ROUTE 180 (KINGS CANYON ROAD)","ALTA AVENUE",1056.00,W,N,A,-,Y,,,180,,,,,,,Y,4,0,1,1,A,-,08,22107,,N,E,I,A,A,H,-,D,D,0,,,,,Y,,A,01,0,0,1,0,0,0,0,0,0,"- ","- ",36.719928741455078,-119.39759063720703,FRESNO,UNINCORPORATED,-119.3975830078125,36.719902038574219
91345967,2020,2020-11-16,9435,2020-11-08,0325,020540,,7,3,9,1000,0,1,3,,2,184,"STATE ROUTE 180","COVE AVENUE",1056.00,E,N,A,-,Y,,,180,,,,,,,Y,4,0,1,1,A,-,08,22107,,N,E,I,A,A,H,-,D,D,0,,,,,Y,,A,07,0,0,1,0,0,0,0,0,0,"- ","- ",36.7152099609375,-119.34378051757812,FRESNO,UNINCORPORATED,-119.34378051757812,36.715198516845703
91346044,2020,2020-11-16,9435,2020-11-06,1410,020942,,5,2,7,1005,0,1,3,,2,182,"SR-180 WESTBOUND TO SR-168 EASTBOUND","STATE ROUTE 180",528.00,N,N,B,-,Y,,,180,,,,R,,W,Y,4,0,1,2,A,-,07,21658,A,N,B,C,A,A,H,-,A,D,0,,,,,Y,,A,01,0,0,1,0,0,0,0,0,0,"- ","- ",36.756759643554688,-119.74836730957031,FRESNO,FRESNO,-119.74836730957031,36.756759643554688
91347324,2020,2020-11-17,9435,2020-11-10,0342,020064,,2,3,7,1005,0,1,3,,1,180,"STATE ROUTE 180 (SR-180) WESTBOUND","BRAWLEY AVENUE",2112.00,E,N,B,-,Y,,,180,,,,,,W,Y,4,0,1,1,A,-,01,23152,A,N,E,H,A,A,C,-,D,D,0,,,,,Y,Y,A,01,0,0,1,0,0,0,0,0,0,"- ","- ",36.737258911132812,-119.85627746582031,FRESNO,FRESNO,-119.85629272460938,36.737277984619141
91347332,2020,2020-11-17,9435,2020-11-09,0710,013793,,1,1,7,1005,0,1,3,,1,183,"SR-180 W/B","CLOVIS AVE",40.00,E,N,A,-,Y,,,180,,,,,,W,Y,4,0,1,2,A,-,03,22350,,N,C,C,A,A,H,-,A,D,0,,,,,Y,,A,01,0,0,1,0,0,0,0,0,0,"- ","- ",36.752571105957031,-119.70025634765625,FRESNO,FRESNO,-119.70027160644531,36.752826690673828
91350287,2020,2020-11-20,9435,2020-11-13,1715,020942,,5,2,7,1005,0,1,3,,2,181,"STATE ROUTE 180 WESTBOUND","CEDAR AVENUE",686.00,E,N,B,-,Y,,,180,,,,,,W,N,4,0,2,2,A,-,03,22350,,N,C,C,A,A,H,-,D,D,0,,,,,Y,,A,07,0,0,2,0,0,0,0,0,0,"- ","- ",36.755168914794922,-119.75180816650391,FRESNO,FRESNO,-119.75180816650391,36.755134582519531
91350607,2020,2020-11-20,9435,2020-11-14,0605,016507,,6,1,9,1000,0,1,3,,2,184,"STATE ROUTE 180 (KINGS CANYON ROAD)","RUTH HILL ROAD",73.00,E,N,A,-,Y,,,180,,,,,,,Y,4,0,1,1,A,-,08,22107,,N,E,I,A,A,H,-,D,D,0,,,,,Y,,D,22,0,0,1,0,0,0,0,0,0,"- ","- ",36.733180999755859,-119.27342987060547,FRESNO,UNINCORPORATED,-119.2734375,36.733207702636719
91350734,2020,2020-11-20,9435,2020-11-13,1700,020387,,5,2,9,1000,0,1,3,,1,180,"SR-180 WESTBOUND","BRAWLEY AVE.",2300.00,E,N,A,-,Y,,,180,,,,,,W,Y,3,0,1,1,A,-,01,23152,A,N,F,J,A,A,H,-,B,D,0,,,,,Y,Y,A,07,0,1,0,0,0,0,0,0,0,"- ","- ",36.738121032714844,-119.85437774658203,FRESNO,UNINCORPORATED,-119.85436248779297,36.738021850585938
91359167,2020,2021-01-14,9435,2020-11-28,0808,015095,,6,1,7,1005,0,1,3,,2,181,"SR-180 W/B (TO BLACKSTONE AVE)","BLACKSTONE AVENUE",275.00,W,N,A,-,Y,,,180,,,,,,W,Y,4,0,1,1,A,-,03,22350,,N,E,I,A,A,H,-,A,D,0,,,,,Y,,A,01,0,0,1,0,0,0,0,0,0,"- ","- ",36.752361297607422,-119.79154205322266,FRESNO,FRESNO,-119.79145050048828,36.751922607421875
91359563,2020,2020-12-07,9435,2020-11-29,0700,015095,,7,1,7,1005,0,1,3,,2,181,"SR-180 W/B (TO BLACKSTONE AVE)","BLACKSTONE AVENUE",275.00,W,N,A,-,Y,,,180,,,,,,W,Y,4,0,1,1,A,-,03,22350,,N,F,A,A,A,H,-,A,D,0,,,,,Y,,A,07,0,0,1,0,0,0,0,0,0,"- ","- ",36.752361297607422,-119.79154205322266,FRESNO,FRESNO,-119.79145050048828,36.751922607421875
91361922,2020,2020-12-09,9435,2020-12-02,2043,020319,,3,2,7,1005,0,1,3,,2,181,"W/B SR-180 TO N/B SR-99",SR-180,450.00,N,N,A,-,Y,,,180,,,,R,,,Y,3,0,1,1,A,-,08,22107,,N,E,I,A,A,H,-,D,D,0,,,,,Y,,A,01,0,1,0,0,0,0,0,0,0,"- ","- ",36.741550445556641,-119.81645965576172,FRESNO,FRESNO,-119.81645965576172,36.741550445556641
91364617,2020,2020-12-11,9435,2020-07-04,2357,020062,,6,3,7,1005,0,1,3,,2,181,"STATE ROUTE 180 EASTBOUND","CEDAR AVENUE",3168.00,W,N,A,-,Y,,,180,,,,,,E,Y,4,0,2,2,A,-,03,22350,,M,C,C,A,A,H,-,C,D,0,,,,,Y,,A,01,0,0,2,0,0,0,0,0,0,"- ","- ",36.754871368408203,-119.76558685302734,FRESNO,FRESNO,-119.76558685302734,36.754859924316406
91367604,2020,2020-12-15,9435,2020-12-10,1425,020540,,4,2,9,1000,0,1,3,,2,184,"STATE ROUTE 180","SILVER LANE",496.00,E,N,A,-,Y,,,180,,,,,,,Y,4,0,1,1,A,-,08,22107,,N,E,I,A,A,H,-,A,D,0,,,,,Y,,D,22,0,0,1,0,0,0,0,0,0,"- ","- ",36.752540588378906,-119.21614074707031,FRESNO,UNINCORPORATED,-119.21620941162109,36.752635955810547
91369131,2020,2020-12-17,9435,2020-12-13,1527,020387,,7,2,7,1005,0,1,3,,2,181,"SR-180 WESTBOUND","BROADWAY ST.",15.00,W,N,B,C,Y,,,180,,,,,,W,Y,4,0,1,3,A,-,03,22350,,N,C,C,A,B,H,-,A,D,0,,,,,Y,,A,01,0,0,1,0,0,0,0,0,0,"- ","- ",36.747329711914062,-119.80316925048828,FRESNO,FRESNO,-119.80314636230469,36.747276306152344
91372129,2020,2020-12-21,9435,2020-12-12,0017,019603,,6,3,9,1000,0,1,3,,1,180,"STATE ROUTE 180","CORNELIA AVE",280.00,E,N,B,C,Y,,,180,,,,,,,Y,3,0,3,2,A,-,01,23152,A,N,A,C,A,B,H,-,D,D,0,,,,,Y,Y,A,01,0,1,2,0,0,0,0,0,0,"- ","- ",36.735519409179688,-119.87973022460938,FRESNO,UNINCORPORATED,-119.87973022460938,36.735492706298828
91373045,2020,2020-12-22,9435,2020-12-15,1807,020319,,2,2,7,1005,0,1,3,,2,181,"SR-180 E/B TO SR-99 S/B","SR-99 S/B TO SR 180 E/B",122.00,S,N,A,-,Y,,,180,,,,R,,E,Y,3,0,1,2,A,-,08,22107,,N,C,G,A,A,H,-,D,D,0,,Y,,,Y,,L,04,0,1,0,0,0,0,1,0,0,"- ","- ",36.739921569824219,-119.81243896484375,FRESNO,FRESNO,-119.81243896484375,36.739921569824219
91374330,2020,2020-12-23,9435,2020-12-21,1545,020319,,1,2,7,1005,0,1,3,,2,181,"SR-180 W/B","N. H ST.",34.00,W,N,E,-,Y,,,180,,,,,,W,Y,4,0,1,2,A,-,03,22350,,N,C,C,A,A,H,-,A,D,0,,,,Y,Y,,A,08,0,0,1,0,0,0,0,0,0,"- ","- ",36.745338439941406,-119.80682373046875,FRESNO,FRESNO,-119.80681610107422,36.745334625244141
91376741,2020,2020-12-29,9435,2020-12-20,0415,019603,,7,3,7,1005,0,1,3,,2,182,"STATE ROUTE 180","CEDAR AVENUE",964.00,E,N,E,-,Y,,,180,,,,,,,Y,3,0,1,1,A,-,08,22107,,N,F,A,A,B,H,-,D,D,0,,,,,Y,,A,07,0,1,0,0,0,0,0,0,0,"- ","- ",36.755268096923828,-119.75096130371094,FRESNO,FRESNO,-119.75096130371094,36.755134582519531
91380704,2020,2021-01-05,9435,2020-12-25,2222,021178,,5,3,9,1000,0,1,3,,2,182,"SR-180 W/B","PEACH AVE",1056.00,W,N,A,-,Y,,,180,,,,,,W,Y,4,0,1,2,A,-,01,23152,A,N,C,C,A,A,H,-,C,D,0,,,,,Y,Y,A,01,0,0,1,0,0,0,0,0,0,"- ","- ",36.753650665283203,-119.72344970703125,FRESNO,UNINCORPORATED,-119.72344970703125,36.753612518310547
91380942,2020,2021-01-07,9435,2020-12-26,0255,019603,,6,3,7,1005,0,1,3,,2,182,"STATE ROUTE 180 EASTBOUND TO CEDAR AVE.","CEDAR AVENUE",1056.00,E,N,B,-,Y,,,180,,,,R,,E,Y,4,0,1,1,A,-,01,23152,A,N,E,I,A,B,H,-,D,D,0,,,,,Y,Y,A,07,0,0,1,0,0,0,0,0,0,"- ","- ",36.754299163818359,-119.75010681152344,FRESNO,FRESNO,-119.75010681152344,36.754299163818359
91381357,2020,2021-01-05,9435,2020-12-26,1600,020887,,6,2,7,1005,0,1,3,,2,181,"SR-180 E/B","WILLOW AVE",20.00,W,N,A,-,Y,,,180,,,,,,E,Y,3,0,1,3,A,-,01,23152,A,N,C,C,A,A,H,-,A,D,0,,,,,Y,Y,A,01,0,1,0,0,0,0,0,0,0,"- ","- ",36.75347900390625,-119.72749328613281,FRESNO,FRESNO,-119.72748565673828,36.753498077392578
91382016,2020,2021-01-06,9435,2020-12-29,1208,019113,,2,1,7,1005,0,1,3,,2,182,"STATE ROUTE 180 WESTBOUND","PEACH AVENUE",1287.00,W,N,A,-,Y,,,180,,,,,,W,Y,2,0,1,3,A,-,07,21658,A,N,B,C,A,A,H,-,A,D,0,,,Y,,Y,,C,02,1,0,0,0,0,0,0,0,1,"- ","- ",36.753620147705078,-119.72293853759766,FRESNO,FRESNO,-119.72293853759766,36.753597259521484
91385078,2021,2021-01-11,9435,2021-01-02,2111,020942,,6,2,7,1005,0,1,3,,2,181,"STATE ROUTE 180, WESTBOUND","STATE ROUTE 99",898.00,E,N,B,-,Y,,,180,,,,,,W,Y,4,0,2,1,A,-,01,23152,G,N,E,I,A,A,H,-,D,D,0,,,,,Y,Y,A,01,0,0,2,0,0,0,0,0,0,"- ","- ",36.742469787597656,-119.81224822998047,FRESNO,FRESNO,-119.81223297119141,36.742431640625
91387004,2021,2021-01-13,9435,2021-01-09,1800,020942,,6,2,9,1000,0,1,3,,1,183,"STATE ROUTE 180, WESTBOUND","MCCALL AVENUE",100.00,E,N,B,-,Y,,,180,,,,,,W,N,4,0,1,2,A,-,03,22350,,N,C,C,A,A,H,-,D,A,0,,,,,Y,,D,22,0,0,1,0,0,0,0,0,0,"- ","- ",36.735958099365234,-119.60961151123047,FRESNO,UNINCORPORATED,-119.60961151123047,36.735992431640625
91387044,2021,2021-01-13,9435,2021-01-09,0650,020680,,6,1,9,1000,0,1,3,,1,180,"SR-180 WESTBOUND","JAMES RD",0.00,,Y,B,E,Y,,,180,,,,,,W,Y,2,0,7,2,A,-,09,21801,A,N,D,C,A,A,H,-,B,D,0,,,,Y,Y,,A,08,2,0,5,0,0,0,0,0,0,"- ","- ",36.734619140625,-120.20516967773438,FRESNO,UNINCORPORATED,-120.20516967773438,36.734565734863281
91388190,2021,2021-01-15,9435,2021-01-11,1155,015751,,1,1,9,1000,0,1,3,,1,180,SR-180,"YUBA AVE",120.00,W,N,A,-,Y,,,180,,,,,,,Y,3,0,1,2,A,-,03,22350,,N,C,C,A,A,H,-,A,A,0,,,,Y,Y,,A,01,0,1,0,0,0,0,0,0,0,"- ","- ",36.734668731689453,-120.16902923583984,FRESNO,UNINCORPORATED,-120.16902923583984,36.734657287597656
91390393,2021,2021-04-19,9435,2021-01-15,1538,020319,,5,2,7,1005,0,1,3,,2,181,"SR-180 W/B","BROADWAY ST",500.00,W,N,A,-,Y,,,180,,,,,,W,Y,4,0,1,4,A,-,03,22350,,N,C,C,A,A,H,-,A,D,0,,,,,Y,,A,01,0,0,1,0,0,0,0,0,0,"- ","- ",36.746540069580078,-119.80461120605469,FRESNO,FRESNO,-119.80459594726562,36.746509552001953
91392320,2021,2021-01-21,9435,2021-01-14,1905,020319,,4,2,7,1005,0,1,3,,2,181,"SR-180 E/B","SR-99 N/B TO SR-180 W/B",56.00,E,N,A,-,Y,,,180,,,,,,E,Y,4,0,1,1,A,-,08,22107,,M,E,I,A,A,H,-,D,D,0,,,,,Y,,A,01,0,0,1,0,0,0,0,0,0,"- ","- ",36.741569519042969,-119.81304168701172,FRESNO,FRESNO,-119.81307220458984,36.741626739501953
91394271,2021,2021-01-26,9435,2021-01-16,0715,018914,,6,1,9,1000,0,1,3,,1,183,"SR-180 E/B","DE WOLF AVENUE",0.00,,Y,E,-,Y,,,180,,,,,,E,Y,3,0,2,2,A,-,12,21453,A,F,C,C,A,B,H,-,D,A,0,,,,,Y,,A,01,0,1,1,0,0,0,0,0,0,"- ","- ",36.736900329589844,-119.64591979980469,FRESNO,UNINCORPORATED,-119.64591979980469,36.736923217773438
91395111,2021,2021-01-27,9435,2021-01-15,1555,020887,,5,2,9,1000,0,1,3,,1,180,"STATE ROUTE 180","BRAWLEY AVENUE",0.00,,Y,A,-,Y,,,180,,,,,,,Y,3,0,3,2,A,-,12,21453,A,N,D,C,A,A,H,-,A,A,0,,,,,Y,,J,48,0,1,2,0,0,0,0,0,0,"- ","- ",36.735549926757812,-119.86247253417969,FRESNO,UNINCORPORATED,-119.86247253417969,36.735496520996094
91395838,2021,2021-01-28,9435,2021-01-22,1340,020387,,5,1,7,1005,0,1,3,,2,181,"SR-180 EASTBOUND","ABBY ST.",660.00,E,N,B,-,Y,,,180,,,,,,E,Y,4,0,1,3,A,-,03,22350,,N,D,C,A,B,H,-,A,D,0,,,,Y,Y,,A,07,0,0,1,0,0,0,0,0,0,"- ","- ",36.752540588378906,-119.78704071044922,FRESNO,FRESNO,-119.78704833984375,36.752574920654297
91396167,2020,2021-01-28,9435,2020-07-15,2204,019523,,3,3,9,1000,0,1,3,,1,183,"STATE ROUTE 180 EASTBOUND","ACADEMY AVENUE",0.00,,Y,A,-,Y,,,180,,,,,,E,Y,1,1,1,2,A,-,12,21453,A,N,D,C,A,A,H,-,C,A,0,,,,,Y,,D,22,1,0,0,0,0,0,0,0,0,"- ","- ",36.735931396484375,-119.55632019042969,FRESNO,UNINCORPORATED,-119.55632019042969,36.735919952392578
91401594,2021,2021-02-03,9435,2021-01-20,1312,018746,,3,1,9,1000,0,1,3,,1,180,"STATE ROUTE 180 WESTBOUND","FLOYD AVENUE",0.00,,Y,A,-,Y,,,180,,,,,,W,Y,3,0,2,2,D,-,00,,,N,B,C,A,A,H,-,A,D,0,,,,,Y,,-,"- ",0,1,1,0,0,0,0,0,0,"- ","- ",36.734989166259766,-119.99156951904297,FRESNO,UNINCORPORATED,-119.99156951904297,36.734966278076172
91401968,2021,2021-02-03,9435,2021-01-28,1730,015106,,4,2,7,1005,0,1,3,,2,181,"SR-180 WESTBOUND","N SAN PABLO AVE U/C",150.00,W,N,B,C,Y,,,180,,,,,,W,Y,3,0,2,3,A,-,03,22350,,N,B,C,A,B,H,-,D,D,0,,,,,Y,,A,01,0,2,0,0,0,0,0,0,0,"- ","- ",36.750999450683594,-119.79544067382812,FRESNO,FRESNO,-119.79544067382812,36.750991821289062
91402361,2021,2021-02-04,9435,2021-01-28,0800,013793,,4,1,7,1005,0,1,3,,1,180,"SR-180 W/B",SR-41,159.00,W,N,B,C,Y,,,180,,,,,,W,Y,4,0,1,1,A,-,03,22350,,N,E,I,A,A,H,-,A,D,0,,,,,Y,,A,01,0,0,1,0,0,0,0,0,0,"- ","- ",36.754161834716797,-119.77940368652344,FRESNO,FRESNO,-119.77938842773438,36.754085540771484
91402764,2021,2021-02-04,9435,2021-01-28,1800,017310,,4,2,9,1000,0,1,3,,2,181,"STATE ROUTE 180 EASTBOUND","SUNNYSIDE AVENUE",600.00,E,N,C,-,Y,,,180,,,,,,E,Y,3,0,2,3,A,-,03,22350,,N,A,C,A,B,H,-,D,D,0,,,,,Y,,A,01,0,1,1,0,0,0,0,0,0,"- ","- ",36.753341674804688,-119.68904876708984,FRESNO,UNINCORPORATED,-119.68904876708984,36.753284454345703
91403431,2021,2021-02-05,9435,2021-01-26,0740,014547,,2,1,7,1005,0,1,3,,2,182,"STATE ROUTE 180 W/B FROM PEACH AVENUE","PEACH AVENUE",1056.00,W,N,B,-,Y,,,180,,,,R,,W,Y,4,0,1,2,A,-,03,22350,,N,C,C,A,A,H,-,A,A,0,,,,,Y,,A,07,0,0,1,0,0,0,0,0,0,"- ","- ",36.753780364990234,-119.72139739990234,FRESNO,FRESNO,-119.72139739990234,36.753780364990234
91403519,2021,2021-02-05,9435,2021-02-04,1800,020887,,4,2,7,1005,0,1,3,,2,181,"SR-180 W/B",SR-99,1536.00,E,N,A,-,Y,,,180,,,,,,W,N,4,0,1,2,A,-,07,21658,A,N,B,C,A,A,H,-,D,D,0,,,,,Y,,A,01,0,0,1,0,0,0,0,0,0,"- ","- ",36.743511199951172,-119.81021881103516,FRESNO,FRESNO,-119.81021881103516,36.743511199951172
91403613,2021,2021-02-05,9435,2021-01-28,2130,020871,,4,2,9,1000,0,3,5,,2,060,"STATE ROUTE 180","HOPEWELL ROAD",0.00,,Y,B,C,Y,,,180,,,,,,,N,4,0,1,2,A,-,03,22350,,F,G,B,E,B,H,-,D,D,0,Y,,,,Y,,-,99,0,0,1,0,1,0,0,0,0,"- ","- ",36.754619598388672,-119.17073822021484,FRESNO,UNINCORPORATED,-119.17075347900391,36.754669189453125
91407785,2021,2021-02-12,9435,2021-02-11,1546,019610,,4,2,7,1005,0,1,3,,2,181,"SR-180 EASTBOUND TO SR-41","FRESNO STREET",275.00,E,N,B,-,Y,,,180,,,,R,,E,N,4,0,1,2,A,-,07,21658,A,N,B,C,A,A,H,-,A,D,0,,,,,Y,,A,01,0,0,1,0,0,0,0,0,0,"- ","- ",36.753501892089844,-119.78050231933594,FRESNO,FRESNO,-119.78050231933594,36.753501892089844
91409260,2021,2021-02-16,9435,2021-02-16,0900,015106,,2,1,7,1005,0,1,3,,2,181,"SR-180 E/B","1ST AVE. U/C",450.00,E,N,B,-,Y,,,180,,,,,,E,Y,3,0,1,1,A,-,08,22107,,N,E,I,A,A,H,-,A,D,0,,,,,Y,,A,08,0,1,0,0,0,0,0,0,0,"- ","- ",36.754768371582031,-119.77088165283203,FRESNO,FRESNO,-119.77088165283203,36.754772186279297
91410065,2021,2021-02-17,9435,2021-02-11,1735,019926,,4,2,7,1005,0,1,3,,2,181,"SR-180 E/B","H ST",150.00,E,N,A,-,Y,,,180,,,,,,E,Y,4,0,1,2,A,-,07,21658,A,N,B,C,A,A,H,-,B,D,0,,,,,Y,,-,"- ",0,0,1,0,0,0,0,0,0,"- ","- ",36.745491027832031,-119.80574798583984,FRESNO,FRESNO,-119.8057861328125,36.745559692382812
91412401,2021,2021-02-22,9435,2021-02-12,2241,018944,,5,3,7,1005,0,1,3,,1,180,"STATE ROUTE 180 WESTBOUND","MARKS AVENUE",90.00,E,N,A,-,Y,,,180,,,,,,W,Y,2,0,1,1,A,-,01,23152,A,N,E,I,A,A,H,-,D,D,0,,,,,Y,Y,A,07,1,0,0,0,0,0,0,0,0,"- ","- ",36.738418579101562,-119.84397125244141,FRESNO,FRESNO,-119.84397125244141,36.738574981689453