CASE_ID,ACCIDENT_YEAR,PROC_DATE,JURIS,COLLISION_DATE,COLLISION_TIME,OFFICER_ID,REPORTING_DISTRICT,DAY_OF_WEEK,CHP_SHIFT,POPULATION,CNTY_CITY_LOC,SPECIAL_COND,BEAT_TYPE,CHP_BEAT_TYPE,CITY_DIVISION_LAPD,CHP_BEAT_CLASS,BEAT_NUMBER,PRIMARY_RD,SECONDARY_RD,DISTANCE,DIRECTION,INTERSECTION,WEATHER_1,WEATHER_2,STATE_HWY_IND,CALTRANS_COUNTY,CALTRANS_DISTRICT,STATE_ROUTE,ROUTE_SUFFIX,POSTMILE_PREFIX,POSTMILE,LOCATION_TYPE,RAMP_INTERSECTION,SIDE_OF_HWY,TOW_AWAY,COLLISION_SEVERITY,NUMBER_KILLED,NUMBER_INJURED,PARTY_COUNT,PRIMARY_COLL_FACTOR,PCF_CODE_OF_VIOL,PCF_VIOL_CATEGORY,PCF_VIOLATION,PCF_VIOL_SUBSECTION,HIT_AND_RUN,TYPE_OF_COLLISION,MVIW,PED_ACTION,ROAD_SURFACE,ROAD_COND_1,ROAD_COND_2,LIGHTING,CONTROL_DEVICE,CHP_ROAD_TYPE,PEDESTRIAN_ACCIDENT,BICYCLE_ACCIDENT,MOTORCYCLE_ACCIDENT,TRUCK_ACCIDENT,NOT_PRIVATE_PROPERTY,ALCOHOL_INVOLVED,STWD_VEHTYPE_AT_FAULT,CHP_VEHTYPE_AT_FAULT,COUNT_SEVERE_INJ,COUNT_VISIBLE_INJ,COUNT_COMPLAINT_PAIN,COUNT_PED_KILLED,COUNT_PED_INJURED,COUNT_BICYCLIST_KILLED,COUNT_BICYCLIST_INJURED,COUNT_MC_KILLED,COUNT_MC_INJURED,PRIMARY_RAMP,SECONDARY_RAMP,LATITUDE,LONGITUDE,COUNTY,CITY,POINT_X,POINT_Y
91412864,2021,2021-02-22,9435,2021-02-17,1830,017310,,3,2,9,1000,0,1,3,,2,181,"STATE ROUTE 180 EASTBOUND","MCCALL AVENUE",500.00,W,N,A,-,Y,,,180,,,,,,E,N,4,0,3,2,A,-,03,22350,,N,C,C,A,A,H,-,A,D,0,,,,,Y,,A,01,0,0,3,0,0,0,0,0,0,"- ","- ",36.735771179199219,-119.61183166503906,FRESNO,UNINCORPORATED,-119.61183166503906,36.735725402832031
91412989,2021,2021-02-22,9435,2021-02-19,1830,019926,,5,2,7,1005,0,1,3,,2,181,"SR-180 W/B","G ST",20.00,W,N,A,-,Y,,,180,,,,,,W,Y,4,0,4,2,A,-,03,22350,,N,C,C,A,A,H,-,C,D,0,,,,,Y,,A,01,0,0,4,0,0,0,0,0,0,"- ","- ",36.743949890136719,-119.80947113037109,FRESNO,FRESNO,-119.80945587158203,36.743923187255859
91413347,2021,2021-02-23,9435,2021-02-15,1803,020319,,1,2,9,1000,0,3,5,,2,010,SR-180,"CHATEAU FRESNO AVE",0.00,,Y,A,-,N,,,180,,,,,,,Y,4,0,1,3,A,-,03,22350,,N,C,C,A,A,H,-,D,A,0,,,,,Y,,A,01,0,0,1,0,0,0,0,0,0,"- ","- ",36.7352294921875,-119.93434143066406,FRESNO,UNINCORPORATED,-119.93434143066406,36.735214233398438
91413592,2021,2021-02-23,9435,2021-02-19,1857,021165,,5,2,7,1005,0,1,3,,2,181,"STATE ROUTE 180","FULTON STREET",290.00,E,N,A,-,Y,,,180,,,,,,,Y,3,0,2,3,A,-,03,22350,,N,C,C,A,A,H,-,D,D,0,,,,,Y,,A,01,0,1,1,0,0,0,0,0,0,"- ","- ",36.749340057373047,-119.79933929443359,FRESNO,FRESNO,-119.79932403564453,36.749309539794922
91414770,2021,2021-02-24,9435,2021-02-23,1537,020319,,2,2,7,1005,0,1,3,,2,181,"SR-180 W/B","G ST",80.00,W,N,A,-,Y,,,180,,,,,,W,N,4,0,1,2,A,-,03,22350,,F,C,C,A,A,H,-,A,D,0,,,,,Y,,-,99,0,0,1,0,0,0,0,0,0,"- ","- ",36.743900299072266,-119.80957794189453,FRESNO,FRESNO,-119.80956268310547,36.743865966796875
91418772,2021,2021-03-02,9435,2021-02-21,1625,020871,,7,2,9,1000,0,1,3,,2,184,"STATE ROUTE 180","COVE ROAD",7920.00,E,N,A,-,Y,,,180,,,,,,,Y,3,0,2,2,A,-,03,22350,,N,C,C,A,A,H,-,A,D,0,,,,,Y,,A,07,0,1,1,0,0,0,0,0,0,"- ","- ",36.718898773193359,-119.32251739501953,FRESNO,UNINCORPORATED,-119.32252502441406,36.718891143798828
91421290,2021,2021-03-05,9435,2021-02-21,2115,021119,,7,2,7,1005,0,1,3,,2,181,"STATE ROUTE 180 WESTBOUND","STATE ROUTE 99",1320.00,E,N,A,-,Y,,,180,,,,,,W,Y,4,0,3,2,A,-,03,22350,,N,C,C,A,A,H,-,D,D,0,,,,,Y,,A,01,0,0,3,0,0,0,0,0,0,"- ","- ",36.743629455566406,-119.80986785888672,FRESNO,FRESNO,-119.80989837646484,36.743686676025391
91422827,2021,2021-03-08,9435,2021-02-19,1630,020871,,5,2,9,1000,0,1,3,,2,184,"STATE ROUTE 180","GRANT TREE ROAD",5808.00,E,N,A,-,Y,,,180,,,,,,,Y,4,0,1,1,A,-,08,22107,,M,F,A,A,A,H,-,A,D,0,,,,,Y,,A,01,0,0,1,0,0,0,0,0,0,"- ","- ",36.756130218505859,-118.95944976806641,FRESNO,UNINCORPORATED,-118.95939636230469,36.756130218505859
91423152,2021,2021-03-09,9435,2021-02-27,0417,020586,,6,3,9,1000,0,1,3,,1,183,"STATE ROUTE 180 EASTBOUND","FAIRBANKS AVENUE",27.00,W,N,A,-,Y,,,180,,,,,,E,Y,3,0,1,2,A,-,01,23152,A,N,C,C,A,A,H,-,D,D,0,,,,,Y,Y,A,01,0,1,0,0,0,0,0,0,0,"- ","- ",36.735931396484375,-119.56996154785156,FRESNO,UNINCORPORATED,-119.56996154785156,36.735927581787109
91423247,2021,2021-03-09,9435,2021-03-01,1500,020319,,1,2,9,1000,0,1,3,,1,180,SR-180,"JAMES AVE",0.00,,Y,A,-,N,,,180,,,,,,,Y,4,0,3,2,A,-,09,21801,A,N,A,C,A,A,H,-,A,D,0,,,,,Y,,A,01,0,0,3,0,0,0,0,0,0,"- ","- ",36.73455810546875,-120.20510101318359,FRESNO,UNINCORPORATED,-120.20510101318359,36.734565734863281
91429588,2021,2021-03-17,9435,2021-03-10,1715,020429,,3,2,9,1000,0,1,3,,2,184,"STATE ROUTE 180","DUNLAP ROAD",15312.00,E,N,D,-,Y,,,180,,,,,,,Y,4,0,1,1,A,-,03,22350,,N,E,I,A,C,H,-,A,D,0,,,,,Y,,A,01,0,0,1,0,0,0,0,0,0,"- ","- ",36.758838653564453,-119.12374114990234,FRESNO,UNINCORPORATED,-119.12368011474609,36.758895874023438
91432069,2021,2021-03-22,9435,2021-03-21,0240,020586,,7,3,9,1000,0,1,3,,1,183,"STATE ROUTE 180 EASTBOUND","DEWOLF AVENUE",1584.00,W,N,A,-,Y,,,180,,,,,,E,N,2,0,2,2,A,-,11,21954,A,N,G,B,E,A,H,-,D,D,0,Y,,,,Y,Y,N,60,1,0,1,0,1,0,0,0,0,"- ","- ",36.7369384765625,-119.65234375,FRESNO,UNINCORPORATED,-119.65234375,36.736934661865234
91433256,2021,2021-03-23,9435,2021-03-16,1512,020122,,2,2,9,1000,0,1,3,,1,183,"STATE ROUTE 180 WESTBOUND","DE WOLF AVENUE",0.00,,Y,A,-,Y,,,180,,,,,,W,N,4,0,1,2,A,-,12,21453,A,M,B,C,A,A,H,-,A,A,0,,,,,Y,,A,07,0,0,1,0,0,0,0,0,0,"- ","- ",36.737239837646484,-119.64588928222656,FRESNO,UNINCORPORATED,-119.64588928222656,36.737194061279297
91433374,2021,2021-03-23,9435,2021-03-15,0730,013793,,1,1,9,1000,0,1,3,,1,183,"SR-180 W/B","LEONARD AVE",9.00,E,N,B,-,N,,,180,,,,,,W,Y,4,0,1,2,A,-,03,22350,,N,C,C,A,B,H,-,A,A,0,,,,,Y,,A,07,0,0,1,0,0,0,0,0,0,"- ","- ",36.736660003662109,-119.63687896728516,FRESNO,UNINCORPORATED,-119.63687896728516,36.736690521240234
91434190,2021,2021-03-24,9435,2021-03-19,1255,020540,,5,1,9,1000,0,3,5,,2,060,"STATE ROUTE 180","NEWMARK AVENUE",0.00,,Y,A,-,Y,,,180,,,,,,,Y,3,0,2,2,A,-,09,21802,A,N,D,C,A,A,H,-,A,A,0,,,,,Y,,A,08,0,2,0,0,0,0,0,0,0,"- ","- ",36.735729217529297,-119.52899169921875,FRESNO,UNINCORPORATED,-119.52899169921875,36.735599517822266
91434213,2021,2021-03-24,9435,2021-03-17,1515,020319,,3,2,9,1000,0,1,3,,1,180,SR-180,"HAYES AVE",0.00,,Y,A,-,Y,,,180,,,,,,,Y,4,0,3,2,A,-,09,21802,A,N,D,C,A,A,H,-,A,A,0,,,,,Y,,A,01,0,0,3,0,0,0,0,0,0,"- ","- ",36.735408782958984,-119.89878082275391,FRESNO,UNINCORPORATED,-119.89878082275391,36.735401153564453
91436809,2021,2021-03-26,9435,2021-03-19,1632,020319,,5,2,7,1005,0,1,3,,2,181,"SR-180 E/B TO SR-41 N/B","SR-180 E/B",65.00,S,N,C,-,Y,,,180,,,,R,,E,Y,4,0,1,1,A,-,03,22350,,N,E,I,A,B,H,-,A,D,0,,,,,Y,,D,22,0,0,1,0,0,0,0,0,0,"- ","- ",36.753730773925781,-119.77781677246094,FRESNO,FRESNO,-119.77781677246094,36.753730773925781
91438657,2021,2021-03-29,9435,2021-03-23,1100,015986,,2,1,9,1000,0,1,3,,1,180,"SR-180 W/B","SHASTA AVE",252.00,W,N,A,-,Y,,,180,,,,,,W,Y,4,0,1,2,A,-,03,22350,,N,C,C,A,A,H,-,A,D,0,,,,,Y,,D,22,0,0,1,0,0,0,0,0,0,"- ","- ",36.7347412109375,-120.10604858398438,FRESNO,UNINCORPORATED,-120.10604858398438,36.734710693359375
91438722,2021,2021-03-29,9435,2021-03-23,1750,020429,,2,2,9,1000,0,1,3,,2,184,"STATE ROUTE 180","STATE ROUTE 63",6336.00,W,N,A,-,Y,,,180,,,,,,,Y,3,0,2,1,A,-,08,22107,,N,E,I,A,A,H,-,A,D,0,,,,,Y,,A,01,0,1,1,0,0,0,0,0,0,"- ","- ",36.723911285400391,-119.30258178710938,FRESNO,UNINCORPORATED,-119.30257415771484,36.723861694335938
91439295,2021,2021-03-30,9435,2021-03-14,2118,020887,,7,2,7,1005,0,1,3,,2,181,"SR-180 E/B FROM CEDAR AVE","CEDAR AVE",1272.00,E,N,B,-,Y,,,180,,,,R,,E,N,2,0,1,2,A,-,11,21954,A,N,G,B,D,A,H,-,D,D,0,Y,,,,Y,,N,60,1,0,0,0,1,0,0,0,0,"- ","- ",36.754150390625,-119.74997711181641,FRESNO,FRESNO,-119.74997711181641,36.754150390625
91439342,2021,2021-03-30,9435,2021-03-22,0750,015026,,1,1,9,1000,0,1,3,,1,183,"SR-180 W/B","MCCALL AVE",525.00,E,N,A,-,Y,,,180,,,,,,W,Y,4,0,3,2,A,-,03,22350,,N,C,C,A,A,H,-,A,A,0,,,,,Y,,D,22,0,0,3,0,0,0,0,0,0,"- ","- ",36.735958099365234,-119.60797119140625,FRESNO,UNINCORPORATED,-119.60797119140625,36.735977172851562
91442874,2021,2021-04-05,9435,2021-03-26,0205,016911,,5,3,7,1005,0,1,3,,2,182,"STATE ROUTE 180 EASTBOUND","CLOVIS AVENUE",2000.00,W,N,A,-,Y,,,180,,,,,,E,Y,4,0,1,2,A,-,01,23152,A,N,C,C,A,A,H,-,C,D,0,,,,,Y,Y,A,01,0,0,1,0,0,0,0,0,0,"- ","- ",36.75286865234375,-119.70732879638672,FRESNO,FRESNO,-119.70732879638672,36.752880096435547
91443251,2021,2021-04-05,9435,2021-03-28,1840,020942,,7,2,7,1005,0,1,3,,2,181,"SR-180 WESTBOUND TO SR-41 SOUTHBOUND","STATE ROUTE 180",135.00,S,N,A,-,Y,,,180,,,,R,,W,Y,4,0,1,1,A,-,08,22107,,N,E,I,A,A,H,-,A,D,0,,,,,Y,,A,01,0,0,1,0,0,0,0,0,0,"- ","- ",36.753688812255859,-119.77635955810547,FRESNO,FRESNO,-119.77635955810547,36.753688812255859
91444090,2021,2021-04-06,9435,2021-03-27,1650,020387,,6,2,7,1005,0,1,3,,2,181,"SR-180 EASTBOUND","ABBY ST.",85.00,W,N,A,-,Y,,,180,,,,,,E,Y,4,0,2,3,A,-,01,23152,A,N,B,C,A,A,H,-,A,D,0,,,,,Y,Y,A,07,0,0,2,0,0,0,0,0,0,"- ","- ",36.751998901367188,-119.78968811035156,FRESNO,FRESNO,-119.78969573974609,36.75201416015625
91444524,2021,2021-04-06,9435,2021-03-25,1455,020871,,4,2,9,1000,0,1,3,,2,184,"STATE ROUTE 180","HOPEWELL AVENUE",528.00,E,N,A,-,Y,,,180,,,,,,,Y,2,0,1,2,A,-,09,21801,A,N,D,C,A,A,H,-,A,D,0,,,Y,,Y,,A,01,1,0,0,0,0,0,0,0,1,"- ","- ",36.755458831787109,-119.16812896728516,FRESNO,UNINCORPORATED,-119.16812896728516,36.755447387695312
91445056,2021,2021-04-07,9435,2021-03-27,2135,021247,,6,2,7,1005,0,1,3,,2,181,"SR-180 E/B TO BLACKSTONE AVE / ABBY ST","BLACKSTONE AVENUE",341.00,E,N,A,-,Y,,,180,,,,R,,E,Y,4,0,1,1,A,-,01,23152,A,N,E,I,A,A,H,-,C,D,0,,,,,Y,Y,A,01,0,0,1,0,0,0,0,0,0,"- ","- ",36.751949310302734,-119.78932952880859,FRESNO,FRESNO,-119.78932952880859,36.751949310302734
91445955,2021,2021-04-09,9435,2021-03-29,1355,015751,,1,1,7,1005,0,1,3,,2,181,"SR-180 E/B","VAN NESS AVE",117.00,W,N,A,-,Y,,,180,,,,,,E,Y,3,0,2,4,A,-,03,22350,,F,C,C,A,A,H,-,D,D,0,,,,,Y,,-,99,0,1,1,0,0,0,0,0,0,"- ","- ",36.749038696289062,-119.79940795898438,FRESNO,FRESNO,-119.79936981201172,36.748970031738281
91447961,2021,2021-04-12,9435,2021-04-03,1248,020019,,6,1,7,1005,0,1,3,,2,181,"STATE ROUTE 180 WESTBOUND","BROADWAY STREET",28.00,W,N,A,-,Y,,,180,,,,,,W,Y,4,0,5,3,A,-,03,22350,,N,C,C,A,A,H,-,A,D,0,,,,,Y,,A,07,0,0,5,0,0,0,0,0,0,"- ","- ",36.747341156005859,-119.80313873291016,FRESNO,FRESNO,-119.80311584472656,36.747291564941406
91448991,2021,2021-04-13,9435,2021-01-11,1255,019369,,1,1,9,1000,0,1,3,,1,180,"STATE ROUTE 180","BLYTHE AVE",649.00,E,N,A,-,Y,,,180,,,,,,,Y,1,1,0,3,A,-,08,22107,,N,B,C,A,A,H,-,A,D,0,,,,Y,Y,,A,01,0,0,0,0,0,0,0,0,0,"- ","- ",36.735469818115234,-119.86929321289062,FRESNO,UNINCORPORATED,-119.86929321289062,36.735488891601562
91450346,2021,2021-04-14,9435,2021-04-08,1745,020942,,4,2,7,1005,0,1,3,,2,181,"STATE ROUTE 180, WESTBOUND","G STREET",25.00,E,N,A,-,Y,,,180,,,,,,W,N,4,0,1,2,A,-,03,22350,,F,C,C,A,A,H,-,A,D,0,,,,,Y,,-,99,0,0,1,0,0,0,0,0,0,"- ","- ",36.744220733642578,-119.80899047851562,FRESNO,FRESNO,-119.80896759033203,36.744182586669922
91451205,2021,2021-04-15,9435,2021-04-08,0840,015026,,4,1,7,1005,0,1,3,,2,182,"SR-180 E/B TO PEACH AVE","PEACH AVE",124.00,W,N,A,-,Y,,,180,,,,R,,E,N,4,0,1,2,A,-,21,22106,,N,C,C,A,A,H,-,A,A,0,,,,,Y,,A,01,0,0,1,0,0,0,0,0,0,"- ","- ",36.752220153808594,-119.71891021728516,FRESNO,FRESNO,-119.71891021728516,36.752220153808594
91451403,2021,2021-04-15,9435,2021-04-10,1645,020387,,6,2,9,1000,0,1,3,,1,180,SR-180,"HAYES AVE.",0.00,,Y,A,-,Y,,,180,,,,,,,Y,3,0,2,2,A,-,09,21802,A,N,D,C,A,A,H,-,A,A,0,,,,,Y,,A,01,0,1,1,0,0,0,0,0,0,"- ","- ",36.735408782958984,-119.89881134033203,FRESNO,UNINCORPORATED,-119.89881134033203,36.735401153564453
91452878,2021,2021-04-19,9435,2021-04-11,0240,017518,,7,3,7,1005,0,1,3,,2,182,"STATE ROUTE 180 E/B TO PEACH AVENUE","PEACH AVENUE",870.00,W,N,A,-,Y,,,180,,,,R,,E,Y,3,0,1,1,A,-,01,23152,A,N,E,I,A,A,H,-,C,D,0,,,,,Y,Y,A,01,0,1,0,0,0,0,0,0,0,"- ","- ",36.752788543701172,-119.72132110595703,FRESNO,FRESNO,-119.72132110595703,36.752788543701172
91455215,2021,2021-04-21,9435,2021-04-14,0715,015095,,3,1,9,1000,0,1,3,,1,180,SR-180,"TRINITY AVE",250.00,E,N,A,-,Y,,,180,,,,,,,Y,4,0,1,2,A,-,03,22350,,N,C,C,A,A,H,-,A,D,0,,,,,Y,,A,01,0,0,1,0,0,0,0,0,0,"- ","- ",36.73468017578125,-120.11350250244141,FRESNO,UNINCORPORATED,-120.11350250244141,36.734706878662109
91460360,2021,2021-04-28,9435,2021-04-19,1732,020942,,1,2,9,1000,0,1,3,,1,180,"STATE ROUTE 180","DICKENSON AVENUE",686.00,E,N,A,-,Y,,,180,,,,,,,Y,3,0,2,3,A,-,03,22350,,N,C,C,A,A,H,-,A,D,0,,,,,Y,,D,22,0,1,1,0,0,0,0,0,0,"- ","- ",36.735050201416016,-119.96746063232422,FRESNO,UNINCORPORATED,-119.96746063232422,36.735034942626953
91460804,2021,2021-04-28,9435,2021-04-17,1655,020387,,6,2,9,1000,0,1,3,,1,180,"STATE ROUTE 180","CORNELIA AVENUE",920.00,W,N,A,-,Y,,,180,,,,,,,Y,2,0,2,2,A,-,01,23152,A,N,A,C,A,A,H,-,A,D,0,,,,,Y,Y,D,22,1,1,0,0,0,0,0,0,0,"- ","- ",36.735408782958984,-119.88397216796875,FRESNO,UNINCORPORATED,-119.88397216796875,36.735485076904297
91464193,2021,2021-05-03,9435,2021-04-24,1450,021165,,6,2,9,1000,0,1,3,,2,181,"STATE ROUTE 180 EASTBOUND","WILLOW AVENUE",260.00,E,N,A,-,Y,,,180,,,,,,E,Y,4,0,1,2,A,-,07,21658,A,F,F,A,A,A,H,-,A,D,0,,,,,Y,,-,99,0,0,1,0,0,0,0,0,0,"- ","- ",36.753330230712891,-119.72631072998047,FRESNO,UNINCORPORATED,-119.72630310058594,36.753456115722656
91464580,2021,2021-05-03,9435,2021-04-26,1735,015106,,1,2,7,1005,0,1,3,,2,181,"SR-180 TO SR 168","FIRST AVE U/C",2900.00,E,N,A,-,Y,,,180,,,,R,,,N,3,0,1,3,A,-,03,22350,,N,C,C,A,A,H,-,A,D,0,,,,,Y,,D,22,0,1,0,0,0,0,0,0,0,"- ","- ",36.755760192871094,-119.76605224609375,FRESNO,FRESNO,-119.76605224609375,36.755760192871094
91466409,2021,2021-05-05,9435,2021-04-28,1820,020078,,3,2,7,1005,0,1,3,,2,181,"STATE ROUTE 180 WESTBOUND","G STREET",138.00,E,N,A,-,Y,,,180,,,,,,W,Y,4,0,2,3,A,-,03,22350,,N,C,C,A,A,H,-,A,D,0,,,,,Y,,A,01,0,0,2,0,0,0,0,0,0,"- ","- ",36.744331359863281,-119.80867004394531,FRESNO,FRESNO,-119.80867767333984,36.744342803955078
91467257,2021,2021-05-06,9435,2021-04-29,1714,020824,,4,2,9,1000,0,1,3,,1,183,"STATE ROUTE 180 W/B","MCCALL AVENUE",1320.00,E,N,A,-,Y,,,180,,,,,,W,N,4,0,1,2,A,-,03,22350,,N,C,C,A,A,H,-,A,D,0,,,,,Y,,A,01,0,0,1,0,0,0,0,0,0,"- ","- ",36.735958099365234,-119.60546875,FRESNO,UNINCORPORATED,-119.60546875,36.735992431640625
91467919,2021,2021-05-07,9435,2021-05-01,1235,020078,,6,1,9,1000,0,1,3,,1,180,"STATE ROUTE 180","SAN MATEO AVENUE",897.00,W,N,A,-,Y,,,180,,,,,,,N,4,0,2,1,A,-,08,22107,,N,F,A,A,A,H,-,A,D,0,,,,,Y,,A,01,0,0,2,0,0,0,0,0,0,"- ","- ",36.734199523925781,-120.31768798828125,FRESNO,UNINCORPORATED,-120.31768798828125,36.734375
91468197,2021,2021-05-07,9435,2021-02-15,1113,019789,,1,1,9,1000,0,1,3,,1,180,"STATE ROUTE 180","WHITESBRIDGE ROAD",2112.00,E,N,A,-,Y,,,180,,,,,,,Y,1,1,1,2,A,-,08,22107,,N,A,C,A,A,H,-,A,D,0,,,,,Y,,D,22,0,0,1,0,0,0,0,0,0,"- ","- ",36.734409332275391,-120.28707122802734,FRESNO,UNINCORPORATED,-120.28707122802734,36.734439849853516
91469186,2021,2021-05-10,9435,2021-05-01,1215,015986,,6,1,7,1005,0,1,3,,2,181,"SR-180 W/B","G STREET",100.00,W,N,A,-,Y,,,180,,,,,,W,Y,4,0,2,3,A,-,03,22350,,N,C,C,A,A,H,-,A,D,0,,,,,Y,,A,01,0,0,2,0,0,0,0,0,0,"- ","- ",36.743888854980469,-119.80947875976562,FRESNO,FRESNO,-119.80948638916016,36.743904113769531
91469434,2021,2021-05-10,9435,2021-04-28,1559,020122,,3,2,9,1000,0,1,3,,1,180,"STATE ROUTE 180 EASTBOUND","SHASTA AVENUE",0.00,,Y,A,-,Y,,,180,,,,,,E,Y,4,0,2,2,A,-,09,21801,A,N,A,C,A,A,H,-,A,A,0,,,,,Y,,D,22,0,0,2,0,0,0,0,0,0,"- ","- ",36.734710693359375,-120.10539245605469,FRESNO,UNINCORPORATED,-120.10539245605469,36.734714508056641
91470901,2021,2021-05-12,9435,2021-05-03,2131,020586,,1,2,9,1000,0,1,3,,1,183,"STATE ROUTE 180 WESTBOUND","MCCALL AVENUE",0.00,,N,A,-,Y,,,180,,,,,,W,Y,4,0,1,2,A,-,01,23152,A,N,C,C,A,A,H,-,C,A,0,,,,,Y,Y,A,01,0,0,1,0,0,0,0,0,0,"- ","- ",36.735980987548828,-119.60939025878906,FRESNO,UNINCORPORATED,-119.60939025878906,36.735992431640625
91471533,2021,2021-05-12,9435,2021-05-05,0745,019113,,3,1,9,1000,0,1,3,,1,183,"SR-180 W/B FROM FOWLER AVE S/B","FOWLER AVENUE",1025.00,W,N,A,-,Y,,,180,,,,R,,W,Y,4,0,1,3,A,-,03,22350,,N,C,C,A,A,H,-,A,A,0,,,,,Y,,A,07,0,0,1,0,0,0,0,0,0,"- ","- ",36.753890991210938,-119.68567657470703,FRESNO,UNINCORPORATED,-119.68567657470703,36.753890991210938
91472783,2021,2021-05-13,9435,2021-05-07,1603,020387,,5,2,7,1005,0,1,3,,2,181,"SR-180 EASTBOUND","G ST.",35.00,W,N,A,-,Y,,,180,,,,,,E,N,4,0,1,2,A,-,03,22350,,N,C,C,A,A,H,-,A,D,0,,,,,Y,,A,01,0,0,1,0,0,0,0,0,0,"- ","- ",36.743881225585938,-119.80960845947266,FRESNO,FRESNO,-119.80945587158203,36.74359130859375
91472927,2021,2021-05-13,9435,2021-05-05,2044,021230,,3,2,9,1000,0,1,3,,2,181,"SR-180 W/B","FOWLER AVENUE",20.00,E,N,A,-,Y,,,180,,,,,,W,Y,4,0,1,2,A,-,03,22350,,N,C,C,A,A,H,-,D,D,0,,,,,Y,,A,01,0,0,1,0,0,0,0,0,0,"- ","- ",36.753120422363281,-119.68155670166016,FRESNO,UNINCORPORATED,-119.68156433105469,36.753093719482422
91475051,2021,2021-05-17,9435,2021-05-08,0924,015986,,6,1,9,1000,0,1,3,,1,180,"SR-180 W/B","WESTLAWN AVENUE",10.00,W,N,A,-,Y,,,180,,,,,,W,Y,4,0,2,3,A,-,03,22350,,N,C,C,A,A,H,-,A,D,0,,,,,Y,,D,22,0,0,2,0,0,0,0,0,0,"- ","- ",36.735118865966797,-119.95179748535156,FRESNO,UNINCORPORATED,-119.95179748535156,36.735130310058594
91476840,2021,2021-05-19,9435,2021-05-08,0846,015095,,6,1,7,1005,0,1,3,,2,181,"SR-180 WESTBOUND","BLACKSTONE AVENUE",750.00,W,N,A,-,Y,,,180,,,,,,W,Y,3,0,1,1,A,-,08,22107,,N,E,I,A,A,H,-,A,D,0,,,,,Y,,A,01,0,1,0,0,0,0,0,0,0,"- ","- ",36.751678466796875,-119.79326629638672,FRESNO,FRESNO,-119.79324340820312,36.751544952392578
91476881,2021,2021-05-27,9435,2021-05-11,1550,021148,,2,2,7,1005,0,1,S,,2,195,"SR-180 E/B TO SR-168 E/B","FIRST STREET",1881.00,E,N,A,-,Y,,,180,,,,R,,E,Y,3,0,1,2,A,-,07,21658,A,N,C,C,A,A,H,-,A,D,0,,,,,Y,,A,07,0,1,0,0,0,0,0,0,0,"- ","- ",36.7547607421875,-119.76596832275391,FRESNO,FRESNO,-119.76596832275391,36.7547607421875
91478160,2021,2021-05-27,9435,2021-05-11,0947,016048,,2,1,9,1000,0,1,3,,1,180,"STATE ROUTE-180","BLYTHE AVENUE",40.00,W,N,A,-,Y,,,180,,,,,,,Y,4,0,1,2,A,-,03,22350,,N,C,C,A,A,H,-,A,D,0,,,,,Y,,A,01,0,0,1,0,0,0,0,0,0,"- ","- ",36.735481262207031,-119.87548065185547,FRESNO,UNINCORPORATED,-119.87548065185547,36.735488891601562
91478966,2021,2021-05-27,9435,2021-05-12,1418,020429,,3,2,9,1000,0,1,3,,2,184,"STATE ROUTE 180","COVE ROAD",4500.00,E,N,A,-,Y,,,180,,,,,,,Y,2,0,1,1,A,-,03,22350,,N,F,A,A,A,H,-,A,D,0,,,Y,,Y,,C,02,1,0,0,0,0,0,0,0,1,"- ","- ",36.717208862304688,-119.33402252197266,FRESNO,UNINCORPORATED,-119.33401489257812,36.717208862304688
91481266,2021,2021-05-27,9435,2021-05-16,1543,020387,,7,2,7,1005,0,1,3,,2,181,"SR-180 EASTBOUND","ABBY ST.",185.00,E,N,A,-,Y,,,180,,,,,,E,N,4,0,1,2,A,-,03,22350,,N,C,C,A,A,H,-,A,D,0,,,,,Y,,A,01,0,0,1,0,0,0,0,0,0,"- ","- ",36.752208709716797,-119.78861999511719,FRESNO,FRESNO,-119.78862762451172,36.752250671386719
91482484,2021,2021-06-07,9435,2021-05-10,2130,020193,,1,2,7,1005,0,1,3,,2,181,"STATE ROUTE 180 WESTBOUND TO FULTON STREET","FULTON STREET",315.00,W,N,A,-,Y,,,180,,,,R,,W,Y,3,0,3,1,A,-,03,22350,,N,F,A,A,A,H,-,C,D,0,,,,,Y,,A,01,0,2,1,0,0,0,0,0,0,"- ","- ",36.749099731445312,-119.80155181884766,FRESNO,FRESNO,-119.80155181884766,36.749099731445312
91486276,2021,2021-06-01,9435,2021-05-20,1530,020887,,4,2,7,1005,0,1,3,,2,181,"SR-180 EB","FIRST ST",1589.00,E,N,A,-,Y,,,180,,,,,,E,N,4,0,1,4,A,-,08,22107,,N,B,C,A,A,H,-,A,D,0,,,,,Y,,D,22,0,0,1,0,0,0,0,0,0,"- ","- ",36.754859924316406,-119.76680755615234,FRESNO,FRESNO,-119.76680755615234,36.754856109619141