CASE_ID,ACCIDENT_YEAR,PROC_DATE,JURIS,COLLISION_DATE,COLLISION_TIME,OFFICER_ID,REPORTING_DISTRICT,DAY_OF_WEEK,CHP_SHIFT,POPULATION,CNTY_CITY_LOC,SPECIAL_COND,BEAT_TYPE,CHP_BEAT_TYPE,CITY_DIVISION_LAPD,CHP_BEAT_CLASS,BEAT_NUMBER,PRIMARY_RD,SECONDARY_RD,DISTANCE,DIRECTION,INTERSECTION,WEATHER_1,WEATHER_2,STATE_HWY_IND,CALTRANS_COUNTY,CALTRANS_DISTRICT,STATE_ROUTE,ROUTE_SUFFIX,POSTMILE_PREFIX,POSTMILE,LOCATION_TYPE,RAMP_INTERSECTION,SIDE_OF_HWY,TOW_AWAY,COLLISION_SEVERITY,NUMBER_KILLED,NUMBER_INJURED,PARTY_COUNT,PRIMARY_COLL_FACTOR,PCF_CODE_OF_VIOL,PCF_VIOL_CATEGORY,PCF_VIOLATION,PCF_VIOL_SUBSECTION,HIT_AND_RUN,TYPE_OF_COLLISION,MVIW,PED_ACTION,ROAD_SURFACE,ROAD_COND_1,ROAD_COND_2,LIGHTING,CONTROL_DEVICE,CHP_ROAD_TYPE,PEDESTRIAN_ACCIDENT,BICYCLE_ACCIDENT,MOTORCYCLE_ACCIDENT,TRUCK_ACCIDENT,NOT_PRIVATE_PROPERTY,ALCOHOL_INVOLVED,STWD_VEHTYPE_AT_FAULT,CHP_VEHTYPE_AT_FAULT,COUNT_SEVERE_INJ,COUNT_VISIBLE_INJ,COUNT_COMPLAINT_PAIN,COUNT_PED_KILLED,COUNT_PED_INJURED,COUNT_BICYCLIST_KILLED,COUNT_BICYCLIST_INJURED,COUNT_MC_KILLED,COUNT_MC_INJURED,PRIMARY_RAMP,SECONDARY_RAMP,LATITUDE,LONGITUDE,COUNTY,CITY,POINT_X,POINT_Y
91490181,2021,2021-06-07,9435,2021-05-24,1145,018926,,1,1,9,1000,0,1,3,,1,180,"STATE ROUTE 180, EASTBOUND","GOLDENROD AVENUE",1584.00,E,N,A,-,Y,,,180,,,,,,E,Y,3,0,5,2,A,-,05,21460,A,N,A,C,A,A,H,-,A,D,0,,,,,Y,,A,01,0,2,3,0,0,0,0,0,0,"- ","- ",36.734840393066406,-120.03721618652344,FRESNO,UNINCORPORATED,-120.03721618652344,36.734962463378906
91490413,2021,2021-06-07,9435,2021-05-27,0140,017518,,4,3,7,1005,0,1,3,,2,181,"STATE ROUTE 180 W/B TO STATE ROUTE 99 N/B","NIELSEN AVENUE",940.00,S,N,A,-,Y,,,180,,,,R,,W,Y,3,0,1,1,A,-,01,23152,A,N,E,I,A,A,H,-,C,D,0,,,,,Y,Y,A,07,0,1,0,0,0,0,0,0,0,"- ","- ",36.741668701171875,-119.81581115722656,FRESNO,FRESNO,-119.81581115722656,36.741668701171875
91490823,2021,2021-06-07,9435,2021-05-22,1622,020387,,6,2,7,1005,0,1,3,,2,181,"SR-180 WESTBOUND","H ST.",90.00,W,N,A,-,Y,,,180,,,,,,W,Y,3,0,1,3,A,-,01,23152,A,M,C,C,A,A,H,-,A,D,0,,,,,Y,Y,A,01,0,1,0,0,0,0,0,0,0,"- ","- ",36.745151519775391,-119.80715179443359,FRESNO,FRESNO,-119.80715179443359,36.745155334472656
91490962,2021,2021-06-07,9435,2021-05-18,1445,016270,,2,2,9,1000,0,1,3,,1,180,"STATE ROUTE 180 EASTBOUND","MARKS AVENUE",375.00,E,N,A,-,Y,,,180,,,,,,E,Y,4,0,4,1,A,-,08,22107,,N,F,A,A,A,H,-,A,D,0,,,,,Y,,D,22,0,0,4,0,0,0,0,0,0,"- ","- ",36.738319396972656,-119.84293365478516,FRESNO,UNINCORPORATED,-119.84292602539062,36.738254547119141
91492248,2021,2021-06-08,9435,2021-05-29,1310,020540,,6,1,9,1000,0,1,3,,2,184,"STATE ROUTE 180","ELWOOD ROAD",3696.00,W,N,A,-,Y,,,180,,,,,,,Y,3,0,1,1,A,-,08,22107,,N,F,C,A,A,H,-,A,D,0,,,,,Y,,D,22,0,1,0,0,0,0,0,0,0,"- ","- ",36.740261077880859,-119.24765014648438,FRESNO,UNINCORPORATED,-119.24765014648438,36.740253448486328
91492352,2021,2021-06-08,9435,2021-05-29,2102,020387,,6,2,9,1000,0,1,3,,1,180,SR-180,"LASSEN AVE.",0.00,,Y,A,-,Y,,,180,,,,,,,Y,3,0,2,2,A,-,09,21801,A,N,D,C,A,A,H,-,D,D,0,,,,,Y,,A,01,0,1,1,0,0,0,0,0,0,"- ","- ",36.734760284423828,-120.0963134765625,FRESNO,UNINCORPORATED,-120.0963134765625,36.734729766845703
91496246,2021,2021-06-14,9435,2021-06-06,1203,020122,,7,1,7,1005,0,1,3,,2,181,"STATE ROUTE 180 EASTBOUND FROM ABBY STREET","ABBY STREET",80.00,E,N,A,-,Y,,,180,,,,R,,E,Y,4,0,1,2,A,-,03,22350,,N,C,C,A,A,H,-,A,D,0,,,,,Y,,A,01,0,0,1,0,0,0,0,0,0,"- ","- ",36.751129150390625,-119.78903198242188,FRESNO,FRESNO,-119.78903198242188,36.751129150390625
91497568,2021,2021-06-15,9435,2021-06-07,1305,020429,,1,1,9,1000,0,1,3,,1,183,"STATE ROUTE 180 WESTBOUND","THE KINGS RIVER",200.00,W,N,A,-,Y,,,180,,,,,,W,N,3,0,1,1,C,-,18,,,N,H,A,A,A,H,-,A,D,0,,,,,Y,,-,"- ",0,1,0,0,0,0,0,0,0,"- ","- ",36.731819152832031,-119.47274017333984,FRESNO,UNINCORPORATED,-119.47286224365234,36.731513977050781
91502669,2021,2021-06-22,9435,2021-06-12,2220,021247,,6,3,9,1000,0,1,3,,1,180,"STATE ROUTE 180","DICKENSON AVENUE",1848.00,W,N,A,-,Y,,,180,,,,,,,N,4,0,1,2,A,-,06,21751,,N,B,C,A,A,H,-,D,D,0,,,,,Y,,D,22,0,0,1,0,0,0,0,0,0,"- ","- ",36.735019683837891,-119.97637176513672,FRESNO,UNINCORPORATED,-119.97637176513672,36.735000610351562
91502979,2021,2021-10-29,9435,2021-06-15,1650,020887,,2,2,7,1005,0,1,3,,2,181,"SR-180 WB","CEDAR AVE",823.00,W,N,A,-,Y,,,180,,,,,,W,N,4,0,1,2,A,-,07,21658,A,N,B,C,A,A,H,-,A,D,0,,,,,Y,,-,"- ",0,0,1,0,0,0,0,0,0,"- ","- ",36.755168914794922,-119.75760650634766,FRESNO,FRESNO,-119.75760650634766,36.755149841308594
91506417,2021,2021-06-25,9435,2021-06-16,1605,020824,,3,2,7,1005,0,1,3,,2,181,"STATE ROUTE 180 W/B TO STATE ROUTE 41 N/B TRANSITI","OLIVE AVENUE",340.00,S,N,A,-,Y,,,180,,,,R,,W,N,3,0,1,2,A,-,03,22350,,N,C,C,A,A,H,-,A,A,0,,,Y,,Y,,C,02,0,1,0,0,0,0,0,0,1,"- ","- ",36.756698608398438,-119.77498626708984,FRESNO,FRESNO,-119.77498626708984,36.756698608398438
91506656,2021,2021-06-25,9435,2021-06-21,1115,020019,,1,1,7,1005,0,1,3,,2,181,"STATE ROUTE 180 WESTBOUND","ABBY STREET",1056.00,E,N,A,-,Y,,,180,,,,,,W,Y,4,0,1,1,A,-,08,22107,,N,E,I,A,A,H,-,A,D,0,,,,,Y,,A,01,0,0,1,0,0,0,0,0,0,"- ","- ",36.752750396728516,-119.78793334960938,FRESNO,FRESNO,-119.78791046142578,36.752658843994141
91508052,2021,2021-06-28,9435,2021-06-19,0115,020871,,6,3,9,1000,0,1,3,,2,184,"STATE ROUTE 180","SNOWLINE LODGE",2640.00,W,N,A,-,Y,,,180,,,,,,,Y,3,0,1,1,A,-,08,22107,,N,F,A,A,A,H,-,A,D,0,,,,,Y,,A,07,0,1,0,0,0,0,0,0,0,"- ","- ",36.742458343505859,-119.05644226074219,FRESNO,UNINCORPORATED,-119.05644989013672,36.742431640625
91508860,2021,2021-06-29,9435,2021-06-19,1209,020122,,6,1,9,1000,0,1,3,,1,180,"STATE ROUTE 180 EASTBOUND","CORNELIA AVENUE",0.00,,Y,A,-,Y,,,180,,,,,,E,Y,4,0,1,2,A,-,09,21801,A,N,A,C,A,A,H,-,A,D,0,,,,,Y,,D,22,0,0,1,0,0,0,0,0,0,"- ","- ",36.735469818115234,-119.88075256347656,FRESNO,UNINCORPORATED,-119.88075256347656,36.735500335693359
91509737,2021,2021-06-30,9435,2021-06-19,0001,020064,,6,3,9,1000,0,1,3,,1,180,"STATE ROUTE 180 (SR-180) WESTBOUND","BUTTE AVENUE",1056.00,E,N,A,-,Y,,,180,,,,,,W,Y,3,0,1,2,A,-,01,23152,A,N,C,C,A,A,H,-,D,D,0,,,,,Y,Y,A,01,0,1,0,0,0,0,0,0,0,"- ","- ",36.734649658203125,-120.14682006835938,FRESNO,UNINCORPORATED,-120.14682006835938,36.734661102294922
91510316,2021,2021-06-30,9435,2021-06-22,1028,018609,,2,1,7,1005,0,1,3,,2,181,"STATE ROUTE 180 WESTBOUND","CEDAR AVENUE",1584.00,W,N,A,-,Y,,,180,,,,,,W,Y,2,0,1,2,A,-,07,21658,A,N,B,C,A,A,H,-,A,D,0,,,Y,,Y,,C,02,1,0,0,0,0,0,0,0,1,"- ","- ",36.755210876464844,-119.75968933105469,FRESNO,FRESNO,-119.75968933105469,36.755149841308594
91510845,2021,2021-07-01,9435,2021-06-24,0821,018609,,4,1,7,1005,0,1,3,,2,182,"STATE ROUTE 180","PEACH AVENUE",800.00,W,N,A,-,Y,,,180,,,,,,,Y,4,0,2,3,A,-,03,22350,,N,C,C,A,A,H,-,A,A,0,,,,,Y,,D,22,0,0,2,0,0,0,0,0,0,"- ","- ",36.753749847412109,-119.72132110595703,FRESNO,FRESNO,-119.72132873535156,36.753547668457031
91511061,2021,2021-07-01,9435,2021-06-27,2150,020871,,7,2,9,1000,0,1,3,,2,184,"STATE ROUTE 180","OLD OAK ROAD",3696.00,E,N,A,-,Y,,,180,,,,,,,Y,4,0,1,1,A,-,08,22107,,N,E,I,A,A,H,-,D,D,0,,,,,Y,,D,22,0,0,1,0,0,0,0,0,0,"- ","- ",36.757259368896484,-119.14723205566406,FRESNO,UNINCORPORATED,-119.147216796875,36.757228851318359
91513979,2021,2021-07-06,9435,2021-06-26,1735,019789,,6,2,9,1000,0,1,3,,1,183,"STATE ROUTE 180 WESTBOUND","MCCALL AVENUE",290.00,E,N,A,-,Y,,,180,,,,,,W,Y,4,0,1,2,A,-,21,22106,,N,C,C,A,A,H,-,A,A,0,,,,,Y,,A,01,0,0,1,0,0,0,0,0,0,"- ","- ",36.735958099365234,-119.60897827148438,FRESNO,UNINCORPORATED,-119.60897827148438,36.735988616943359
91515140,2021,2021-07-07,9435,2021-04-10,1641,020942,,6,2,9,1000,0,1,3,,1,183,"STATE ROUTE 180 WESTBOUND","DE WOLF AVENUE",749.00,W,N,A,-,Y,,,180,,,,,,W,Y,1,1,2,3,A,-,08,22107,,N,D,C,A,A,H,-,A,D,0,,,,,Y,,A,07,1,1,0,0,0,0,0,0,0,"- ","- ",36.737201690673828,-119.64868927001953,FRESNO,UNINCORPORATED,-119.64868927001953,36.737194061279297
91516706,2021,2021-07-09,9435,2021-06-28,1750,020824,,1,2,7,1005,0,1,3,,2,181,"STATE ROUTE 180 E/B","ABBY STREET",1320.00,W,N,A,-,Y,,,180,,,,,,E,N,4,0,1,2,A,-,03,22350,,F,C,C,A,A,H,-,A,D,0,,,,,Y,,-,99,0,0,1,0,0,0,0,0,0,"- ","- ",36.751079559326172,-119.79373168945312,FRESNO,FRESNO,-119.79374694824219,36.751144409179688
91517854,2021,2022-04-19,9435,2021-04-25,2040,020387,,7,2,9,1000,0,1,3,,1,180,"STATE ROUTE 180 WESTBOUND","BRAWLEY AVENUE",70.00,W,N,B,C,Y,,,180,,,,,,W,Y,1,1,0,2,A,-,12,22450,A,N,H,G,A,B,H,-,C,A,0,,Y,,,Y,,L,04,0,0,0,0,0,1,0,0,0,"- ","- ",36.735549926757812,-119.86267852783203,FRESNO,UNINCORPORATED,-119.86267852783203,36.735492706298828
91519991,2021,2021-07-14,9435,2021-07-02,0759,020122,,5,1,7,1005,0,1,3,,2,181,"STATE ROUTE 180 WESTBOUND","H STREET",362.00,E,N,A,-,Y,,,180,,,,,,W,Y,4,0,1,2,A,-,03,22350,,N,C,C,A,A,H,-,A,D,0,,,,,Y,,A,01,0,0,1,0,0,0,0,0,0,"- ","- ",36.7459716796875,-119.8055419921875,FRESNO,FRESNO,-119.80555725097656,36.746002197265625
91520436,2021,2021-07-14,9435,2021-07-04,1750,020540,,7,2,9,1000,0,1,3,,2,184,"STATE ROUTE 180","DUNLAP ROAD",13200.00,E,N,A,-,Y,,,180,,,,,,,Y,3,0,2,1,A,-,08,22107,,N,F,C,A,A,H,-,A,D,0,,,,,Y,,A,07,0,1,1,0,0,0,0,0,0,"- ","- ",36.758419036865234,-119.12291717529297,FRESNO,UNINCORPORATED,-119.1229248046875,36.758403778076172
91520439,2021,2021-07-14,9435,2021-05-23,2225,020680,,7,3,9,1000,0,1,3,,1,180,"SR-180 WESTBOUND","BRAWLEY AVE",60.00,E,N,A,-,Y,,,180,,,,,,W,Y,2,0,1,2,A,-,01,23152,A,N,C,C,A,A,H,-,C,A,0,,,,,Y,Y,A,01,1,0,0,0,0,0,0,0,0,"- ","- ",36.735569000244141,-119.86205291748047,FRESNO,UNINCORPORATED,-119.86205291748047,36.735500335693359
91522090,2021,2021-07-16,9435,2021-07-07,0710,020540,,3,1,9,1000,0,1,3,,2,184,"STATE ROUTE 180","INDIAN GUIDE ROAD",487.00,E,N,A,-,Y,,,180,,,,,,,Y,2,0,4,3,A,-,08,22107,,N,D,C,A,A,H,-,A,D,0,,,,,Y,,A,01,1,1,2,0,0,0,0,0,0,"- ","- ",36.744350433349609,-119.23269653320312,FRESNO,UNINCORPORATED,-119.23273468017578,36.744415283203125
91522151,2021,2021-07-16,9435,2021-07-07,0730,018926,,3,1,9,1000,0,1,3,,1,180,"STATE ROUTE 180","BRAWLEY AVENUE",310.00,W,N,A,-,Y,,,180,,,,,,,Y,4,0,1,2,A,-,03,22350,,N,C,C,A,A,H,-,A,D,0,,,,,Y,,A,01,0,0,1,0,0,0,0,0,0,"- ","- ",36.735458374023438,-119.86360168457031,FRESNO,UNINCORPORATED,-119.86360168457031,36.735492706298828
91522423,2021,2021-07-16,9435,2021-06-14,1940,018914,,1,2,9,1000,0,1,3,,1,183,"SR-180 EASTBOUND","DEL REY AVE",0.00,,Y,A,-,Y,,,180,,,,,,E,Y,2,0,2,2,A,-,09,21802,A,N,D,C,A,A,H,-,A,A,0,,,,,Y,,A,01,2,0,0,0,0,0,0,0,0,"- ","- ",36.735759735107422,-119.592041015625,FRESNO,UNINCORPORATED,-119.592041015625,36.735816955566406
91522836,2021,2021-07-19,9435,2021-07-08,1322,018746,,4,1,9,1000,0,1,3,,1,183,"STATE ROUTE 180","DEWOLF AVE",50.00,W,N,A,-,Y,,,180,,,,,,,N,4,0,1,1,A,-,08,22107,,N,E,I,A,A,H,-,A,A,0,,,,,Y,,A,01,0,0,1,0,0,0,0,0,0,"- ","- ",36.737270355224609,-119.6463623046875,FRESNO,UNINCORPORATED,-119.6463623046875,36.737197875976562
91522854,2021,2021-07-19,9435,2021-07-10,1408,020064,,6,2,7,1005,0,1,3,,2,182,"STATE ROUTE 180 (SR-180) WESTBOUND","CEDAR AVENUE",2112.00,W,N,A,-,Y,,,180,,,,,,W,Y,3,0,1,2,A,-,03,22350,,N,C,C,A,A,H,-,A,D,0,,,,,Y,,A,01,0,1,0,0,0,0,0,0,0,"- ","- ",36.755138397216797,-119.76120758056641,FRESNO,FRESNO,-119.76120758056641,36.755149841308594
91522858,2021,2021-07-19,9435,2021-07-10,1530,021165,,6,2,7,1005,0,1,3,,2,181,"STATE ROUTE 180 EASTBOUND","VAN NESS AVENUE",36.00,W,N,A,-,Y,,,180,,,,,,E,Y,3,0,1,1,A,-,01,23152,A,N,E,I,A,A,H,-,A,D,0,,,,,Y,Y,A,07,0,1,0,0,0,0,0,0,0,"- ","- ",36.749008178710938,-119.79913330078125,FRESNO,FRESNO,-119.79916381835938,36.749076843261719
91526368,2021,2021-07-22,9435,2021-07-15,2345,020193,,4,3,9,1000,0,1,3,,1,183,"STATE ROUTE 180 EASTBOUND","BETHEL AVENUE",50.00,W,N,A,-,Y,,,180,,,,,,E,Y,4,0,2,2,A,-,03,22350,,N,C,C,A,A,H,-,C,A,0,,,,,Y,Y,A,01,0,0,2,0,0,0,0,0,0,"- ","- ",36.735889434814453,-119.57495880126953,FRESNO,UNINCORPORATED,-119.57495880126953,36.735897064208984
91527485,2021,2021-07-23,9435,2021-06-11,1318,014547,,5,1,7,1005,0,1,3,,2,182,"STATE ROUTE 180 WESTBOUND","WINERY AVENUE PEDESTRIAN OVERCROSSING",180.00,W,N,A,-,Y,,,180,,,,,,W,Y,2,0,4,3,A,-,08,22107,,N,D,C,A,A,H,-,A,C,0,,,,Y,Y,,A,01,1,3,0,0,0,0,0,0,0,"- ","- ",36.754138946533203,-119.73238372802734,FRESNO,FRESNO,-119.73237609863281,36.754154205322266
91527932,2021,2021-07-23,9435,2021-07-17,1049,020122,,6,1,7,1005,0,1,3,,2,181,"STATE ROUTE 180 WESTBOUND","BROADWAY STREET",515.00,W,N,A,-,Y,,,180,,,,,,W,Y,4,0,2,2,A,-,03,22350,,N,C,C,A,A,H,-,A,D,0,,,,,Y,,A,01,0,0,2,0,0,0,0,0,0,"- ","- ",36.746589660644531,-119.80448150634766,FRESNO,FRESNO,-119.80447387695312,36.746574401855469
91530841,2021,2021-07-28,9435,2021-07-21,1645,019926,,3,2,9,1000,0,1,3,,1,180,SR-180,"BLYTHE AVE",300.00,E,N,A,-,Y,,,180,,,,,,,N,4,0,1,1,A,-,03,22350,,N,F,A,A,A,H,-,A,D,0,,,Y,,Y,,C,02,0,0,1,0,0,0,0,0,1,"- ","- ",36.735500335693359,-119.87035369873047,FRESNO,UNINCORPORATED,-119.87035369873047,36.735488891601562
91530887,2021,2021-07-28,9435,2021-06-10,1855,020836,,4,2,9,1000,0,1,3,,1,183,"STATE ROUTE 180 EASTBOUND","MCCALL AVENUE",973.00,W,N,A,-,Y,,,180,,,,,,E,Y,1,1,1,2,A,-,03,22350,,N,C,C,A,A,H,-,A,A,0,,,,,Y,,D,22,0,1,0,0,0,0,0,0,0,"- ","- ",36.735710144042969,-119.61347198486328,FRESNO,UNINCORPORATED,-119.61347198486328,36.735748291015625
91535793,2021,2021-08-03,9435,2021-07-25,0825,019789,,7,1,7,1005,0,1,3,,2,182,"STATE ROUTE 180 EASTBOUND","PEACH AVENUE",2059.00,W,N,A,-,Y,,,180,,,,,,E,Y,3,0,1,1,A,-,08,22107,,N,F,A,A,A,H,-,A,D,0,,,,,Y,,D,22,0,1,0,0,0,0,0,0,0,"- ","- ",36.753330230712891,-119.72576141357422,FRESNO,FRESNO,-119.72575378417969,36.753440856933594
91538669,2021,2021-08-06,9435,2021-05-05,2219,019523,,3,3,9,1000,0,1,3,,1,183,"STATE ROUTE 180 EASTBOUND","FOWLER AVENUE",1140.00,W,N,A,-,Y,,,180,,,,,,E,N,1,1,0,2,A,-,11,21954,A,N,G,B,E,A,H,-,D,D,0,Y,,,,Y,Y,N,60,0,0,0,1,0,0,0,0,0,"- ","- ",36.753391265869141,-119.68604278564453,FRESNO,UNINCORPORATED,-119.68604278564453,36.753387451171875
91541417,2021,2021-08-10,9435,2021-07-30,1430,020871,,5,2,9,1000,0,1,3,,2,184,"STATE ROUTE 180","KINGS CANYON LODGE",15840.00,E,N,B,-,Y,,,180,,,,,,,Y,2,0,1,1,C,-,18,,,N,E,J,A,A,H,-,A,D,0,,,,,Y,,-,"- ",1,0,0,0,0,0,0,0,0,"- ","- ",36.823921203613281,-118.84787750244141,FRESNO,UNINCORPORATED,-118.847900390625,36.823917388916016
91546088,2021,2021-08-16,9435,2021-08-05,1055,020871,,4,1,9,1000,0,1,3,,2,184,"STATE ROUTE 180","ELWOOD ROAD",3696.00,W,N,A,-,Y,,,180,,,,,,,Y,3,0,3,3,A,-,09,21801,A,N,A,C,A,A,H,-,A,D,0,,,,,Y,,A,07,0,3,0,0,0,0,0,0,0,"- ","- ",36.740188598632812,-119.24790191650391,FRESNO,UNINCORPORATED,-119.24790191650391,36.740184783935547
91547871,2021,2021-08-18,9435,2021-08-08,1028,020122,,7,1,7,1005,0,1,3,,2,181,"STATE ROUTE 180 WESTBOUND","G STREET",900.00,W,N,A,-,Y,,,180,,,,,,W,N,4,0,2,2,A,-,03,22350,,N,C,C,A,A,H,-,A,D,0,,,,,Y,,A,01,0,0,2,0,0,0,0,0,0,"- ","- ",36.742710113525391,-119.81197357177734,FRESNO,FRESNO,-119.81191253662109,36.742603302001953
91549091,2021,2021-08-19,9435,2021-08-10,1702,020319,,2,2,7,1005,0,1,3,,2,181,"SR-180 E/B","FRESNO ST",690.00,E,N,A,-,Y,,,180,,,,,,E,Y,3,0,2,6,A,-,03,22350,,N,C,C,A,A,H,-,A,D,0,,,,,Y,,A,01,0,1,1,0,0,0,0,0,0,"- ","- ",36.753841400146484,-119.77911376953125,FRESNO,FRESNO,-119.77910614013672,36.753818511962891
91551206,2021,2021-08-23,9435,2021-08-12,1923,020319,,4,2,9,1000,0,1,3,,1,180,"SR-180 W/B","HOWARD AVE",230.00,E,N,A,-,Y,,,180,,,,,,W,Y,4,0,1,2,A,-,03,22350,,N,D,C,A,A,H,-,B,D,0,,,,,Y,,A,07,0,0,1,0,0,0,0,0,0,"- ","- ",36.734951019287109,-120.02335357666016,FRESNO,UNINCORPORATED,-120.02335357666016,36.734962463378906
91551445,2021,2021-08-23,9435,2021-08-13,0809,020019,,5,1,7,1005,0,1,3,,2,181,"STATE ROUTE 180 EASTBOUND","CEDAR AVENUE",528.00,W,N,A,-,Y,,,180,,,,,,E,Y,3,0,1,1,A,-,08,22107,,N,E,A,A,A,H,-,A,D,0,,,Y,,Y,,C,02,0,1,0,0,0,0,0,0,1,"- ","- ",36.754810333251953,-119.75656890869141,FRESNO,FRESNO,-119.75656890869141,36.754871368408203
91551460,2021,2021-08-23,9461,2021-08-09,1925,019052,,1,2,9,1000,0,1,3,,1,680,"STATE ROUTE 180","SAN BENITO AVENUE",190.00,W,N,A,-,Y,,,180,,,,,,,Y,1,1,0,2,A,-,05,21650,,N,A,C,A,A,H,-,A,D,0,,,,Y,Y,,D,22,0,0,0,0,0,0,0,0,0,"- ","- ",36.733509063720703,-120.36213684082031,FRESNO,UNINCORPORATED,-120.36213684082031,36.733509063720703
91552729,2021,2021-08-24,9435,2021-08-15,0450,017518,,7,3,7,1005,0,1,3,,2,182,"STATE ROUTE 180 W/B TO STATE ROUTE 168 E/B","TYLER AVENUE",75.00,S,N,A,-,Y,,,180,,,,R,,W,Y,3,0,1,1,A,-,01,23152,A,N,E,I,A,A,H,-,C,D,0,,,,,Y,Y,A,07,0,1,0,0,0,0,0,0,0,"- ","- ",36.755611419677734,-119.77378082275391,FRESNO,FRESNO,-119.77378082275391,36.755611419677734
91552942,2021,2021-08-24,9435,2021-08-16,1310,020871,,1,1,9,1000,0,1,3,,2,184,"STATE ROUTE 180","HOPEWELL AVENUE",260.00,W,N,A,-,Y,,,180,,,,,,,Y,4,0,2,2,A,-,09,21801,A,N,D,C,A,A,H,-,A,D,0,,,,,Y,,A,01,0,0,2,0,0,0,0,0,0,"- ","- ",36.754379272460938,-119.17179107666016,FRESNO,UNINCORPORATED,-119.17178344726562,36.754344940185547
91553006,2021,2021-08-24,9435,2021-08-16,1315,017138,,1,1,9,1000,0,1,3,,1,180,"SR-180 W/B","JAMES ROAD",3168.00,W,N,A,-,Y,,,180,,,,,,W,Y,3,0,2,3,A,-,08,22107,,N,A,C,A,A,H,-,A,D,0,,,,,Y,,A,01,0,2,0,0,0,0,0,0,0,"- ","- ",36.734539031982422,-120.21610260009766,FRESNO,UNINCORPORATED,-120.21610260009766,36.734470367431641
91553753,2021,2021-08-25,9435,2021-08-18,0023,020062,,3,3,9,1000,0,3,5,,2,060,SR180,"CRAWFORD AVE",1584.00,E,N,A,-,Y,,,180,,,,,,,Y,3,0,1,1,A,-,08,22107,,N,F,I,A,A,H,-,D,D,0,,,,,Y,,A,01,0,1,0,0,0,0,0,0,0,"- ","- ",36.719429016113281,-119.36968231201172,FRESNO,UNINCORPORATED,-119.36968231201172,36.719398498535156
91553880,2021,2021-08-25,9435,2021-08-17,1110,015106,,2,1,7,1005,0,1,3,,2,181,"SR-180 EASTBOUND","FRESNO STREET U/C",550.00,E,N,A,-,Y,,,180,,,,,,E,Y,3,0,1,2,A,-,07,21658,A,N,A,C,A,A,H,-,A,D,0,,,,,Y,,A,07,0,1,0,0,0,0,0,0,0,"- ","- ",36.753780364990234,-119.77934265136719,FRESNO,FRESNO,-119.77934265136719,36.753787994384766
91553966,2021,2021-08-25,9435,2021-08-18,1555,020836,,3,2,7,1005,0,1,3,,2,181,"STATE ROUTE 180 E/B FROM VAN NESS AVENUE","VAN NESS AVENUE",550.00,E,N,A,-,Y,,,180,,,,R,,E,Y,3,0,1,2,A,-,03,22350,,N,C,C,A,A,H,-,A,A,0,,,Y,,Y,,A,01,0,1,0,0,0,0,0,0,1,"- ","- ",36.749740600585938,-119.79730224609375,FRESNO,FRESNO,-119.79730224609375,36.749740600585938
91557768,2021,2021-08-30,9435,2021-08-12,1001,018609,,4,1,7,1005,0,1,3,,2,182,"STATE ROUTE 180 WESTBOUND FROM PEACH AVENUE","PEACH AVENUE",50.00,W,N,A,-,Y,,,180,,,,R,,W,N,3,0,1,2,A,-,17,23114,A,N,F,A,A,A,B,-,A,A,0,,,Y,,Y,,E,22,0,1,0,0,0,0,0,0,1,"- ","- ",36.753921508789062,-119.71848297119141,FRESNO,FRESNO,-119.71848297119141,36.753921508789062
91558061,2021,2021-08-30,9435,2021-08-22,1640,020592,,7,2,9,1000,0,1,3,,1,180,"STATE ROUTE 180","ROLINDA AVENUE",111.00,W,N,A,-,Y,,,180,,,,,,,Y,3,0,1,2,A,-,03,22350,,N,C,C,A,A,H,-,A,D,0,,,,,Y,,A,01,0,1,0,0,0,0,0,0,0,"- ","- ",36.735061645507812,-119.96132659912109,FRESNO,UNINCORPORATED,-119.96132659912109,36.735065460205078
91558204,2021,2021-08-30,9435,2021-08-22,0925,020019,,7,1,7,1005,0,1,3,,2,181,"STATE ROUTE 180 WB FROM CEDAR AVENUE","CEDAR AVENUE",528.00,E,N,A,-,Y,,,180,,,,R,,W,Y,4,0,1,1,A,-,03,22350,,N,F,A,A,A,H,-,A,D,0,,,,,Y,,A,01,0,0,1,0,0,0,0,0,0,"- ","- ",36.75579833984375,-119.75064849853516,FRESNO,FRESNO,-119.75064849853516,36.75579833984375