CASE_ID,ACCIDENT_YEAR,PROC_DATE,JURIS,COLLISION_DATE,COLLISION_TIME,OFFICER_ID,REPORTING_DISTRICT,DAY_OF_WEEK,CHP_SHIFT,POPULATION,CNTY_CITY_LOC,SPECIAL_COND,BEAT_TYPE,CHP_BEAT_TYPE,CITY_DIVISION_LAPD,CHP_BEAT_CLASS,BEAT_NUMBER,PRIMARY_RD,SECONDARY_RD,DISTANCE,DIRECTION,INTERSECTION,WEATHER_1,WEATHER_2,STATE_HWY_IND,CALTRANS_COUNTY,CALTRANS_DISTRICT,STATE_ROUTE,ROUTE_SUFFIX,POSTMILE_PREFIX,POSTMILE,LOCATION_TYPE,RAMP_INTERSECTION,SIDE_OF_HWY,TOW_AWAY,COLLISION_SEVERITY,NUMBER_KILLED,NUMBER_INJURED,PARTY_COUNT,PRIMARY_COLL_FACTOR,PCF_CODE_OF_VIOL,PCF_VIOL_CATEGORY,PCF_VIOLATION,PCF_VIOL_SUBSECTION,HIT_AND_RUN,TYPE_OF_COLLISION,MVIW,PED_ACTION,ROAD_SURFACE,ROAD_COND_1,ROAD_COND_2,LIGHTING,CONTROL_DEVICE,CHP_ROAD_TYPE,PEDESTRIAN_ACCIDENT,BICYCLE_ACCIDENT,MOTORCYCLE_ACCIDENT,TRUCK_ACCIDENT,NOT_PRIVATE_PROPERTY,ALCOHOL_INVOLVED,STWD_VEHTYPE_AT_FAULT,CHP_VEHTYPE_AT_FAULT,COUNT_SEVERE_INJ,COUNT_VISIBLE_INJ,COUNT_COMPLAINT_PAIN,COUNT_PED_KILLED,COUNT_PED_INJURED,COUNT_BICYCLIST_KILLED,COUNT_BICYCLIST_INJURED,COUNT_MC_KILLED,COUNT_MC_INJURED,PRIMARY_RAMP,SECONDARY_RAMP,LATITUDE,LONGITUDE,COUNTY,CITY,POINT_X,POINT_Y
91558511,2021,2021-08-30,9435,2021-08-19,2136,020854,,4,2,9,1000,0,1,3,,1,180,"STATE ROUTE 180","GRANTLAND AVENUE",75.00,W,N,A,-,Y,,,180,,,,,,,Y,4,0,4,2,A,-,03,22350,,N,A,C,A,A,H,-,D,A,0,,,,,Y,Y,A,01,0,0,4,0,0,0,0,0,0,"- ","- ",36.735271453857422,-119.91677856445312,FRESNO,UNINCORPORATED,-119.91677856445312,36.735305786132812
91558773,2021,2021-08-30,9435,2021-08-28,1227,020429,,6,1,9,1000,0,1,3,,2,184,"STATE ROUTE 180","ALTA AVENUE",550.00,W,N,A,-,Y,,,180,,,,,,,Y,3,0,1,1,A,-,08,22107,,N,E,I,A,A,H,-,A,D,0,,,,,Y,,A,01,0,1,0,0,0,0,0,0,0,"- ","- ",36.719860076904297,-119.39639282226562,FRESNO,UNINCORPORATED,-119.39639282226562,36.719905853271484
91559736,2021,2021-08-31,9435,2021-08-31,0720,017138,,2,1,9,1000,0,1,3,,1,183,"SR-180 W/B","NEWMARK AVE",2600.00,E,N,A,-,Y,,,180,,,,,,W,N,4,0,1,2,C,-,18,,,N,E,J,A,A,H,-,A,D,0,,,,,Y,,-,"- ",0,0,1,0,0,0,0,0,0,"- ","- ",36.735919952392578,-119.51699066162109,FRESNO,UNINCORPORATED,-119.51699066162109,36.735485076904297
91562369,2021,2021-09-03,9435,2021-08-21,0125,018944,,6,3,9,1000,0,1,3,,1,180,"STATE ROUTE 180","LAKE AVENUE",686.00,E,N,A,-,Y,,,180,,,,,,,Y,3,0,1,1,A,-,08,22107,,N,F,A,A,A,H,-,D,D,0,,,,,Y,,D,22,0,1,0,0,0,0,0,0,0,"- ","- ",36.734710693359375,-120.1356201171875,FRESNO,UNINCORPORATED,-120.1356201171875,36.734691619873047
91562395,2021,2021-09-03,9435,2021-08-28,2200,020540,,6,3,9,1000,0,1,3,,2,184,"STATE ROUTE 180","MILLWOOD ROAD",8976.00,W,N,A,-,Y,,,180,,,,,,,Y,3,0,2,1,A,-,08,22107,,N,E,I,A,A,H,-,D,D,0,,,,,Y,,A,01,0,1,1,0,0,0,0,0,0,"- ","- ",36.742439270019531,-119.05641937255859,FRESNO,UNINCORPORATED,-119.05642700195312,36.742424011230469
91565297,2021,2021-09-08,9435,2021-08-31,1935,020586,,2,2,7,1005,0,1,3,,2,182,"STATE ROUTE 180 WESTBOUND TO STATE ROUTE 41 NORTHB","FIRST STRRET",0.10,W,N,A,-,Y,,,180,,,,R,,W,Y,2,0,1,1,A,-,08,22107,,N,E,I,A,A,H,-,B,D,0,,,Y,,Y,,C,02,1,0,0,0,0,0,0,0,1,"- ","- ",36.755950927734375,-119.77443695068359,FRESNO,FRESNO,-119.77443695068359,36.755950927734375
91565736,2021,2021-09-08,9435,2021-09-02,1658,021230,,4,2,9,1000,0,1,3,,2,182,"SR-180 E/B","MCCALL AVE",1056.00,W,N,A,-,Y,,,180,,,,,,E,N,4,0,1,3,A,-,03,22350,,N,C,C,A,A,H,-,A,D,0,,,,,Y,,A,01,0,0,1,0,0,0,0,0,0,"- ","- ",36.735790252685547,-119.61337280273438,FRESNO,UNINCORPORATED,-119.61337280273438,36.735748291015625
91566226,2021,2021-09-09,9435,2021-08-13,2158,020680,,5,2,7,1005,0,1,3,,2,182,"SR-180 WESTBOUND","PEACH AVENUE",1145.00,W,N,A,-,Y,,,180,,,,,,W,Y,3,0,2,2,A,-,03,22350,,N,C,C,A,A,H,-,C,D,0,,,,,Y,,J,48,0,1,1,0,0,0,0,0,0,"- ","- ",36.753551483154297,-119.72239685058594,FRESNO,FRESNO,-119.72239685058594,36.753582000732422
91566304,2021,2021-09-09,9435,2021-08-28,2230,021247,,6,3,7,1005,0,1,3,,1,180,"STATE ROUTE 180 WESTBOUND","BRAWLEY AVENUE",1954.00,E,N,A,-,Y,,,180,,,,,,W,Y,3,0,1,1,A,-,01,23152,A,F,E,I,A,A,H,-,D,D,0,,,,,Y,Y,A,01,0,1,0,0,0,0,0,0,0,"- ","- ",36.737911224365234,-119.85549163818359,FRESNO,FRESNO,-119.85540008544922,36.737697601318359
91567805,2021,2021-09-10,9435,2021-09-03,1704,020019,,5,2,7,1005,0,1,3,,2,181,"STATE ROUTE 180 WESTBOUND","FULTON STREET",18.00,W,N,A,-,Y,,,180,,,,,,W,Y,4,0,1,2,A,-,03,22350,,N,C,C,A,A,H,-,A,D,0,,,,,Y,,A,01,0,0,1,0,0,0,0,0,0,"- ","- ",36.748668670654297,-119.80055999755859,FRESNO,FRESNO,-119.80055236816406,36.748649597167969
91568107,2021,2021-09-13,9435,2021-09-02,1545,020078,,4,2,7,1005,0,1,3,,2,181,"SR-180 W/B","G STREET",370.00,E,N,A,-,Y,,,180,,,,,,W,N,4,0,1,2,A,-,03,22350,,N,C,C,A,A,H,-,A,D,0,,,,,Y,,A,01,0,0,1,0,0,0,0,0,0,"- ","- ",36.74468994140625,-119.80800628662109,FRESNO,FRESNO,-119.80801391601562,36.744697570800781
91569618,2021,2021-09-14,9435,2021-09-06,0525,020193,,1,3,7,1005,0,1,3,,2,181,"STATE ROUTE 180 WESTBOUND","FIRST AVENUE",920.00,W,N,A,-,Y,,,180,,,,,,W,Y,4,0,1,2,A,-,03,22350,,F,C,C,A,A,H,-,D,D,0,,,,,Y,,-,99,0,0,1,0,0,0,0,0,0,"- ","- ",36.754440307617188,-119.77587127685547,FRESNO,FRESNO,-119.77587890625,36.754486083984375
91572950,2021,2021-09-17,9435,2021-09-10,1320,015106,,5,1,7,1005,0,1,3,,2,181,"SR-180 WESTBOUND","ABBY STREET UNDERCROSSING",550.00,E,N,A,-,Y,,,180,,,,,,W,Y,4,0,1,1,A,-,08,22107,,N,E,J,A,A,H,-,A,D,0,,,,,Y,,A,01,0,0,1,0,0,0,0,0,0,"- ","- ",36.752731323242188,-119.78721618652344,FRESNO,FRESNO,-119.7872314453125,36.752799987792969
91573526,2021,2021-09-17,9435,2021-09-13,1105,017138,,1,1,7,1005,0,1,3,,2,181,"SR-180 W/B","SR-99 N/B",1584.00,E,N,A,-,Y,,,180,,,,,,W,Y,4,0,1,2,A,-,03,22350,,N,C,C,A,A,H,-,A,D,0,,,,,Y,,A,01,0,0,1,0,0,0,0,0,0,"- ","- ",36.744029998779297,-119.80941009521484,FRESNO,FRESNO,-119.80937957763672,36.743965148925781
91574396,2021,2021-09-20,9435,2021-09-11,2115,021402,,6,2,9,1000,0,1,3,,1,183,"SR-180 (W/B)","TEMPERANCE AVENUE",750.00,W,N,A,-,Y,,,180,,,,,,,Y,2,0,1,1,A,-,08,22107,,N,F,A,A,A,H,-,C,D,0,,,,,Y,,A,01,1,0,0,0,0,0,0,0,0,"- ","- ",36.742080688476562,-119.66674041748047,FRESNO,UNINCORPORATED,-119.66694641113281,36.741878509521484
91576456,2021,2021-09-22,9435,2021-09-11,2205,021247,,6,3,9,1000,0,1,3,,1,180,"STATE ROUTE 180","PANOCHE ROAD",5808.00,E,N,A,-,Y,,,180,,,,,,,Y,2,0,2,2,A,-,01,23153,A,F,B,C,A,A,H,-,D,D,0,,,,,Y,Y,A,01,2,0,0,0,0,0,0,0,0,"- ","- ",36.733188629150391,-120.338623046875,FRESNO,UNINCORPORATED,-120.338623046875,36.733211517333984
91577071,2021,2021-09-22,9435,2021-09-20,0930,015751,,1,1,7,1005,0,1,3,,2,182,"SR-180 WB FROM SR 168 WB","CEDAR AVE",485.00,W,N,A,-,Y,,,180,,,,R,,W,Y,3,0,1,2,A,-,03,22350,,N,D,C,A,A,H,-,A,D,0,,,,,Y,,A,01,0,1,0,0,0,0,0,0,0,"- ","- ",36.755538940429688,-119.75640106201172,FRESNO,FRESNO,-119.75640106201172,36.755538940429688
91580873,2021,2021-09-27,9435,2021-09-27,0800,015751,,1,1,9,1000,0,1,3,,1,180,SR-180,"DICKENSON AVE",0.00,,Y,A,-,Y,,,180,,,,,,,Y,3,0,1,2,A,-,09,21800,C,N,D,C,A,A,H,-,B,A,0,,,,,Y,,A,01,0,1,0,0,0,0,0,0,0,"- ","- ",36.735061645507812,-119.96994781494141,FRESNO,UNINCORPORATED,-119.96994781494141,36.735019683837891
91582768,2021,2021-09-29,9435,2021-09-27,1730,020942,,1,2,9,1000,0,1,3,,1,180,"STATE ROUTE 180","ROLINDA AVENUE",0.00,,Y,A,-,Y,,,180,,,,,,,Y,3,0,2,2,A,-,09,21802,A,N,D,C,A,A,H,-,A,A,0,,,,,Y,,A,01,0,1,1,0,0,0,0,0,0,"- ","- ",36.735061645507812,-119.96092224121094,FRESNO,UNINCORPORATED,-119.96092224121094,36.735065460205078
91583828,2021,2021-09-30,9435,2021-09-24,0945,013660,,5,1,9,1000,0,1,3,,1,183,"STATE ROUTE 180 WESTBOUND","MCCALL AVENUE",455.00,E,N,A,-,Y,,,180,,,,,,W,Y,3,0,1,2,A,-,03,22350,,N,C,C,A,A,H,-,A,A,0,,,,,Y,,A,01,0,1,0,0,0,0,0,0,0,"- ","- ",36.735980987548828,-119.60841369628906,FRESNO,UNINCORPORATED,-119.60841369628906,36.735977172851562
91584183,2021,2021-09-30,9435,2021-09-25,1850,021402,,6,2,9,1000,0,1,3,,2,184,SR-180,"DUNLAP RD",10560.00,W,N,A,-,N,,,180,,,,,,,Y,3,0,1,1,A,-,01,23152,A,N,E,I,A,A,H,-,D,D,0,,,,,Y,Y,D,22,0,1,0,0,0,0,0,0,0,"- ","- ",36.754840850830078,-119.18318176269531,FRESNO,UNINCORPORATED,-119.18318939208984,36.754856109619141
91587187,2021,2021-10-04,9435,2021-09-24,1445,021544,,5,2,7,1005,0,1,3,,1,180,"SR-180 WESTBOUND","BROADWAY ST",200.00,W,N,A,-,Y,,,180,,,,,,W,Y,3,0,2,2,A,-,03,22350,,N,C,C,A,A,H,-,A,D,0,,,,,Y,,A,01,0,1,1,0,0,0,0,0,0,"- ","- ",36.746990203857422,-119.80374145507812,FRESNO,FRESNO,-119.80372619628906,36.746967315673828
91588325,2021,2021-10-05,9435,2021-10-02,0939,020095,,6,1,7,1005,0,1,3,,2,181,"SR-180 WESTBOUND","G STREET",350.00,E,N,A,-,Y,,,180,,,,,,W,Y,4,0,1,3,A,-,03,22350,,N,C,C,A,A,H,-,A,A,0,,,,,Y,Y,A,01,0,0,1,0,0,0,0,0,0,"- ","- ",36.744731903076172,-119.80805969238281,FRESNO,FRESNO,-119.80803680419922,36.744686126708984
91590406,2021,2021-10-07,9435,2021-08-10,0220,021178,,2,3,7,1005,0,1,3,,2,181,"WESTBOUND STATE ROUTE 180","NORTHBOUND STATE ROUTE 41",390.00,W,N,A,-,Y,,,180,,,,,,,Y,1,1,0,2,A,-,11,21954,A,N,G,B,E,A,H,-,D,D,0,Y,,,,Y,,N,60,0,0,0,1,0,0,0,0,0,"- ","- ",36.754348754882812,-119.77719879150391,FRESNO,FRESNO,-119.77719879150391,36.754337310791016
91590795,2021,2021-10-07,9435,2021-09-28,2145,020887,,2,2,9,1000,0,1,3,,2,184,SR-180,"COVE RD",7603.00,E,N,A,-,Y,,,180,,,,,,,Y,2,0,3,2,A,-,08,22107,,N,A,C,A,A,H,-,D,D,0,,,,,Y,,A,07,3,0,0,0,0,0,0,0,0,"- ","- ",36.719020843505859,-119.32393646240234,FRESNO,UNINCORPORATED,-119.32393646240234,36.719036102294922
91592984,2021,2021-10-11,9435,2021-10-01,1625,018914,,5,2,7,1005,0,1,3,,2,181,"SR-180 W/B","VAN NESS AVENUE",350.00,E,N,A,-,Y,,,180,,,,,,W,Y,4,0,2,2,A,-,03,22350,,N,C,C,A,A,H,-,A,D,0,,,,,Y,,A,01,0,0,2,0,0,0,0,0,0,"- ","- ",36.750038146972656,-119.7977294921875,FRESNO,FRESNO,-119.79776000976562,36.750099182128906
91593281,2021,2021-10-11,9435,2021-10-02,1257,020019,,6,1,7,1005,0,1,3,,2,181,"STATE ROUTE 180 EASTBOUND","FRESNO STREET",116.00,W,N,A,-,Y,,,180,,,,,,E,Y,4,0,1,2,A,-,03,22350,,N,C,C,A,A,H,-,A,D,0,,,,,Y,,A,07,0,0,1,0,0,0,0,0,0,"- ","- ",36.753448486328125,-119.78220367431641,FRESNO,FRESNO,-119.78219604492188,36.75341796875
91594533,2021,2021-10-12,9435,2021-10-08,1214,020019,,5,1,7,1005,0,1,3,,2,182,"STATE ROUTE 180 WESTBOUND","CHESTNUT AVENUE",528.00,E,N,A,-,Y,,,180,,,,,,W,Y,4,0,1,1,C,-,18,,,N,E,I,A,A,H,-,A,D,0,,,,,Y,,-,"- ",0,0,1,0,0,0,0,0,0,"- ","- ",36.754421234130859,-119.73415374755859,FRESNO,FRESNO,-119.73413848876953,36.754474639892578
91594560,2021,2021-10-12,9435,2021-10-08,1450,021179,,5,2,9,1000,0,1,3,,1,180,"SR-180 E/B","HOWARD AVE",350.00,W,N,A,-,Y,,,180,,,,,,E,Y,4,0,1,2,A,-,07,21658,A,N,C,C,A,A,H,-,A,D,0,,,,,Y,,A,07,0,0,1,0,0,0,0,0,0,"- ","- ",36.734878540039062,-120.02552032470703,FRESNO,UNINCORPORATED,-120.02552032470703,36.734958648681641
91597731,2021,2021-10-15,9435,2021-10-13,1345,018914,,3,1,9,1000,0,1,3,,1,183,"E/B SR-180","MCCALL AVE",750.00,E,N,A,-,Y,,,180,,,,,,,N,4,0,1,2,A,-,07,21658,A,N,B,C,A,A,H,-,A,D,0,,,,,Y,,-,28,0,0,1,0,0,0,0,0,0,"- ","- ",36.735698699951172,-119.60740661621094,FRESNO,UNINCORPORATED,-119.60740661621094,36.735733032226562
91600479,2021,2021-10-19,9435,2021-10-09,0625,015106,,6,1,7,1005,0,1,3,,2,182,"SR180 WESTBOUND","CHESTNUT AVE. U/C",470.00,W,N,A,-,Y,,,180,,,,,,W,Y,3,0,1,5,A,-,07,21658,A,N,C,C,A,A,H,-,D,D,0,,,,,Y,,D,22,0,1,0,0,0,0,0,0,0,"- ","- ",36.755088806152344,-119.73853302001953,FRESNO,FRESNO,-119.73853302001953,36.755092620849609
91600588,2021,2021-10-19,9435,2021-10-16,1000,015106,,6,1,9,1000,0,1,3,,1,183,"SR180 WESTBOUND","TEMPERANCE AVE O/C",850.00,E,N,A,-,Y,,,180,,,,,,W,N,3,0,1,1,A,-,08,22107,,N,F,A,A,A,H,-,A,D,0,,,,,Y,,A,01,0,1,0,0,0,0,0,0,0,"- ","- ",36.738449096679688,-119.66124725341797,FRESNO,UNINCORPORATED,-119.6612548828125,36.738426208496094
91602621,2021,2021-10-21,9435,2021-10-20,1150,015106,,3,1,7,1005,0,1,3,,2,181,"SR180 WESTBOUND","WEST EDGE OF G STREET UNDERCROSSING",50.00,E,N,A,-,Y,,,180,,,,,,W,Y,3,0,1,2,A,-,03,22350,,N,C,C,A,A,H,-,A,D,0,,,,,Y,,A,01,0,1,0,0,0,0,0,0,0,"- ","- ",36.743991851806641,-119.80941009521484,FRESNO,FRESNO,-119.80939483642578,36.74395751953125
91603815,2021,2021-10-22,9435,2021-10-12,1150,020095,,2,1,7,1005,0,1,3,,2,181,"SR-180 W/B TO SR-99",SR-99,750.00,E,N,A,-,Y,,,180,,,,R,,W,Y,4,0,2,5,A,-,03,22350,,N,B,C,A,A,H,-,A,D,0,,,,Y,Y,,D,22,0,0,2,0,0,0,0,0,0,"- ","- ",36.7423095703125,-119.81278991699219,FRESNO,FRESNO,-119.81278991699219,36.7423095703125
91605573,2021,2021-10-25,9435,2021-10-15,1945,021179,,5,2,9,1000,0,3,5,,2,010,"SR-180 W/B","LASSEN AVENUE",0.00,,Y,A,-,Y,,,180,,,,,,W,N,3,0,2,2,A,-,01,23152,A,N,C,C,A,A,H,-,D,D,0,,,,,Y,Y,A,01,0,1,1,0,0,0,0,0,0,"- ","- ",36.7347412109375,-120.09632110595703,FRESNO,UNINCORPORATED,-120.09632110595703,36.734729766845703
91606730,2021,2021-10-26,9435,2021-10-15,2015,021386,,5,2,9,1000,0,1,3,,1,180,"STATE ROUTE 180","ROLINDA AVENUE",750.00,E,N,A,-,Y,,,180,,,,,,,Y,3,0,1,1,A,-,01,23152,A,N,E,I,A,A,H,-,D,D,0,,,,,Y,Y,A,01,0,1,0,0,0,0,0,0,0,"- ","- ",36.735111236572266,-119.95819091796875,FRESNO,UNINCORPORATED,-119.95819091796875,36.735088348388672
91611970,2021,2022-02-25,9435,2021-10-25,0725,020019,,1,1,7,1005,0,1,3,,1,183,"STATE ROUTE 180 WESTBOUND","CLOVIS AVENUE",1056.00,E,N,B,C,Y,,,180,,,,,,W,Y,3,0,1,2,A,-,08,22107,,N,D,C,A,B,H,-,A,D,0,,,,,Y,,D,22,0,1,0,0,0,0,0,0,0,"- ","- ",36.753170013427734,-119.69471740722656,FRESNO,FRESNO,-119.69471740722656,36.753173828125
91612495,2021,2021-11-01,9435,2021-10-26,1430,020429,,2,2,9,1000,0,1,3,,2,184,"STATE ROUTE 180","DUNLAP ROAD",7392.00,E,N,A,-,Y,,,180,,,,,,,Y,3,0,1,2,D,-,00,,,N,B,C,A,A,H,-,A,D,0,,,Y,,Y,,-,"- ",0,1,0,0,0,0,0,0,1,"- ","- ",36.759479522705078,-119.14218902587891,FRESNO,UNINCORPORATED,-119.14216613769531,36.759449005126953
91613441,2021,2021-11-02,9461,2021-09-18,1110,017329,,6,1,9,1000,0,1,3,,1,680,"STATE ROUTE 180","SAN BENITO AVENUE",201.00,E,N,A,-,Y,,,180,,,,,,,Y,1,1,1,2,A,-,05,21650,,N,A,C,A,A,H,-,A,D,0,,,,,Y,Y,A,01,1,0,0,0,0,0,0,0,0,"- ","- ",36.732170104980469,-120.36093139648438,FRESNO,UNINCORPORATED,-120.3609619140625,36.732120513916016
91614698,2021,2021-11-03,9435,2021-10-23,0210,018944,,6,3,7,1005,0,1,3,,2,107,"STATE ROUTE 180 EASTBOUND","ABBY STREET",290.00,E,N,A,-,Y,,,180,,,,,,E,Y,2,0,3,2,A,-,07,21658,A,N,C,C,A,A,H,-,C,D,0,,,,,Y,Y,A,01,1,2,0,0,0,0,0,0,0,"- ","- ",36.7523193359375,-119.78826141357422,FRESNO,FRESNO,-119.78826141357422,36.752326965332031
91614941,2021,2021-11-03,9435,2021-10-29,1903,020592,,5,2,7,1005,0,1,3,,2,181,"STATE ROUTE 180 WESTBOUND","G STREET",10.00,E,N,A,-,Y,,,180,,,,,,W,Y,4,0,1,2,A,-,03,22350,,N,C,C,A,A,H,-,D,D,0,,,,,Y,,A,07,0,0,1,0,0,0,0,0,0,"- ","- ",36.744270324707031,-119.80889129638672,FRESNO,FRESNO,-119.80886840820312,36.744235992431641
91616422,2021,2021-11-04,9435,2021-10-30,0420,017518,,6,3,7,1005,0,1,3,,2,182,"SR-180 W/B TO SR-41 S/B","BELMONT AVENUE",1100.00,N,N,A,-,Y,,,180,,,,R,,W,Y,4,0,1,2,A,-,07,21658,A,F,B,2,A,A,H,-,C,D,0,,,,,Y,,A,07,0,0,1,0,0,0,0,0,0,"- ","- ",36.753810882568359,-119.77615356445312,FRESNO,FRESNO,-119.77615356445312,36.753810882568359
91616586,2021,2021-11-04,9435,2021-10-27,1630,020481,,3,2,7,1005,0,1,3,,2,181,"STATE ROUTE 180 WESTBOUND","FULTON STREET",40.00,E,N,A,-,Y,,,180,,,,,,W,Y,3,0,2,4,A,-,03,22350,,N,C,C,A,A,H,-,A,D,0,,,,,Y,,A,01,0,2,0,0,0,0,0,0,0,"- ","- ",36.748809814453125,-119.80023956298828,FRESNO,FRESNO,-119.80023956298828,36.748813629150391
91619057,2021,2021-11-08,9435,2021-11-02,1625,021386,,2,2,9,1000,0,1,3,,1,183,"STATE ROUTE 180 EASTBOUND","MCCALL AVENUE",1500.00,W,N,B,-,Y,,,180,,,,,,E,Y,3,0,2,2,A,-,03,22350,,N,C,C,A,A,H,-,A,D,0,,,,,Y,,A,01,0,1,1,0,0,0,0,0,0,"- ","- ",36.735939025878906,-119.61476135253906,FRESNO,UNINCORPORATED,-119.61476135253906,36.735767364501953
91619159,2021,2021-11-08,9435,2021-10-25,1344,021031,,1,1,7,1005,0,1,3,,1,183,"SR-180 EASTBOUND","TEMPERANCE AVENUE",2640.00,W,N,C,-,Y,,,180,,,,,,E,Y,4,0,1,2,A,-,08,22107,,N,B,2,A,B,H,-,A,D,0,,,Y,,Y,,O,05,0,0,1,0,0,0,0,0,0,"- ","- ",36.745220184326172,-119.67003631591797,FRESNO,FRESNO,-119.67009735107422,36.745182037353516
91620344,2021,2021-11-09,9435,2021-11-03,1715,018914,,3,2,7,1005,0,1,3,,2,181,"EB SR-180","BLACKSTONE AVENUE",150.00,W,N,A,-,Y,,,180,,,,,,,Y,4,0,1,2,A,-,03,22350,,N,C,C,A,A,H,-,A,D,0,,,,,Y,,A,01,0,0,1,0,0,0,0,0,0,"- ","- ",36.751670837402344,-119.79116058349609,FRESNO,FRESNO,-119.79116821289062,36.751701354980469
91620830,2021,2021-11-09,9435,2021-11-08,0635,016507,,1,1,9,1000,0,1,3,,2,184,"STATE ROUTE 180","STATE ROUTE 63",2112.00,W,N,A,-,Y,,,180,,,,,,,Y,4,0,1,1,A,-,08,22107,,N,H,J,A,A,H,-,A,D,0,,,,,Y,,A,01,0,0,1,0,0,0,0,0,0,"- ","- ",36.730270385742188,-119.29003143310547,FRESNO,UNINCORPORATED,-119.29002380371094,36.730262756347656
91621444,2021,2021-11-29,9435,2021-08-16,1830,020319,,1,2,9,1000,0,1,3,,1,180,"STATE ROUTE 180","YUBA AVE",3168.00,W,N,A,-,Y,,,180,,,,,,,Y,1,2,4,3,A,-,08,22107,,N,A,C,A,A,H,-,A,D,0,,,,,Y,Y,D,22,0,3,1,0,0,0,0,0,0,"- ","- ",36.734611511230469,-120.17974853515625,FRESNO,UNINCORPORATED,-120.17974853515625,36.734630584716797
91623487,2021,2021-11-12,9435,2021-11-09,0509,020064,,2,3,7,1005,0,1,3,,2,182,"STATE ROUTE 180 (SR-180) WESTBOUND","FIRST STREET",350.00,W,N,B,C,Y,,,180,,,,,,W,Y,4,0,1,1,A,-,03,22350,,N,E,I,A,B,H,-,D,D,0,,,,,Y,Y,A,01,0,0,1,0,0,0,0,0,0,"- ","- ",36.754840850830078,-119.77384185791016,FRESNO,FRESNO,-119.77382659912109,36.754718780517578
91625841,2021,2021-11-16,9435,2021-11-15,1525,020942,,1,2,7,1005,0,1,3,,2,181,"STATE ROUTE 180, WESTBOUND","H STREET",264.00,W,N,A,-,Y,,,180,,,,,,W,N,4,0,1,2,A,-,03,22350,,N,C,C,A,A,H,-,A,D,0,,,,,Y,,A,01,0,0,1,0,0,0,0,0,0,"- ","- ",36.744888305664062,-119.80767822265625,FRESNO,FRESNO,-119.80767059326172,36.744880676269531
91626287,2021,2021-11-16,9435,2021-11-10,1800,020319,,3,2,7,1005,0,1,3,,2,181,"SR-180 W/B","G. STREET",200.00,E,N,A,-,Y,,,180,,,,,,W,Y,4,0,1,4,A,-,03,22350,,N,C,C,A,A,H,-,D,D,0,,,,,Y,,A,01,0,0,1,0,0,0,0,0,0,"- ","- ",36.744388580322266,-119.80867767333984,FRESNO,FRESNO,-119.80866241455078,36.744350433349609
91628130,2021,2021-11-18,9435,2021-11-13,2054,020586,,6,2,9,1000,0,1,3,,1,183,"STATE ROUTE 180 WESTBOUND","MCCALL AVENUE",30.00,E,N,E,-,Y,,,180,,,,,,W,Y,4,0,1,2,A,-,03,22350,,N,C,C,A,B,H,-,C,A,0,,,,,Y,Y,A,01,0,0,1,0,0,0,0,0,0,"- ","- ",36.735958099365234,-119.60973358154297,FRESNO,UNINCORPORATED,-119.60973358154297,36.735992431640625
91633340,2021,2021-11-23,9435,2021-11-18,0549,020122,,4,3,9,1000,0,1,3,,1,180,"STATE ROUTE 180 WESTBOUND","DICKENSON AVENUE",0.00,,Y,E,-,Y,,,180,,,,,,W,Y,4,0,1,2,A,-,12,22450,A,N,D,C,A,A,H,-,B,A,0,,,,,Y,,D,22,0,0,1,0,0,0,0,0,0,"- ","- ",36.735031127929688,-119.96994018554688,FRESNO,UNINCORPORATED,-119.96994018554688,36.735019683837891
91634578,2021,2021-11-24,9435,2021-11-22,1736,020942,,1,2,9,1000,0,1,3,,1,180,"STATE ROUTE 180","CORNELIA AVENUE",528.00,E,N,A,-,Y,,,180,,,,,,,Y,3,0,2,2,A,-,03,22350,,N,D,C,A,A,H,-,D,D,0,,,,,Y,,A,01,0,1,1,0,0,0,0,0,0,"- ","- ",36.735488891601562,-119.87870788574219,FRESNO,UNINCORPORATED,-119.87870788574219,36.735492706298828
91636950,2021,2021-11-29,9435,2021-11-18,0815,015751,,4,1,7,1005,0,1,3,,2,182,"SR-180 W/B","WINERY AVE",32.00,E,N,E,-,Y,,,180,,,,,,W,Y,3,0,4,5,A,-,07,21658,A,N,B,C,A,A,H,-,A,D,0,,,,,Y,,A,01,0,1,3,0,0,0,0,0,0,"- ","- ",36.754138946533203,-119.73171997070312,FRESNO,FRESNO,-119.73173522949219,36.754039764404297
91638583,2021,2021-11-30,9435,2021-11-22,1045,020592,,1,1,9,1000,0,1,3,,1,183,"STATE ROUTE 180 WESTBOUND","ACADEMY AVENUE",0.00,,Y,E,-,Y,,,180,,,,,,W,N,4,0,1,2,A,-,12,21453,A,N,D,C,A,A,H,-,A,A,0,,,,Y,Y,,F,26,0,0,1,0,0,0,0,0,0,"- ","- ",36.736160278320312,-119.55629730224609,FRESNO,UNINCORPORATED,-119.55629730224609,36.736186981201172