CASE_ID,ACCIDENT_YEAR,PROC_DATE,JURIS,COLLISION_DATE,COLLISION_TIME,OFFICER_ID,REPORTING_DISTRICT,DAY_OF_WEEK,CHP_SHIFT,POPULATION,CNTY_CITY_LOC,SPECIAL_COND,BEAT_TYPE,CHP_BEAT_TYPE,CITY_DIVISION_LAPD,CHP_BEAT_CLASS,BEAT_NUMBER,PRIMARY_RD,SECONDARY_RD,DISTANCE,DIRECTION,INTERSECTION,WEATHER_1,WEATHER_2,STATE_HWY_IND,CALTRANS_COUNTY,CALTRANS_DISTRICT,STATE_ROUTE,ROUTE_SUFFIX,POSTMILE_PREFIX,POSTMILE,LOCATION_TYPE,RAMP_INTERSECTION,SIDE_OF_HWY,TOW_AWAY,COLLISION_SEVERITY,NUMBER_KILLED,NUMBER_INJURED,PARTY_COUNT,PRIMARY_COLL_FACTOR,PCF_CODE_OF_VIOL,PCF_VIOL_CATEGORY,PCF_VIOLATION,PCF_VIOL_SUBSECTION,HIT_AND_RUN,TYPE_OF_COLLISION,MVIW,PED_ACTION,ROAD_SURFACE,ROAD_COND_1,ROAD_COND_2,LIGHTING,CONTROL_DEVICE,CHP_ROAD_TYPE,PEDESTRIAN_ACCIDENT,BICYCLE_ACCIDENT,MOTORCYCLE_ACCIDENT,TRUCK_ACCIDENT,NOT_PRIVATE_PROPERTY,ALCOHOL_INVOLVED,STWD_VEHTYPE_AT_FAULT,CHP_VEHTYPE_AT_FAULT,COUNT_SEVERE_INJ,COUNT_VISIBLE_INJ,COUNT_COMPLAINT_PAIN,COUNT_PED_KILLED,COUNT_PED_INJURED,COUNT_BICYCLIST_KILLED,COUNT_BICYCLIST_INJURED,COUNT_MC_KILLED,COUNT_MC_INJURED,PRIMARY_RAMP,SECONDARY_RAMP,LATITUDE,LONGITUDE,COUNTY,CITY,POINT_X,POINT_Y
9164133,2020,2020-11-24,1009,2020-09-02,1228,R070,MENDO,3,5,2,1009,0,0,0,,0,,"OLLER ST","BELMONT AV",0.00,,Y,A,-,Y,FRE,6,180,-,-,24.595,I,5,E,Y,4,0,1,2,A,-,09,21802,A,N,D,C,A,A,H,-,A,D,0,,,,,Y,,D,22,0,0,1,0,0,0,0,0,0,"- ","- ",36.749198913574219,-120.37329864501953,FRESNO,MENDOTA,-120.37335205078125,36.749351501464844
91642589,2021,2021-12-03,9435,2021-11-19,1725,018914,,5,2,7,1005,0,1,3,,2,182,"SR-180 E/B",SR-41,500.00,E,N,A,-,Y,,,180,,,,,,E,Y,4,0,1,3,A,-,03,22350,,M,C,C,A,A,H,-,D,D,0,,,,,Y,,A,07,0,0,1,0,0,0,0,0,0,"- ","- ",36.754688262939453,-119.77385711669922,FRESNO,FRESNO,-119.77383422851562,36.75445556640625
91644198,2021,2021-12-06,9435,2021-11-28,1110,019603,,7,1,9,1000,0,1,3,,1,183,"STATE ROUTE 180 WESTBOUND","BETHEL AVENUE",59.00,E,N,A,-,Y,,,180,,,,,,W,N,4,0,1,2,A,-,03,22350,,N,C,C,A,A,H,-,A,D,0,,,,,Y,,A,01,0,0,1,0,0,0,0,0,0,"- ","- ",36.736171722412109,-119.57380676269531,FRESNO,UNINCORPORATED,-119.57380676269531,36.736167907714844
91646423,2021,2021-12-08,9435,2021-12-07,0816,020064,,2,1,9,1000,0,1,3,,1,180,"STATE ROUTE 180 (SR-180) WESTBOUND","BLYTHE AVENUE",0.00,,Y,B,-,Y,,,180,,,,,,W,Y,3,0,3,2,A,-,09,21802,A,N,D,C,A,A,H,-,A,A,0,,,,,Y,,A,01,0,1,2,0,0,0,0,0,0,"- ","- ",36.735500335693359,-119.87152862548828,FRESNO,UNINCORPORATED,-119.87152862548828,36.735488891601562
91646479,2021,2021-12-08,9435,2021-11-30,1520,020942,,2,2,9,1000,0,1,3,,1,183,"STATE ROUTE 180, WESTBOUND","MCCALL AVENUE",0.00,,Y,A,-,Y,,,180,,,,,,W,Y,4,0,2,4,A,-,03,22350,,N,C,C,A,A,H,-,A,A,0,,,,Y,Y,,G,25,0,0,2,0,0,0,0,0,0,"- ","- ",36.736000061035156,-119.60970306396484,FRESNO,UNINCORPORATED,-119.60970306396484,36.735992431640625
91648897,2021,2021-12-10,9435,2021-12-01,1214,020078,,3,1,9,1000,0,1,3,,1,183,"SR-180 W/B","TEMPERANCE AVENUE",290.00,W,N,A,-,Y,,,180,,,,,,W,N,4,0,1,1,A,-,08,22107,,N,E,J,A,A,H,-,A,D,0,,,,,Y,,D,22,0,0,1,0,0,0,0,0,0,"- ","- ",36.740280151367188,-119.66502380371094,FRESNO,UNINCORPORATED,-119.66498565673828,36.740337371826172
91651563,2021,2021-12-14,9435,2021-12-05,0400,021119,,7,3,9,1000,0,1,3,,1,183,"STATE ROUTE 180 EASTBOUND","CLOVIS AVENUE",1690.00,E,N,A,-,Y,,,180,,,,,,E,Y,3,0,2,2,A,-,01,23152,A,N,C,C,A,A,H,-,D,D,0,,,,,Y,Y,A,01,0,2,0,0,0,0,0,0,0,"- ","- ",36.752960205078125,-119.69434356689453,FRESNO,UNINCORPORATED,-119.6943359375,36.752918243408203
91651941,2021,2021-12-14,9435,2021-12-14,0547,020586,,2,3,7,1005,0,1,3,,2,181,"STATE ROUTE 180 WESTBOUND (SR-180 WB)","FRESNO STREET",200.00,W,N,B,C,Y,,,180,,,,,,W,N,4,0,1,2,A,-,03,22350,,N,D,C,A,B,H,-,D,D,0,,,,,Y,,A,01,0,0,1,0,0,0,0,0,0,"- ","- ",36.753681182861328,-119.78221130371094,FRESNO,FRESNO,-119.78221130371094,36.753684997558594
91652930,2021,2021-12-15,9435,2021-12-09,0824,016048,,4,1,7,1005,0,1,3,,2,181,"STATE ROUTE 180 W/B FROM PEACH AVE","PEACH AVENUE",528.00,W,N,B,C,Y,,,180,,,,R,,W,Y,3,0,1,2,A,-,03,22350,,N,C,C,A,B,H,-,A,A,0,,,,,Y,,D,22,0,1,0,0,0,0,0,0,0,"- ","- ",36.753761291503906,-119.72090148925781,FRESNO,FRESNO,-119.72090148925781,36.753761291503906
91655412,2021,2021-12-17,9435,2021-12-17,0650,020429,,5,1,9,1000,0,1,3,,2,184,"STATE ROUTE 180","ALTA AVENUE",700.00,W,N,E,-,Y,,,180,,,,,,,Y,3,0,1,1,A,-,03,22350,,N,F,A,A,B,H,-,B,D,0,,,,,Y,,A,07,0,1,0,0,0,0,0,0,0,"- ","- ",36.719841003417969,-119.39679718017578,FRESNO,UNINCORPORATED,-119.39679718017578,36.719913482666016
91657516,2021,2021-12-21,9435,2021-12-17,1750,020824,,5,2,9,1000,0,1,3,,1,183,"STATE ROUTE 180 E/B","MCCALL AVENUE",1056.00,W,N,B,-,Y,,,180,,,,,,E,Y,3,0,3,2,A,-,03,22350,,N,C,C,A,A,H,-,D,D,0,,,,,Y,,A,01,0,1,2,0,0,0,0,0,0,"- ","- ",36.735771179199219,-119.61383056640625,FRESNO,UNINCORPORATED,-119.61383056640625,36.735752105712891
91658141,2021,2021-12-21,9435,2021-12-19,1705,020429,,7,2,9,1000,0,3,5,,2,060,"STATE ROUTE 180 WESTBOUND","PIEDRA ROAD",0.00,,Y,A,-,Y,,,180,,,,,,W,Y,3,0,4,2,A,-,09,21801,A,N,D,2,A,A,H,-,C,D,0,,,,,Y,,A,01,0,4,0,0,0,0,0,0,0,"- ","- ",36.729728698730469,-119.46749114990234,FRESNO,UNINCORPORATED,-119.46759796142578,36.729446411132812
91658707,2021,2021-12-22,9435,2021-12-19,2210,021178,,7,3,9,1000,0,1,3,,2,182,"SR-180 E/B","WILLOW AVE",681.00,E,N,E,-,Y,,,180,,,,,,E,Y,2,0,1,2,A,-,01,23152,A,N,A,C,A,A,H,-,D,D,0,,,,,Y,Y,D,22,1,0,0,0,0,0,0,0,0,"- ","- ",36.753379821777344,-119.72299957275391,FRESNO,UNINCORPORATED,-119.72299957275391,36.753353118896484
91660322,2021,2021-12-23,9435,2021-12-17,1837,020122,,5,2,7,1005,0,1,3,,2,181,"STATE ROUTE 180 WESTBOUND","H STREET",355.00,E,N,A,-,Y,,,180,,,,,,W,Y,4,0,1,2,A,-,03,22350,,N,C,C,A,A,H,-,D,D,0,,,,,Y,,D,22,0,0,1,0,0,0,0,0,0,"- ","- ",36.745960235595703,-119.80586242675781,FRESNO,FRESNO,-119.80580902099609,36.745864868164062
91661435,2021,2021-12-24,9435,2021-12-24,0605,019603,,5,1,9,1000,0,1,3,,1,180,"STATE ROUTE 180","FLOYD AVENUE",2640.00,E,N,B,C,N,,,180,,,,,,,Y,4,0,1,2,A,-,03,22350,,N,C,E,A,B,H,-,D,D,0,,,,,Y,,D,22,0,0,1,0,0,0,0,0,0,"- ","- ",36.735038757324219,-119.98377227783203,FRESNO,UNINCORPORATED,-119.98377227783203,36.734981536865234
91667406,2021,2021-12-31,9435,2021-12-22,2200,016507,,3,3,9,1000,0,1,3,,2,184,"STATE ROUTE 180","STATE ROUTE 245",5808.00,W,N,A,-,Y,,,180,,,,,,,Y,4,0,1,1,A,-,08,22107,,N,E,I,A,B,H,-,D,D,0,,,,,Y,,A,01,0,0,1,0,0,0,0,0,0,"- ","- ",36.729911804199219,-119.01605987548828,FRESNO,UNINCORPORATED,-119.01609802246094,36.729866027832031
91675764,2022,2022-01-11,9435,2022-01-04,1727,020680,,2,2,9,1000,0,1,3,,1,180,"SR-180 E/B","YUBA AVE",0.00,,Y,B,-,Y,FRE,,180,,,36.628,H,,R,Y,4,0,5,2,A,-,12,22450,A,N,D,C,A,A,H,-,C,D,0,,,,,Y,,A,01,0,0,5,0,0,0,0,0,0,"- ","- ",36.734630584716797,-120.16855621337891,FRESNO,UNINCORPORATED,-120.16856384277344,36.734661102294922
91676439,2022,2022-01-12,9435,2022-01-01,0225,020854,,6,3,7,1005,0,1,3,,2,181,"STATE ROUTE180 EASTBOUND TO STATE ROUTE 41 NORTHBO","STATE ROUTE 180 EASTBOUND",50.00,S,N,A,-,Y,FRE,,180,,R,58.621,H,,R,Y,3,0,1,1,A,-,01,23152,A,N,E,I,A,A,H,-,D,D,0,,,,,Y,Y,A,01,0,1,0,0,0,0,0,0,0,"- ","- ",36.753959655761719,-119.77706146240234,FRESNO,FRESNO,-119.77707672119141,36.754074096679688
91676849,2022,2022-01-12,9435,2022-01-06,1939,020824,,4,2,9,1000,0,1,3,,1,183,"STATE ROUTE 180 E/B","DEL REY AVENUE",250.00,E,N,A,-,Y,FRE,,180,,R,69.408,H,,R,N,4,0,1,2,A,-,03,22350,,F,C,C,A,A,H,-,D,D,0,,,,,Y,,-,99,0,0,1,0,0,0,0,0,0,"- ","- ",36.735809326171875,-119.59100341796875,FRESNO,UNINCORPORATED,-119.59100341796875,36.735820770263672
91676868,2022,2022-01-12,9435,2022-01-07,0930,017310,,5,1,7,1005,0,1,3,,2,181,"RT 180","BLACKSTONE AVENUE",915.00,E,N,A,-,Y,FRE,,180,,R,58.113,H,,R,N,3,0,1,2,A,-,07,21658,A,F,E,I,A,A,H,-,A,D,0,,,,,Y,,A,01,0,1,0,0,0,0,0,0,0,"- ","- ",36.752960205078125,-119.78614807128906,FRESNO,FRESNO,-119.78608703613281,36.752773284912109
91678659,2022,2022-01-14,9435,2022-01-10,1654,020836,,1,2,7,1005,0,1,3,,2,181,"STATE ROUTE 180 WESTBOUND","H STREET",150.00,E,N,A,-,Y,FRE,,180,,R,56.888,H,,L,Y,4,0,2,4,A,-,03,22350,,N,C,C,A,A,H,-,A,D,0,,,,Y,Y,,F,26,0,0,2,0,0,0,0,0,0,"- ","- ",36.745738983154297,-119.80602264404297,FRESNO,FRESNO,-119.8060302734375,36.745750427246094
91678701,2022,2022-01-14,9435,2022-01-10,1630,020319,,1,2,7,1005,0,1,3,,2,181,"SR-180 W/B","BROADWAY ST",450.00,W,N,A,-,Y,FRE,,180,,R,56.996,H,,L,Y,3,0,1,2,A,-,03,22350,,F,C,C,A,A,H,-,A,D,0,,,,,Y,,-,99,0,1,0,0,0,0,0,0,0,"- ","- ",36.746681213378906,-119.80436706542969,FRESNO,FRESNO,-119.80433654785156,36.74664306640625
91680004,2022,2022-01-18,9435,2022-01-09,1220,020592,,7,1,7,1005,0,1,3,,2,181,"STATE ROUTE 180 EASTBOUND","FRESNO STREET",1056.00,W,N,A,-,Y,FRE,,180,,R,58.141,H,,R,N,4,0,1,2,A,-,07,21658,A,N,B,C,A,A,H,-,A,D,0,,,,,Y,,A,01,0,0,1,0,0,0,0,0,0,"- ","- ",36.752811431884766,-119.78559112548828,FRESNO,FRESNO,-119.78560638427734,36.752864837646484
91683655,2021,2022-01-24,9435,2021-12-23,1515,020824,,4,2,9,1000,0,1,3,,1,183,"STATE ROUTE 180 E/B","MCCALL AVENUE",125.00,W,N,C,-,Y,,,180,,,,,,E,N,4,0,1,2,A,-,03,22350,,M,C,C,A,B,H,-,A,D,0,,,,,Y,,-,99,0,0,1,0,0,0,0,0,0,"- ","- ",36.735721588134766,-119.61058807373047,FRESNO,UNINCORPORATED,-119.61058807373047,36.735729217529297
91688687,2022,2022-01-28,9435,2022-01-06,1151,015890,,4,1,9,1000,0,1,3,,1,183,"SR-180 W/B","BETHEL AVE",578.00,W,N,A,-,Y,FRE,,180,,R,70.229,H,,L,Y,3,0,3,2,A,-,08,22107,,N,C,C,A,A,H,-,A,D,0,,,,Y,Y,,A,07,0,2,1,0,0,0,0,0,0,"- ","- ",36.736141204833984,-119.57621765136719,FRESNO,UNINCORPORATED,-119.57621765136719,36.73614501953125
91689515,2022,2022-01-31,9435,2022-01-19,0115,018944,,3,3,9,1000,0,1,3,,1,180,"STATE ROUTE 180","GRANTLAND AVENUE",350.00,W,N,A,-,Y,FRE,,180,,,50.516,H,,R,Y,3,0,1,1,A,-,08,22107,,N,F,A,A,A,H,-,D,D,0,,,,,Y,,A,01,0,1,0,0,0,0,0,0,0,"- ","- ",36.735439300537109,-119.91809844970703,FRESNO,UNINCORPORATED,-119.91809844970703,36.735256195068359
91689961,2022,2022-01-31,9461,2022-01-24,1921,021832,,1,2,7,1005,0,3,5,,2,060,"SR -180","SAN BENITO ROAD EDGE PROLONGATION",20.00,W,N,A,-,Y,FRE,,180,,,25.826,H,,R,Y,4,0,1,2,A,-,03,22350,,N,C,C,A,A,H,-,D,D,0,,,,,Y,,A,01,0,0,1,0,0,0,0,0,0,"- ","- ",36.732589721679688,-120.36138153076172,FRESNO,FRESNO,-120.36145782470703,36.732540130615234
91690423,2022,2022-02-01,9435,2022-01-23,1640,020824,,7,2,9,1000,0,1,3,,1,183,"STATE ROUTE 180 E/B","TEMPERANCE AVENUE",1056.00,W,N,A,-,Y,FRE,,180,,R,65.094,H,,R,Y,3,0,1,1,A,-,08,22107,,N,E,I,A,A,H,-,A,D,0,,,,,Y,,A,01,0,1,0,0,0,0,0,0,0,"- ","- ",36.741539001464844,-119.66719055175781,FRESNO,UNINCORPORATED,-119.66707611083984,36.741622924804688
91690524,2022,2022-02-01,9461,2022-01-24,1736,017029,,1,2,9,1000,0,1,3,,1,680,SR-180,"SAN BENITO AVE",528.00,W,N,A,-,Y,FRE,,180,,,25.826,H,,R,N,2,0,3,2,A,-,05,21650,,N,D,C,A,A,H,-,D,A,0,,,Y,,Y,,C,02,3,0,0,0,0,0,0,0,1,"- ","- ",36.732589721679688,-120.36138153076172,FRESNO,UNINCORPORATED,-120.36145782470703,36.732540130615234
91696701,2022,2022-02-09,9435,2022-01-31,2255,020540,,1,3,9,1000,0,1,3,,2,184,"STATE ROUTE 180","COVE AVENUE",3696.00,E,N,A,-,Y,FRE,,180,,,84.630,H,,R,Y,2,0,2,1,A,-,08,22107,,N,E,I,A,A,H,-,D,D,0,,,,,Y,,A,01,1,1,0,0,0,0,0,0,0,"- ","- ",36.716678619384766,-119.33474731445312,FRESNO,UNINCORPORATED,-119.33477783203125,36.716705322265625
91697220,2022,2022-02-09,9435,2022-02-06,1740,020095,,7,2,9,1000,0,1,3,,2,184,"SR-180 E/B","ALTA AVE",655.00,W,N,A,-,Y,FRE,,180,,,80.945,H,,R,Y,2,0,1,1,A,-,08,22107,,N,F,8,A,A,H,-,A,D,0,,,,,Y,,A,07,1,0,0,0,0,0,0,0,0,"- ","- ",36.7198486328125,-119.39676666259766,FRESNO,UNINCORPORATED,-119.39676666259766,36.719917297363281
91704177,2022,2022-02-18,9435,2022-02-08,1822,020122,,2,2,9,1000,0,1,3,,1,183,"STATE ROUTE 180","DE WOLF AVENUE",0.00,,Y,A,-,Y,FRE,,180,,R,66.354,H,,R,Y,2,0,1,2,A,-,01,23152,A,N,A,C,A,A,H,-,C,A,0,,,,,Y,Y,D,22,1,0,0,0,0,0,0,0,0,"- ","- ",36.736930847167969,-119.64598846435547,FRESNO,UNINCORPORATED,-119.64598846435547,36.736930847167969
91705686,2022,2022-02-22,9435,2022-02-11,1659,020019,,5,2,7,1005,0,1,3,,2,181,"STATE ROUTE 180 EASTBOUND","STATE ROUTE 41",342.00,W,N,A,-,Y,FRE,,180,,R,58.604,H,,R,Y,4,0,1,1,C,-,18,,,N,E,I,A,A,H,-,A,D,0,,,,,Y,,-,"- ",0,0,1,0,0,0,0,0,0,"- ","- ",36.753948211669922,-119.77736663818359,FRESNO,FRESNO,-119.77738952636719,36.754039764404297
91707803,2022,2022-02-24,9435,2022-02-23,1516,020122,,3,2,7,1005,0,1,3,,2,181,"STATE ROUTE 180 WESTBOUND","H STREET",545.00,E,N,A,-,Y,FRE,,180,,R,56.940,H,,L,Y,2,0,1,1,A,-,08,22107,,N,E,I,A,A,H,-,A,D,0,,,,,Y,,A,01,1,0,0,0,0,0,0,0,0,"- ","- ",36.746120452880859,-119.80516815185547,FRESNO,FRESNO,-119.80521392822266,36.746177673339844
91707859,2022,2022-02-24,9435,2022-02-17,1630,020540,,4,2,9,1000,0,1,3,,2,184,"STATE ROUTE 180","FRANKWOOD AVENUE",0.00,,Y,A,-,Y,FRE,,180,,R,77.549,H,,R,Y,2,0,2,2,A,-,09,21802,A,N,D,C,A,A,H,-,A,A,0,,,,,Y,,A,07,1,0,1,0,0,0,0,0,0,"- ","- ",36.721538543701172,-119.44790649414062,FRESNO,UNINCORPORATED,-119.44795989990234,36.721435546875
91707992,2022,2022-02-24,9461,2022-01-25,0100,021126,,2,3,9,1000,0,3,5,,2,050,"STATE ROUTE 180 (NORTH SAN BENITO AVENUE)","WEST BELMONT AVENUE",544.00,E,N,A,-,Y,FRE,,180,,,24.736,H,,R,N,1,1,0,2,A,-,11,21954,A,N,G,B,E,A,H,-,D,D,0,Y,,,Y,Y,,N,60,0,0,0,1,0,0,0,0,0,"- ","- ",36.746150970458984,-120.36956024169922,FRESNO,UNINCORPORATED,-120.36955261230469,36.746158599853516
91708225,2022,2022-02-24,9435,2022-02-18,1720,020193,,5,2,9,1000,0,1,3,,1,180,"STATE ROUTE 180","ROLINDA AVENUE",500.00,W,N,A,-,Y,FRE,,180,,,47.919,H,,R,N,4,0,1,2,A,-,03,22350,,N,C,C,A,A,H,-,B,D,0,,,,,Y,,A,01,0,0,1,0,0,0,0,0,0,"- ","- ",36.734989166259766,-119.96510314941406,FRESNO,UNINCORPORATED,-119.96510314941406,36.735054016113281
91710970,2022,2022-02-28,9435,2022-02-19,0050,020429,,6,3,9,1000,0,1,3,,2,184,"STATE ROUTE 180","ALTA AVENUE",550.00,W,N,A,-,Y,FRE,,180,,,80.962,H,,R,Y,2,0,2,1,A,-,01,23152,A,N,E,I,A,A,H,-,D,D,0,,,,,Y,Y,A,01,2,0,0,0,0,0,0,0,0,"- ","- ",36.719829559326172,-119.39646911621094,FRESNO,UNINCORPORATED,-119.39646911621094,36.71990966796875
91711995,2022,2022-03-01,9435,2022-02-22,0850,016507,,2,1,9,1000,0,1,3,,2,184,"STATE ROUTE 180","STATE ROUTE 63",5808.00,W,N,B,-,Y,FRE,,180,,,86.531,H,,R,Y,2,0,1,1,A,-,08,22107,,N,E,I,A,A,H,-,A,D,0,,,,,Y,,A,01,1,0,0,0,0,0,0,0,0,"- ","- ",36.723751068115234,-119.30304718017578,FRESNO,UNINCORPORATED,-119.30306243896484,36.723793029785156
91714131,2022,2022-03-03,9435,2022-02-24,1345,018914,,4,1,9,1000,0,1,3,,1,183,"WB SR-180","HIGHLAND AVENUE",75.00,E,N,A,-,Y,FRE,,180,,R,67.391,H,,R,Y,3,0,2,3,A,-,03,22350,,M,C,C,A,A,H,-,A,D,0,,,,,Y,,A,01,0,1,1,0,0,0,0,0,0,"- ","- ",36.736110687255859,-119.62734222412109,FRESNO,UNINCORPORATED,-119.62734222412109,36.735889434814453
91714331,2022,2022-03-03,9435,2022-02-25,1614,020078,,5,2,9,1000,0,1,3,,1,183,"SR-180 E/B","MCCALL AVENUE",700.00,W,N,A,-,Y,FRE,,180,,R,68.212,H,,R,Y,4,0,1,4,A,-,03,22350,,N,C,C,A,A,H,-,A,D,0,,,,,Y,,A,01,0,0,1,0,0,0,0,0,0,"- ","- ",36.735729217529297,-119.61255645751953,FRESNO,UNINCORPORATED,-119.61255645751953,36.735740661621094
91714649,2022,2022-03-04,9435,2022-03-01,0650,015751,,2,1,9,1000,0,1,3,,1,180,"SR-180 (WHITESBRIDGE AVE)","CORNELIA AVE",242.00,W,N,A,-,Y,FRE,,180,,,52.528,H,,R,Y,3,0,1,2,A,-,03,22350,,N,C,C,A,A,H,-,B,D,0,,,,,Y,,D,22,0,1,0,0,0,0,0,0,0,"- ","- ",36.735450744628906,-119.88185119628906,FRESNO,UNINCORPORATED,-119.88185119628906,36.735454559326172
91718210,2022,2022-03-08,9435,2022-03-04,1806,020122,,5,2,7,1005,0,1,3,,2,181,"STATE ROUTE 180 WESTBOUND","H STREET",540.00,W,N,C,-,Y,FRE,,180,,R,56.732,H,,L,N,4,0,2,2,A,-,03,22350,,N,C,C,A,B,H,-,C,D,0,,,,,Y,,A,07,0,0,2,0,0,0,0,0,0,"- ","- ",36.744449615478516,-119.80848693847656,FRESNO,FRESNO,-119.80848693847656,36.744441986083984
91719520,2022,2022-03-10,9435,2022-03-09,2122,021247,,3,2,7,1005,0,1,3,,2,181,"STATE ROUTE 180 EASTBOUND","FULTON STREET",1584.00,W,N,A,-,Y,FRE,,180,,R,56.875,H,,R,N,4,0,1,1,C,-,18,,,N,E,J,A,A,H,-,D,D,0,,,,,Y,,-,"- ",0,0,1,0,0,0,0,0,0,"- ","- ",36.745399475097656,-119.80600738525391,FRESNO,FRESNO,-119.8060302734375,36.745426177978516
91720158,2022,2022-03-10,9435,2022-03-09,1050,016507,,3,1,9,1000,0,1,3,,2,184,"STATE ROUTE 180","FRANKWOOD AVE",5808.00,E,N,A,-,Y,FRE,,180,,,79.052,H,,R,N,4,0,1,1,A,-,08,22107,,N,E,I,A,A,H,-,A,D,0,,,,,Y,,D,22,0,0,1,0,0,0,0,0,0,"- ","- ",36.71636962890625,-119.42928314208984,FRESNO,UNINCORPORATED,-119.42926788330078,36.716411590576172
91720803,2022,2022-03-11,9435,2022-03-05,0840,015095,,6,1,7,1005,0,1,3,,2,181,"SR-180 W/B","CEDAR AVENUE",0.10,E,N,B,C,Y,FRE,,180,,R,59.992,H,,L,Y,3,0,1,3,A,-,03,22350,,N,D,C,A,B,H,-,A,D,0,,,,,Y,,D,22,0,1,0,0,0,0,0,0,0,"- ","- ",36.755130767822266,-119.75222778320312,FRESNO,FRESNO,-119.75222778320312,36.755138397216797
91721106,2022,2022-03-11,9435,2022-03-09,2120,017518,,3,2,7,1005,0,1,3,,2,181,"SR-180 E/B","FULTON ST",1584.00,W,N,A,-,Y,FRE,,180,,R,56.970,H,,R,N,4,0,1,1,C,-,18,,,N,E,9,A,A,H,-,C,D,0,,,,,Y,,-,"- ",0,0,1,0,0,0,0,0,0,"- ","- ",36.746051788330078,-119.80455017089844,FRESNO,FRESNO,-119.80464172363281,36.746162414550781
91728279,2022,2022-03-21,9435,2022-03-12,2240,021386,,6,3,7,1005,0,1,3,,2,181,"STATE ROUTE 180 WESTBOUND","H STREET",500.00,E,N,B,-,Y,FRE,,180,,R,56.900,H,,R,N,3,0,1,1,A,-,03,22350,,N,F,A,A,A,H,-,D,D,0,,,Y,,Y,,C,02,0,1,0,0,0,0,0,0,1,"- ","- ",36.745468139648438,-119.80552673339844,FRESNO,FRESNO,-119.80565643310547,36.745624542236328
91730769,2022,2022-03-24,9435,2022-03-20,1020,016507,,7,1,9,1000,0,1,3,,2,184,"STATE ROUTE 180","ALTA AVE",580.00,W,N,B,-,Y,FRE,,180,,,80.961,H,,R,Y,4,0,1,1,A,-,08,22107,,N,E,I,A,A,H,-,A,D,0,,,,,Y,,A,01,0,0,1,0,0,0,0,0,0,"- ","- ",36.719879150390625,-119.39647674560547,FRESNO,UNINCORPORATED,-119.39647674560547,36.71990966796875
91736335,2022,2022-03-29,9435,2022-03-28,1356,020122,,1,1,9,1000,0,1,3,,1,180,"STATE ROUTE 180 EASTBOUND","MONROE AVENUE",0.00,,Y,B,-,Y,FRE,,180,,,49.121,H,,R,Y,4,0,1,2,A,-,03,22350,,N,C,C,A,A,H,-,A,D,0,,,,,Y,,A,08,0,0,1,0,0,0,0,0,0,"- ","- ",36.735141754150391,-119.94322967529297,FRESNO,UNINCORPORATED,-119.94322967529297,36.735176086425781
91737247,2022,2022-03-30,9435,2022-03-26,2135,021165,,6,2,9,1000,0,1,3,,2,181,"STATE ROUTE 180","MAPLE AVENUE",195.00,E,N,A,-,Y,FRE,,180,,R,60.422,H,,L,Y,4,0,2,3,A,-,03,22350,,N,C,C,A,A,H,-,C,D,0,,,,,Y,,A,01,0,0,2,0,0,0,0,0,0,"- ","- ",36.755168914794922,-119.74468231201172,FRESNO,UNINCORPORATED,-119.74468231201172,36.755138397216797
91741269,2022,2022-04-05,9435,2022-03-26,0340,021315,,6,3,7,1005,0,1,3,,2,182,"STATE ROUTE 180","CEDAR AVENUE",520.00,E,N,A,-,Y,FRE,,180,,R,60.040,H,,R,Y,4,0,1,1,A,-,08,22107,,N,E,I,A,A,H,-,D,D,0,,,,,Y,,A,01,0,0,1,0,0,0,0,0,0,"- ","- ",36.754749298095703,-119.75167083740234,FRESNO,FRESNO,-119.75167083740234,36.754875183105469
91743712,2022,2022-04-07,9435,2022-04-06,1010,015106,,3,1,9,1000,0,1,3,,1,183,"SR-180 EASTBOUND","TEMPERANCE AVE",2112.00,E,N,A,-,Y,FRE,,180,,R,65.863,H,,R,N,3,0,1,1,A,-,08,22107,,N,F,E,A,A,H,-,A,D,0,,,,,Y,,A,01,0,1,0,0,0,0,0,0,0,"- ","- ",36.736839294433594,-119.65638732910156,FRESNO,UNINCORPORATED,-119.65634918212891,36.737052917480469
91744508,2022,2022-04-08,9435,2022-03-31,0115,021247,,4,3,7,1005,0,1,3,,1,180,"STATE ROUTE 180 WESTBOUND","MODOC AVENUE",634.00,E,N,A,-,Y,FRE,,180,,,41.254,H,,L,Y,4,0,1,1,A,-,01,23152,A,M,F,J,A,A,H,-,D,D,0,,,,,Y,Y,A,01,0,0,1,0,0,0,0,0,0,"- ","- ",36.734909057617188,-120.08505249023438,FRESNO,FRESNO,-120.08505249023438,36.734745025634766