CASE_ID,ACCIDENT_YEAR,PROC_DATE,JURIS,COLLISION_DATE,COLLISION_TIME,OFFICER_ID,REPORTING_DISTRICT,DAY_OF_WEEK,CHP_SHIFT,POPULATION,CNTY_CITY_LOC,SPECIAL_COND,BEAT_TYPE,CHP_BEAT_TYPE,CITY_DIVISION_LAPD,CHP_BEAT_CLASS,BEAT_NUMBER,PRIMARY_RD,SECONDARY_RD,DISTANCE,DIRECTION,INTERSECTION,WEATHER_1,WEATHER_2,STATE_HWY_IND,CALTRANS_COUNTY,CALTRANS_DISTRICT,STATE_ROUTE,ROUTE_SUFFIX,POSTMILE_PREFIX,POSTMILE,LOCATION_TYPE,RAMP_INTERSECTION,SIDE_OF_HWY,TOW_AWAY,COLLISION_SEVERITY,NUMBER_KILLED,NUMBER_INJURED,PARTY_COUNT,PRIMARY_COLL_FACTOR,PCF_CODE_OF_VIOL,PCF_VIOL_CATEGORY,PCF_VIOLATION,PCF_VIOL_SUBSECTION,HIT_AND_RUN,TYPE_OF_COLLISION,MVIW,PED_ACTION,ROAD_SURFACE,ROAD_COND_1,ROAD_COND_2,LIGHTING,CONTROL_DEVICE,CHP_ROAD_TYPE,PEDESTRIAN_ACCIDENT,BICYCLE_ACCIDENT,MOTORCYCLE_ACCIDENT,TRUCK_ACCIDENT,NOT_PRIVATE_PROPERTY,ALCOHOL_INVOLVED,STWD_VEHTYPE_AT_FAULT,CHP_VEHTYPE_AT_FAULT,COUNT_SEVERE_INJ,COUNT_VISIBLE_INJ,COUNT_COMPLAINT_PAIN,COUNT_PED_KILLED,COUNT_PED_INJURED,COUNT_BICYCLIST_KILLED,COUNT_BICYCLIST_INJURED,COUNT_MC_KILLED,COUNT_MC_INJURED,PRIMARY_RAMP,SECONDARY_RAMP,LATITUDE,LONGITUDE,COUNTY,CITY,POINT_X,POINT_Y
91746456,2022,2022-04-12,9435,2022-04-06,1715,020824,,3,2,7,1005,0,1,3,,2,181,"STATE ROUTE 180 E/B","ABBY STREET",1056.00,E,N,A,-,Y,FRE,,180,,R,58.130,H,,R,N,4,0,2,2,A,-,03,22350,,N,C,C,A,A,H,-,A,D,0,,,,,Y,,A,01,0,0,2,0,0,0,0,0,0,"- ","- ",36.752769470214844,-119.78578186035156,FRESNO,FRESNO,-119.78579711914062,36.752830505371094
91746926,2022,2022-04-13,9435,2022-03-22,1710,020095,,2,2,7,1005,0,1,3,,2,181,"SR-180 E/B","FIRST AVE",375.00,W,N,A,-,Y,FRE,,180,,R,58.801,H,,R,Y,4,0,2,3,A,-,03,22350,,N,C,C,A,A,H,-,A,D,0,,,,,Y,,D,22,0,0,2,0,0,0,0,0,0,"- ","- ",36.754421234130859,-119.77387237548828,FRESNO,FRESNO,-119.77387237548828,36.75445556640625
91748011,2022,2022-04-14,9435,2022-04-07,1430,020078,,4,2,9,1000,0,1,3,,1,180,SR-180,"DEL NORTE AVENUE",0.00,,Y,A,-,Y,FRE,,180,,,42.141,H,,R,N,4,0,4,2,D,-,00,,,N,D,C,A,A,D,-,A,A,0,,,,,Y,,-,"- ",0,0,4,0,0,0,0,0,0,"- ","- ",36.734920501708984,-120.06919860839844,FRESNO,UNINCORPORATED,-120.06919860839844,36.734790802001953
91750024,2022,2022-04-18,9435,2022-04-09,1345,019603,,6,1,9,1000,0,1,3,,1,183,"INDIANOLA AVENUE","STATE ROUTE 180",0.00,,Y,A,-,Y,FRE,,180,,R,69.852,H,,L,Y,4,0,1,2,A,-,03,22350,,N,C,C,A,A,H,-,A,D,0,,,,,Y,,A,01,0,0,1,0,0,0,0,0,0,"- ","- ",36.736019134521484,-119.58299255371094,FRESNO,UNINCORPORATED,-119.58298492431641,36.736133575439453
91750422,2022,2022-04-18,9435,2022-04-10,0842,020019,,7,1,7,1005,0,1,3,,1,183,"STATE ROUTE 180 WESTBOUND","WILLOW AVENUE",174.00,W,N,A,-,Y,FRE,,180,,R,61.357,H,,L,N,3,0,1,1,A,-,08,22107,,N,E,I,A,A,H,-,A,D,0,,,,,Y,,A,07,0,1,0,0,0,0,0,0,0,"- ","- ",36.753860473632812,-119.72804260253906,FRESNO,FRESNO,-119.72804260253906,36.753753662109375
91752723,2022,2022-04-20,9435,2022-04-13,1543,020122,,3,2,9,1000,0,1,3,,1,183,"STATE ROUTE 180 WESTBOUND","NEWMARK AVENUE",0.00,,Y,A,-,Y,FRE,,180,,R,72.834,H,,L,Y,3,0,7,2,A,-,09,21801,A,M,D,C,A,A,H,-,A,D,0,,,,,Y,,A,07,0,3,4,0,0,0,0,0,0,"- ","- ",36.736030578613281,-119.52926635742188,FRESNO,UNINCORPORATED,-119.52926635742188,36.73602294921875
91753957,2022,2022-04-22,9435,2022-04-06,1802,020095,,3,2,9,1000,0,1,3,,1,183,"STATE ROUTE 180","DEWOLF AVE",975.00,E,N,A,-,Y,FRE,,180,,R,66.551,H,,R,Y,3,0,6,4,A,-,03,22350,,N,C,C,A,A,H,-,A,D,0,,,,,Y,,A,01,0,6,0,0,0,0,0,0,0,"- ","- ",36.73699951171875,-119.64243316650391,FRESNO,UNINCORPORATED,-119.64244842529297,36.736774444580078
91754303,2022,2022-04-22,9435,2022-01-21,2007,020319,,5,2,9,1000,0,1,3,,1,180,"STATE ROUTE 180","BISHOP AVENUE",2127.00,W,N,B,-,Y,FRE,,180,,,45.235,H,,R,Y,1,1,3,3,A,-,07,21658,A,N,A,C,A,A,H,-,D,D,0,,,,,Y,,A,01,1,1,1,0,0,0,0,0,0,"- ","- ",36.734939575195312,-120.01338195800781,FRESNO,UNINCORPORATED,-120.01338195800781,36.734958648681641
91754487,2022,2022-04-22,9435,2022-04-18,1410,020095,,1,2,9,1000,0,1,3,,1,183,"SR-180 E/B","BETHEL AVE",300.00,W,N,A,-,Y,FRE,,180,,R,70.275,H,,R,N,4,0,2,2,A,-,21,22106,,N,C,C,A,A,H,-,A,A,0,,,,,Y,,A,07,0,0,2,0,0,0,0,0,0,"- ","- ",36.735931396484375,-119.57539367675781,FRESNO,UNINCORPORATED,-119.57538604736328,36.735897064208984
91755902,2022,2022-04-25,9435,2022-04-16,1800,016507,,6,2,9,1000,0,3,5,,2,060,"STATE ROUTE 180","ALTA AVE",1584.00,W,N,A,-,Y,FRE,,180,,,80.822,H,,R,Y,2,0,1,1,A,-,08,22107,,N,F,A,A,A,H,-,A,D,0,,,,,Y,,A,01,1,0,0,0,0,0,0,0,0,"- ","- ",36.719520568847656,-119.39897918701172,FRESNO,UNINCORPORATED,-119.39890289306641,36.719398498535156
91757705,2022,2022-04-27,9435,2022-04-22,0140,017518,,5,3,7,1005,0,1,3,,2,410,"STATE ROUTE 41 N/B TO STATE ROUTE 180 E/B","FIRST STREET",100.00,W,N,C,-,Y,FRE,,180,,R,58.850,H,,R,Y,3,0,1,1,A,-,08,22107,,N,E,I,A,B,H,-,C,D,0,,,,,Y,,-,"- ",0,1,0,0,0,0,0,0,0,"- ","- ",36.754489898681641,-119.77297973632812,FRESNO,FRESNO,-119.77299499511719,36.754554748535156
91761886,2022,2022-05-02,9435,2022-04-21,1930,018914,,4,2,7,1005,0,1,3,,1,183,"W/B SR-180 FROM N/B CLOVIS AVENUE","CLOVIS AVENUE",55.00,E,N,B,C,Y,FRE,,180,,R,62.918,H,,R,N,3,0,2,2,A,-,08,22107,,N,D,C,A,B,H,-,D,D,0,,,,,Y,,A,01,0,1,1,0,0,0,0,0,0,"- ","- ",36.752838134765625,-119.69985961914062,FRESNO,FRESNO,-119.69984436035156,36.752590179443359
91764692,2022,2022-05-04,9435,2022-05-02,1700,020887,,1,2,7,1005,0,1,3,,2,181,"SR-180 E/B",SR-41,100.00,E,N,A,-,Y,FRE,,180,,R,58.719,H,,R,N,4,0,1,2,A,-,03,22350,,N,C,C,A,A,H,-,A,D,0,,,,,Y,,A,07,0,0,1,0,0,0,0,0,0,"- ","- ",36.754268646240234,-119.77533721923828,FRESNO,FRESNO,-119.77534484863281,36.754280090332031
91765786,2022,2022-05-06,9435,2022-04-30,1935,020319,,6,2,9,1000,0,1,3,,2,181,SR-180,"CORNELIA AVE",0.00,,Y,A,-,Y,FRE,,180,,,52.589,H,,R,Y,4,0,1,2,A,-,09,21802,A,N,D,C,A,A,H,-,B,D,0,,,,,Y,,A,01,0,0,1,0,0,0,0,0,0,"- ","- ",36.735530853271484,-119.88076782226562,FRESNO,UNINCORPORATED,-119.88076782226562,36.735454559326172
91769904,2022,2022-05-11,9435,2022-05-04,2110,021386,,3,2,9,1000,0,1,3,,1,180,"STATE ROUTE 180","SHASTA AVENUE",400.00,E,N,A,-,Y,FRE,,180,,,40.184,H,,R,Y,3,0,1,2,A,-,09,21804,A,N,D,C,A,A,H,-,D,D,0,,,,,Y,,A,01,0,1,0,0,0,0,0,0,0,"- ","- ",36.734649658203125,-120.10410308837891,FRESNO,UNINCORPORATED,-120.10410308837891,36.734718322753906
91769937,2022,2022-05-11,9435,2022-05-04,0900,020887,,3,1,7,1005,0,1,3,,2,182,"SR-180 W/B FROM PEACH","PEACH AVE",1056.00,W,N,A,-,Y,FRE,,180,,R,61.722,H,,L,N,4,0,1,2,A,-,03,22350,,N,C,C,A,A,H,-,A,D,0,,,,,Y,,D,22,0,0,1,0,0,0,0,0,0,"- ","- ",36.753780364990234,-119.72144317626953,FRESNO,FRESNO,-119.72145080566406,36.753555297851562
91770745,2022,2022-05-12,9435,2022-05-05,1550,018914,,4,2,7,1005,0,1,3,,2,181,"STATE ROUTE 180 E/B","FRESNO STREET",700.00,W,N,A,-,Y,FRE,,180,,R,58.231,H,,R,N,4,0,1,2,A,-,03,22350,,N,C,C,A,A,H,-,A,D,0,,,,,Y,,D,22,0,0,1,0,0,0,0,0,0,"- ","- ",36.753108978271484,-119.78399658203125,FRESNO,FRESNO,-119.78401184082031,36.753143310546875
91770852,2022,2022-05-12,9435,2022-05-06,1320,020429,,5,1,9,1000,0,1,3,,2,184,"STATE ROUTE 180","ALTA AVENUE",1300.00,W,N,A,-,Y,FRE,,180,,,80.868,H,,R,Y,4,0,1,1,A,-,08,22107,,N,F,A,A,A,H,-,A,D,0,,,,,Y,,A,07,0,0,1,0,0,0,0,0,0,"- ","- ",36.719650268554688,-119.39810943603516,FRESNO,UNINCORPORATED,-119.39815521240234,36.719715118408203
91770925,2022,2022-05-12,9435,2022-05-06,1650,021179,,5,2,7,1005,0,3,5,,2,010,SR-180,"BRAWLEY AVENUE",0.00,,Y,A,-,Y,FRE,,180,,,53.599,H,,R,Y,3,0,1,2,A,-,01,23152,A,N,C,C,A,A,H,-,A,A,0,,,,,Y,Y,A,01,0,1,0,0,0,0,0,0,0,"- ","- ",36.735519409179688,-119.86239624023438,FRESNO,FRESNO,-119.86240386962891,36.735446929931641
91770962,2022,2022-05-12,9435,2022-05-06,1555,019926,,5,2,7,1005,0,1,3,,2,181,"SR-180 W/B","FULTON ST",50.00,E,N,A,-,Y,FRE,,180,,R,57.277,H,,L,Y,4,0,4,4,A,-,03,22350,,N,C,C,A,A,H,-,A,D,0,,,,,Y,,E,22,0,0,4,0,0,0,0,0,0,"- ","- ",36.748908996582031,-119.80010986328125,FRESNO,FRESNO,-119.80009460449219,36.748889923095703
91771560,2022,2022-05-13,9435,2022-05-05,2215,021357,,4,3,9,1000,0,1,3,,1,180,"SR-180 W/B","DICKENSON AVE",25.00,E,N,A,-,Y,FRE,,180,,,47.659,H,,L,Y,3,0,1,2,A,-,01,23152,F,N,C,C,A,A,H,-,C,A,0,,,,,Y,,A,01,0,1,0,0,0,0,0,0,0,"- ","- ",36.735038757324219,-119.96980285644531,FRESNO,UNINCORPORATED,-119.96980285644531,36.735054016113281
91772479,2022,2022-05-16,9435,2022-04-15,2020,018914,,5,2,7,1005,0,1,3,,1,183,"STATE ROUTE 180","OLIVER AVENUE",0.00,,Y,A,-,Y,FRE,,180,,R,74.533,H,,R,Y,3,0,2,2,A,-,01,23152,A,N,A,C,A,A,H,-,C,A,0,,,,,Y,Y,A,07,0,1,1,0,0,0,0,0,0,"- ","- ",36.734748840332031,-119.49883270263672,FRESNO,FRESNO,-119.49883270263672,36.7347412109375
91774366,2022,2022-05-17,9435,2022-03-07,1605,020887,,1,2,7,1005,0,1,3,,2,181,"SR-180 W/B","FULTON ST",423.00,W,N,A,-,Y,FRE,,180,,R,57.172,H,,L,N,4,0,2,2,A,-,03,22350,,N,C,C,A,A,H,-,A,D,0,,,,,Y,,-,99,0,0,2,0,0,0,0,0,0,"- ","- ",36.748069763183594,-119.80169677734375,FRESNO,FRESNO,-119.80168151855469,36.748046875
91775707,2022,2022-05-19,9435,2022-05-14,1555,020540,,6,2,9,1000,0,1,3,,2,184,"STATE ROUTE 180","SILVER LANE",3168.00,E,N,A,-,Y,FRE,,180,,,92.494,H,,R,Y,3,0,1,1,A,-,08,22107,,N,E,I,A,A,H,-,A,D,0,,,,,Y,,-,"- ",0,1,0,0,0,0,0,0,0,"- ","- ",36.754928588867188,-119.20783233642578,FRESNO,UNINCORPORATED,-119.20784759521484,36.754867553710938
91776910,2022,2022-05-20,9435,2022-05-14,1415,021299,,6,2,7,1005,0,1,3,,2,181,"SR-180 W/B","H ST",400.00,W,N,A,-,Y,FRE,,180,,R,56.773,H,,L,Y,4,0,1,3,A,-,03,22350,,N,C,C,A,A,H,-,A,D,0,,,,,Y,,D,22,0,0,1,0,0,0,0,0,0,"- ","- ",36.744709014892578,-119.80780029296875,FRESNO,FRESNO,-119.807861328125,36.744781494140625
91777886,2022,2022-05-23,9435,2022-05-15,2108,021230,,7,2,9,1000,0,3,5,,2,010,"STATE ROUTE 180","SHASTA AVENUE",10.00,W,N,A,-,Y,FRE,,180,,,40.104,H,,R,Y,2,0,3,2,A,-,08,22107,,N,D,C,A,A,H,-,D,D,0,,,,Y,Y,,A,01,3,0,0,0,0,0,0,0,0,"- ","- ",36.734748840332031,-120.10552215576172,FRESNO,UNINCORPORATED,-120.10552215576172,36.734718322753906
91777892,2022,2022-05-23,9435,2022-05-16,1449,019113,,1,2,9,1000,0,1,3,,2,181,"STATE ROUTE 180 WESTBOUND","G STREET",180.00,W,N,A,-,Y,FRE,,180,,R,56.637,H,,L,N,4,0,2,4,A,-,03,22350,,N,C,C,A,A,H,-,A,D,0,,,,,Y,,A,01,0,0,2,0,0,0,0,0,0,"- ","- ",36.743629455566406,-119.80986785888672,FRESNO,UNINCORPORATED,-119.80990600585938,36.743679046630859
91777969,2022,2022-05-23,9435,2022-05-17,0541,020122,,2,3,9,1000,0,1,3,,1,180,"STATE ROUTE 180 WESTBOUND","GRANTLAND AVENUE",0.00,,Y,A,-,Y,FRE,,180,,,50.598,H,,L,Y,2,0,1,2,A,-,09,21802,A,N,D,C,A,A,H,-,A,A,0,,,Y,,Y,,D,22,1,0,0,0,0,0,0,0,1,"- ","- ",36.735328674316406,-119.91663360595703,FRESNO,UNINCORPORATED,-119.91663360595703,36.735359191894531
91781221,2022,2022-05-26,9435,2022-05-20,1600,021402,,5,2,9,1000,0,1,3,,1,180,SR-180,"JAMES ROAD",0.00,,Y,A,-,Y,FRE,,180,,,34.590,H,,R,Y,4,0,3,2,A,-,09,21801,A,N,D,C,A,A,H,-,A,D,0,,,,,Y,,A,07,0,0,3,0,0,0,0,0,0,"- ","- ",36.734550476074219,-120.20513153076172,FRESNO,UNINCORPORATED,-120.20513153076172,36.734535217285156
91785180,2022,2022-05-31,9435,2022-05-21,2100,021357,,6,2,7,1005,0,1,3,,2,182,"SR-180 E/B","CHESTNUT AVE",970.00,E,N,A,-,Y,FRE,,180,,R,61.094,H,,R,Y,2,0,1,1,A,-,08,22107,,F,F,A,A,A,H,-,A,D,0,,,Y,,Y,,C,02,1,0,0,0,0,0,0,0,1,"- ","- ",36.753791809082031,-119.73275756835938,FRESNO,FRESNO,-119.73271942138672,36.753940582275391
91786223,2022,2022-06-01,9435,2022-05-27,1128,015106,,5,1,7,1005,0,1,3,,2,182,"SR-180 EASTBOUND","MAPLE AVE. U/C",240.00,E,N,A,-,Y,FRE,,180,,R,60.422,H,,R,N,3,0,1,1,A,-,08,22107,,N,E,I,A,A,H,-,A,D,0,,,Y,,Y,,C,02,0,1,0,0,0,0,0,0,1,"- ","- ",36.754848480224609,-119.74468994140625,FRESNO,FRESNO,-119.74468994140625,36.754871368408203
91787188,2022,2022-06-02,9435,2022-05-22,0120,021357,,7,3,7,1005,0,1,3,,2,182,"SR-180 E/B","FOWLER AVE",1180.00,E,N,A,-,Y,FRE,,180,,R,64.159,H,,R,Y,2,0,2,1,A,-,01,23152,A,N,E,I,A,A,H,-,A,D,0,,,,,Y,Y,A,01,1,0,1,0,0,0,0,0,0,"- ","- ",36.751579284667969,-119.67797088623047,FRESNO,FRESNO,-119.67793273925781,36.751632690429688
91787656,2022,2022-06-03,9435,2022-05-29,0920,017518,,7,1,9,1000,0,1,3,,1,430,"STATE ROUTE 180 E/B","BETHEL AVENUE",0.00,,Y,A,-,Y,FRE,,180,,R,70.342,H,,R,Y,4,0,1,2,A,-,12,21453,A,N,D,C,A,A,H,-,A,A,0,,,,,Y,,D,22,0,0,1,0,0,0,0,0,0,"- ","- ",36.736030578613281,-119.57418823242188,FRESNO,UNINCORPORATED,-119.57418823242188,36.735908508300781
91787722,2022,2022-06-03,9435,2022-05-31,0410,021357,,2,3,7,1005,0,1,3,,2,182,"SR-180 W/B","MAPLE AVE",1435.00,W,N,A,-,Y,FRE,,180,,R,60.083,H,,L,Y,4,0,1,1,A,-,01,23152,A,N,E,I,A,A,H,-,D,D,0,,,,,Y,Y,A,01,0,0,1,0,0,0,0,0,0,"- ","- ",36.755008697509766,-119.75047302246094,FRESNO,FRESNO,-119.75047302246094,36.755138397216797
91788631,2022,2022-06-06,9435,2022-05-31,1140,020540,,2,1,9,1000,0,1,3,,2,184,"STATE ROUTE 180","3000' ELEVATION",6864.00,W,N,A,-,Y,FRE,,180,,,98.134,H,,R,Y,2,0,1,1,A,-,08,22107,,N,F,A,A,A,H,-,A,D,0,,,,,Y,,A,07,1,0,0,0,0,0,0,0,0,"- ","- ",36.758319854736328,-119.12196350097656,FRESNO,UNINCORPORATED,-119.12196350097656,36.75836181640625
91788698,2022,2022-06-06,9435,2022-05-21,1245,018926,,6,1,9,1000,0,1,3,,1,180,"STATE ROUTE 180","SAN BENITO AVENUE",4488.00,E,N,A,-,Y,FRE,,180,,,26.792,H,,R,Y,4,0,1,2,A,-,08,22107,,N,B,C,A,A,H,-,A,D,0,,,,,Y,,A,07,0,0,1,0,0,0,0,0,0,"- ","- ",36.732620239257812,-120.34584045410156,FRESNO,UNINCORPORATED,-120.34583282470703,36.732582092285156
91790027,2022,2022-06-07,9435,2022-06-03,1853,020540,,5,2,9,1000,0,1,3,,2,184,"STATE ROUTE 180","FRIANT KERN CANAL",3168.00,E,N,A,-,Y,FRE,,180,,,80.047,H,,R,Y,4,0,1,1,A,-,08,22107,,N,E,I,A,A,H,-,A,D,0,,,,,Y,,A,07,0,0,1,0,0,0,0,0,0,"- ","- ",36.713871002197266,-119.41139221191406,FRESNO,UNINCORPORATED,-119.41139221191406,36.713882446289062
91793017,2022,2022-06-10,9435,2022-03-26,2040,020824,,6,2,7,1005,0,1,3,,2,181,"STATE ROUTE 180 WESTBOUND","CEDAR AVENUE",815.00,W,N,A,-,Y,FRE,,180,,R,59.710,H,,L,N,1,1,0,3,A,-,00,21960,A,F,G,B,D,A,H,-,D,D,0,Y,,,,Y,,N,60,0,0,0,1,0,0,0,0,0,"- ","- ",36.755081176757812,-119.75750732421875,FRESNO,FRESNO,-119.75750732421875,36.755153656005859
91796826,2022,2022-06-16,9435,2022-06-13,0850,017518,,1,1,7,1005,0,1,3,,2,182,"STATE ROUTE 180 W/B FROM PEACH AVENUE","PEACH AVENUE",830.00,W,N,A,-,Y,FRE,,180,,R,61.725,H,,L,Y,4,0,2,2,A,-,03,22350,,N,C,C,A,A,H,-,A,A,0,,,,,Y,,D,22,0,0,2,0,0,0,0,0,0,"- ","- ",36.753791809082031,-119.72138977050781,FRESNO,FRESNO,-119.72140502929688,36.753551483154297
91797878,2022,2022-06-17,9435,2022-06-10,1630,021594,,5,2,7,1005,0,1,3,,2,181,"SR-180 E/B","SR-99 N/B",2640.00,E,N,A,-,Y,FRE,,180,,R,56.673,H,,R,N,4,0,2,2,A,-,03,22350,,N,C,C,A,A,H,-,A,A,0,,,,,Y,,A,08,0,0,2,0,0,0,0,0,0,"- ","- ",36.743740081787109,-119.80893707275391,FRESNO,FRESNO,-119.80901336669922,36.743827819824219
91799702,2022,2022-06-21,9435,2022-06-14,1800,016507,,2,2,9,1000,0,1,3,,2,184,"STATE ROUTE 180","REED AVE",50.00,W,N,A,-,Y,FRE,,180,,M,77.083,H,,R,N,4,0,1,2,A,-,03,22350,,N,C,C,A,A,H,-,A,A,0,,,,,Y,,D,22,0,0,1,0,0,0,0,0,0,"- ","- ",36.724449157714844,-119.45554351806641,FRESNO,UNINCORPORATED,-119.45555114746094,36.724437713623047
91799748,2022,2022-06-21,9435,2022-06-11,2120,021165,,6,2,7,1005,0,1,3,,2,181,"STATE ROUTE 180","CHESTNUT AVENUE",1400.00,E,N,A,-,Y,FRE,,180,,R,61.168,H,,L,N,3,0,1,1,A,-,08,22107,,N,F,A,A,A,H,-,D,D,0,,,Y,,Y,,C,02,0,1,0,0,0,0,0,0,1,"- ","- ",36.754138946533203,-119.73142242431641,FRESNO,FRESNO,-119.7314453125,36.754001617431641
91800369,2022,2022-07-05,9435,2022-06-11,2100,018944,,6,2,9,1000,0,1,3,,1,180,"STATE ROUTE 180","LASSEN AVENUE",20.00,E,N,A,-,Y,FRE,,180,,,40.628,H,,R,Y,2,0,3,3,A,-,03,22350,,N,B,C,A,A,H,-,C,D,0,,,,,Y,,A,01,1,2,0,0,0,0,0,0,0,"- ","- ",36.734760284423828,-120.09620666503906,FRESNO,UNINCORPORATED,-120.09620666503906,36.734733581542969
91802109,2022,2022-06-23,9435,2022-06-11,0025,021544,,6,3,7,1005,0,1,3,,1,201,"SR-180 E/B","FIRST ST",500.00,E,N,A,-,Y,FRE,,180,,R,58.972,H,,R,Y,2,0,1,1,A,-,01,23152,A,N,F,A,A,A,H,-,C,D,0,,,,,Y,Y,A,01,1,0,0,0,0,0,0,0,0,"- ","- ",36.754909515380859,-119.77082824707031,FRESNO,FRESNO,-119.77081298828125,36.754783630371094
91803659,2022,2022-06-27,9435,2022-06-19,1221,020019,,7,1,9,1000,0,1,3,,1,180,"STATE ROUTE 180","BISHOP AVENUE",2112.00,W,N,A,-,Y,FRE,,180,,,45.138,H,,R,Y,4,0,2,2,A,-,03,22350,,N,C,C,A,A,H,-,A,D,0,,,,,Y,,A,01,0,0,2,0,0,0,0,0,0,"- ","- ",36.734939575195312,-120.01515197753906,FRESNO,UNINCORPORATED,-120.01515197753906,36.734958648681641
91807112,2022,2022-06-30,9435,2022-06-28,0828,015986,,2,1,7,1005,0,1,3,,2,182,SR180,"CEDAR AVENUE",88.00,W,N,A,-,Y,FRE,,180,,R,59.845,H,,R,Y,2,0,3,1,A,-,08,22107,,N,E,I,A,A,H,-,A,A,0,,,,,Y,,A,01,1,2,0,0,0,0,0,0,0,"- ","- ",36.754978179931641,-119.75505828857422,FRESNO,FRESNO,-119.75505828857422,36.754871368408203
91810209,2022,2022-07-05,9461,2022-06-29,1752,019052,,3,2,9,1000,0,1,3,,1,680,SR-180,"SAN BENITO AVE",528.00,W,N,A,-,Y,FRE,,180,,,25.627,H,,R,Y,2,0,2,1,A,-,01,23152,A,N,F,A,A,A,H,-,A,D,0,,,,,Y,Y,D,22,2,0,0,0,0,0,0,0,0,"- ","- ",36.734958648681641,-120.36258697509766,FRESNO,UNINCORPORATED,-120.36274719238281,36.734916687011719
91811197,2022,2022-07-06,9435,2022-06-25,2030,021594,,6,2,7,1005,0,1,3,,2,181,"SR-180 W/B","BLACKSTONE AVENUE",2640.00,E,N,A,-,Y,FRE,,180,,R,58.203,H,,L,N,4,0,1,2,A,-,07,21658,A,F,B,C,A,A,H,-,A,D,0,,,,,Y,Y,-,99,0,0,1,0,0,0,0,0,0,"- ","- ",36.753318786621094,-119.78450775146484,FRESNO,FRESNO,-119.78450775146484,36.753322601318359
91811525,2022,2022-07-06,9435,2022-07-05,1745,020836,,2,2,9,1000,0,1,3,,1,180,"STATE ROUTE 180 WESTBOUND","BRAWLEY AVENUE",0.00,,Y,A,-,Y,FRE,,180,,R,53.833,H,,L,Y,4,0,1,1,A,-,08,22107,,N,F,0,A,A,H,-,A,D,0,,,,,Y,,A,07,0,0,1,0,0,0,0,0,0,"- ","- ",36.736240386962891,-119.85842132568359,FRESNO,UNINCORPORATED,-119.85838317871094,36.736175537109375
91811986,2022,2022-07-07,9435,2022-06-27,1735,020429,,1,2,9,1000,0,1,3,,2,184,"STATE ROUTE 180","STATE ROUTE 63",5808.00,W,N,A,-,Y,FRE,,180,,,86.546,H,,R,Y,4,0,4,1,A,-,08,22107,,N,F,A,A,A,H,-,A,D,0,,,,,Y,,A,01,0,0,4,0,0,0,0,0,0,"- ","- ",36.723770141601562,-119.30278015136719,FRESNO,UNINCORPORATED,-119.30279541015625,36.723834991455078
91812021,2022,2022-07-07,9435,2022-06-26,2135,021165,,7,2,7,1005,0,1,3,,2,181,"STATE ROUTE 180","ABBY STREET",390.00,W,N,A,-,Y,FRE,,180,,R,57.853,H,,R,Y,4,0,1,3,A,-,03,22350,,M,C,C,A,A,H,-,D,D,0,,,,,Y,,A,07,0,0,1,0,0,0,0,0,0,"- ","- ",36.751819610595703,-119.79061126708984,FRESNO,FRESNO,-119.79061126708984,36.751815795898438
91812101,2022,2022-07-07,9435,2022-06-30,0735,015106,,4,1,9,1000,0,1,3,,1,183,"SR-180 EASTBOUND","RIO VISTA AVE",0.00,,Y,A,-,Y,FRE,,180,,R,75.833,H,,R,Y,3,0,1,2,A,-,09,21801,A,N,D,C,A,A,H,-,A,D,0,,,,,Y,,E,22,0,1,0,0,0,0,0,0,0,"- ","- ",36.732429504394531,-119.47573852539062,FRESNO,UNINCORPORATED,-119.47575378417969,36.732402801513672
91815118,2022,2022-07-12,9435,2022-06-24,0415,021544,,5,3,9,1000,0,1,3,,1,183,"SR-180 E/B","MCCALL AVE",25.00,W,N,A,-,Y,FRE,,180,,R,68.335,H,,R,Y,3,0,1,2,A,-,01,23152,A,N,C,C,A,A,H,-,C,A,0,,,,,Y,Y,A,01,0,1,0,0,0,0,0,0,0,"- ","- ",36.735759735107422,-119.61033630371094,FRESNO,UNINCORPORATED,-119.61033630371094,36.735733032226562
91816430,2022,2022-07-13,9435,2022-07-06,2115,021119,,3,2,9,1000,0,1,3,,1,183,"STATE ROUTE 180 WESTBOUND","ACADEMY AVENUE",1650.00,E,N,A,-,Y,FRE,,180,,R,71.656,H,,L,Y,4,0,1,2,A,-,03,22350,,N,C,C,A,A,H,-,D,D,0,,,,,Y,,A,01,0,0,1,0,0,0,0,0,0,"- ","- ",36.736129760742188,-119.55052185058594,FRESNO,UNINCORPORATED,-119.55052185058594,36.736152648925781