CASE_ID,ACCIDENT_YEAR,PROC_DATE,JURIS,COLLISION_DATE,COLLISION_TIME,OFFICER_ID,REPORTING_DISTRICT,DAY_OF_WEEK,CHP_SHIFT,POPULATION,CNTY_CITY_LOC,SPECIAL_COND,BEAT_TYPE,CHP_BEAT_TYPE,CITY_DIVISION_LAPD,CHP_BEAT_CLASS,BEAT_NUMBER,PRIMARY_RD,SECONDARY_RD,DISTANCE,DIRECTION,INTERSECTION,WEATHER_1,WEATHER_2,STATE_HWY_IND,CALTRANS_COUNTY,CALTRANS_DISTRICT,STATE_ROUTE,ROUTE_SUFFIX,POSTMILE_PREFIX,POSTMILE,LOCATION_TYPE,RAMP_INTERSECTION,SIDE_OF_HWY,TOW_AWAY,COLLISION_SEVERITY,NUMBER_KILLED,NUMBER_INJURED,PARTY_COUNT,PRIMARY_COLL_FACTOR,PCF_CODE_OF_VIOL,PCF_VIOL_CATEGORY,PCF_VIOLATION,PCF_VIOL_SUBSECTION,HIT_AND_RUN,TYPE_OF_COLLISION,MVIW,PED_ACTION,ROAD_SURFACE,ROAD_COND_1,ROAD_COND_2,LIGHTING,CONTROL_DEVICE,CHP_ROAD_TYPE,PEDESTRIAN_ACCIDENT,BICYCLE_ACCIDENT,MOTORCYCLE_ACCIDENT,TRUCK_ACCIDENT,NOT_PRIVATE_PROPERTY,ALCOHOL_INVOLVED,STWD_VEHTYPE_AT_FAULT,CHP_VEHTYPE_AT_FAULT,COUNT_SEVERE_INJ,COUNT_VISIBLE_INJ,COUNT_COMPLAINT_PAIN,COUNT_PED_KILLED,COUNT_PED_INJURED,COUNT_BICYCLIST_KILLED,COUNT_BICYCLIST_INJURED,COUNT_MC_KILLED,COUNT_MC_INJURED,PRIMARY_RAMP,SECONDARY_RAMP,LATITUDE,LONGITUDE,COUNTY,CITY,POINT_X,POINT_Y
91818838,2022,2022-07-18,9435,2022-07-11,0636,020078,,1,1,7,1005,0,1,3,,2,181,"SR-180 W/B FROM PEACH AVENUE","PEACH AVENUE",792.00,W,N,A,-,Y,FRE,,180,,R,61.733,H,,L,Y,4,0,2,2,A,-,03,22350,,N,C,C,A,A,H,-,A,A,0,,,,,Y,,A,01,0,0,2,0,0,0,0,0,0,"- ","- ",36.753761291503906,-119.72125244140625,FRESNO,FRESNO,-119.72126007080078,36.753547668457031
91822556,2022,2022-07-21,9435,2022-07-15,0650,019603,,5,1,9,1000,0,1,3,,1,180,"STATE ROUTE 180","MODOC AVENUE",0.00,,Y,A,-,Y,FRE,,180,,,41.132,H,,R,N,4,0,1,2,A,-,03,22350,,N,C,C,A,A,H,-,A,D,0,,,,,Y,,A,01,0,0,1,0,0,0,0,0,0,"- ","- ",36.734748840332031,-120.08727264404297,FRESNO,UNINCORPORATED,-120.08727264404297,36.7347412109375
91826111,2022,2022-07-27,9435,2022-07-24,1313,020078,,7,1,9,1000,0,1,3,,1,180,SR-180,"SAN BENITO AVE",5280.00,E,N,A,-,Y,FRE,,180,,,27.056,H,,R,N,4,0,2,2,A,-,09,21804,A,M,D,C,A,A,H,-,A,A,0,,,,,Y,,D,22,0,0,2,0,0,0,0,0,0,"- ","- ",36.732929229736328,-120.34107971191406,FRESNO,UNINCORPORATED,-120.34107971191406,36.732955932617188
91826318,2022,2022-07-27,9435,2022-03-19,2233,021402,,6,3,9,1000,0,1,3,,1,180,"STATE ROUTE 180 WESTBOUND","JAMES ROAD",992.00,E,N,A,-,Y,FRE,,180,,,34.786,H,,L,Y,1,1,1,2,A,-,11,21954,A,N,G,B,E,A,H,-,D,D,0,Y,,,,Y,,N,60,0,1,0,1,0,0,0,0,0,"- ","- ",36.734638214111328,-120.20163726806641,FRESNO,UNINCORPORATED,-120.20163726806641,36.734588623046875
91826320,2022,2022-07-27,9435,2022-04-15,2020,020942,,5,2,9,1000,0,1,3,,1,180,"STATE ROUTE 180","FLOYD AVENUE",1742.00,E,N,A,-,Y,FRE,,180,,,46.751,H,,R,Y,1,1,1,2,A,-,08,22107,,N,D,C,A,A,H,-,D,D,0,,,,,Y,,-,"- ",0,1,0,0,0,0,0,0,0,"- ","- ",36.734989166259766,-119.98545837402344,FRESNO,UNINCORPORATED,-119.98545837402344,36.734981536865234
91831046,2022,2022-08-02,9435,2022-07-28,1310,017310,,4,1,7,1005,0,1,3,,2,181,"SR 180 WB","BLACKSTONE AVE",1056.00,E,N,A,-,Y,FRE,,180,,R,58.026,H,,L,N,3,0,2,2,A,-,03,22350,,N,C,C,A,A,H,-,A,D,0,,,,,Y,,A,01,0,1,1,0,0,0,0,0,0,"- ","- ",36.752750396728516,-119.78759765625,FRESNO,FRESNO,-119.78759002685547,36.752727508544922
91832036,2022,2022-08-03,9435,2022-07-30,1420,021402,,6,2,9,1000,0,1,3,,1,183,"STATE ROUTE 180 WESTBOUND","BETHEL AVENUE",70.00,E,N,A,-,Y,FRE,,180,,R,70.364,H,,L,N,4,0,1,2,A,-,03,22350,,M,C,C,A,A,H,-,A,A,0,,,,,Y,,-,99,0,0,1,0,0,0,0,0,0,"- ","- ",36.736171722412109,-119.57379913330078,FRESNO,UNINCORPORATED,-119.57379913330078,36.736171722412109
91832589,2021,2022-08-03,9435,2021-11-27,0245,021402,,6,3,7,1005,0,1,3,,2,181,"STATE ROUTE 180 EASTBOUND","CEDAR AVENUE",2340.00,W,N,A,-,Y,,,180,,,,,,E,Y,1,1,0,2,A,-,07,21658,A,F,G,B,E,A,H,-,C,D,0,Y,,,,Y,Y,N,60,0,0,0,1,0,0,0,0,0,"- ","- ",36.754909515380859,-119.76332092285156,FRESNO,FRESNO,-119.76332092285156,36.754863739013672
91837520,2022,2022-08-10,9435,2022-08-02,1048,018926,,2,1,9,1000,0,1,3,,1,180,"STATE ROUTE 180","JAMES ROAD",0.00,,Y,A,-,Y,FRE,,180,,,34.593,H,,R,Y,2,0,1,2,A,-,09,21802,A,N,D,C,A,A,H,-,A,D,0,,,,Y,Y,,G,27,1,0,0,0,0,0,0,0,0,"- ","- ",36.734539031982422,-120.205078125,FRESNO,UNINCORPORATED,-120.205078125,36.734535217285156
91841286,2022,2022-08-16,9435,2022-08-08,1124,015986,,1,1,7,1005,0,1,3,,2,181,SR180,"G STREET",528.00,W,N,A,-,Y,FRE,,180,,R,56.572,H,,L,Y,2,0,1,1,A,-,03,22350,,N,F,A,A,A,H,-,A,D,0,,,Y,,Y,,C,02,1,0,0,0,0,0,0,0,1,"- ","- ",36.743198394775391,-119.8109130859375,FRESNO,FRESNO,-119.81087493896484,36.743160247802734
91844503,2022,2022-08-19,9435,2022-08-15,0500,021402,,1,3,9,1000,0,1,3,,1,180,"SR-180 E/B","POLK AVENUE",230.00,W,N,A,-,Y,FRE,,180,,,52.037,H,,R,Y,4,0,1,2,A,-,03,22350,,N,C,C,A,A,H,-,D,D,0,,,,Y,Y,,A,01,0,0,1,0,0,0,0,0,0,"- ","- ",36.735408782958984,-119.89054870605469,FRESNO,UNINCORPORATED,-119.89054870605469,36.735450744628906
91847405,2022,2022-09-12,9435,2022-08-12,1500,020887,,5,2,7,1005,0,1,3,,2,181,"SR-180 EB TO CHESTNUT","MAPLE AVE",792.00,W,N,A,-,Y,FRE,,180,,R,60.178,H,,R,N,3,0,1,2,A,-,07,21658,A,N,C,C,A,A,H,-,A,D,0,,,Y,,Y,,C,02,0,1,0,0,0,0,0,0,1,"- ","- ",36.754741668701172,-119.74916839599609,FRESNO,FRESNO,-119.74916839599609,36.754878997802734
91847586,2022,2022-08-24,9435,2022-08-15,1505,020319,,1,2,9,1000,0,1,3,,1,180,SR-180,"HAYES AVE",0.00,,Y,A,-,Y,FRE,,180,,,51.590,H,,R,Y,2,0,3,2,A,-,09,21802,A,N,D,C,A,A,H,-,A,A,0,,,,,Y,,A,01,2,1,0,0,0,0,0,0,0,"- ","- ",36.735439300537109,-119.89877319335938,FRESNO,UNINCORPORATED,-119.89877319335938,36.735374450683594
91847616,2022,2022-08-24,9435,2022-08-15,1718,020319,,1,2,9,1000,0,3,5,,2,010,SR-180,"HAYES AVE",0.00,,Y,A,-,Y,FRE,,180,,,51.590,H,,R,Y,2,0,2,2,A,-,09,21802,A,N,D,C,A,A,H,-,A,A,0,,,,,Y,,A,01,1,1,0,0,0,0,0,0,0,"- ","- ",36.735408782958984,-119.89877319335938,FRESNO,UNINCORPORATED,-119.89877319335938,36.735374450683594
91853003,2022,2022-08-30,9435,2022-08-23,1825,018914,,2,2,7,1005,0,1,3,,2,181,"SR-180 E/B","FRESNO STREET",535.00,E,N,A,-,Y,FRE,,180,,R,58.477,H,,R,N,4,0,1,2,A,-,03,22350,,M,C,C,A,A,H,-,A,D,0,,,,,Y,,-,99,0,0,1,0,0,0,0,0,0,"- ","- ",36.753719329833984,-119.77964019775391,FRESNO,FRESNO,-119.77964782714844,36.753749847412109
91853019,2022,2022-08-30,9435,2022-08-23,1710,018914,,2,2,7,1005,0,1,3,,2,181,"EB SR-180","FRESNO STREET",125.00,W,N,A,-,Y,FRE,,180,,R,58.342,H,,R,N,4,0,1,2,A,-,03,22350,,N,C,C,A,A,H,-,A,D,0,,,,,Y,,D,22,0,0,1,0,0,0,0,0,0,"- ","- ",36.753398895263672,-119.78204345703125,FRESNO,FRESNO,-119.78205108642578,36.753440856933594
91854143,2022,2022-08-31,9435,2022-08-24,0710,016507,,3,1,9,1000,0,1,3,,2,184,"STATE ROUTE 180","COVE AVE",0.00,,Y,A,-,Y,FRE,,180,,,83.815,H,,R,N,4,0,1,2,A,-,09,21802,A,N,D,C,A,A,H,-,A,A,0,,,,,Y,,A,01,0,0,1,0,0,0,0,0,0,"- ","- ",36.715320587158203,-119.34899139404297,FRESNO,UNINCORPORATED,-119.34899139404297,36.715335845947266
91855368,2022,2022-09-01,9435,2022-08-25,0705,015095,,4,1,7,1005,0,1,3,,2,181,"SR-180 WESTBOUND (TO SR-41 SOUTHBOUND)","FIRST STREET",850.00,E,N,A,-,Y,FRE,,180,,R,59.041,H,,L,Y,3,0,1,2,A,-,03,22350,,N,C,C,A,A,H,-,A,D,0,,,,,Y,,A,07,0,1,0,0,0,0,0,0,0,"- ","- ",36.75537109375,-119.76957702636719,FRESNO,FRESNO,-119.76957702636719,36.755107879638672
91856981,2022,2022-09-05,9435,2022-08-24,0850,017310,,3,1,7,1005,0,1,3,,2,181,"SR 180 W/B","WILLOW AVENUE",290.00,W,N,A,-,Y,FRE,,180,,R,61.337,H,,L,N,2,0,2,4,A,-,03,22350,,N,C,C,A,A,H,-,A,D,0,,,,,Y,,-,"- ",1,0,1,0,0,0,0,0,0,"- ","- ",36.753810882568359,-119.72840118408203,FRESNO,FRESNO,-119.72840118408203,36.753765106201172
91857371,2022,2022-09-05,9435,2022-09-01,0730,015106,,4,1,9,1000,0,1,3,,1,183,"SR-180 WESTBOUND","MCCALL AVE",2040.00,E,N,A,-,Y,FRE,,180,,R,68.743,H,,L,N,4,0,2,2,A,-,03,22350,,N,C,C,A,A,H,-,A,D,0,,,,,Y,,A,01,0,0,2,0,0,0,0,0,0,"- ","- ",36.735988616943359,-119.60298919677734,FRESNO,UNINCORPORATED,-119.60298919677734,36.736007690429688
91858866,2022,2022-09-07,9435,2022-09-04,1845,021179,,7,2,7,1005,0,3,5,,2,010,"SR-180 E/B","TRINITY AVENUE",10.00,W,N,A,-,Y,FRE,,180,,,39.609,H,,R,Y,4,0,1,2,A,-,03,22350,,N,C,C,A,A,H,-,A,D,0,,,,,Y,,A,01,0,0,1,0,0,0,0,0,0,"- ","- ",36.734699249267578,-120.11451721191406,FRESNO,FRESNO,-120.11451721191406,36.734714508056641
91859106,2022,2022-09-07,9435,2022-08-30,1635,021135,,2,2,7,1005,0,1,3,,2,181,"STATE ROTUE 180","FIRST STREET",200.00,E,N,A,-,Y,FRE,,180,,R,58.922,H,,R,N,4,0,1,3,A,-,03,22350,,M,C,C,A,A,H,-,A,D,0,,,,,Y,,-,99,0,0,1,0,0,0,0,0,0,"- ","- ",36.754680633544922,-119.77171325683594,FRESNO,FRESNO,-119.77171325683594,36.754692077636719
91862267,2022,2022-09-12,9435,2022-09-02,1425,021312,,5,2,9,1000,0,1,3,,2,181,"SR-180 W/B","G STREET",170.00,E,N,A,-,Y,FRE,,180,,R,56.729,H,,L,Y,4,0,3,4,A,-,03,22350,,N,C,C,A,A,H,-,A,D,0,,,,,Y,,D,22,0,0,3,0,0,0,0,0,0,"- ","- ",36.744449615478516,-119.80857086181641,FRESNO,UNINCORPORATED,-119.80854034423828,36.744415283203125
91863691,2022,2022-09-13,9461,2022-09-10,1645,021536,,6,2,9,1000,0,1,3,,1,680,"SR-180 E/B","BELMONTE AVE",1647.00,E,N,A,-,Y,FRE,,180,,,24.917,H,,R,Y,4,0,1,1,A,-,01,23152,A,N,F,A,A,A,H,-,A,D,0,,,,,Y,Y,A,01,0,0,1,0,0,0,0,0,0,"- ","- ",36.744258880615234,-120.36736297607422,FRESNO,UNINCORPORATED,-120.36733245849609,36.744281768798828
91864256,2022,2022-09-14,9435,2022-09-03,0158,021589,,6,3,9,1000,0,1,3,,2,181,SR-180,"CEDAR AVE",739.00,E,N,A,-,Y,FRE,,180,,R,60.041,H,,R,Y,3,0,2,2,A,-,01,23152,A,N,C,C,A,A,H,-,D,D,0,,,,,Y,Y,A,01,0,2,0,0,0,0,0,0,0,"- ","- ",36.754688262939453,-119.75166320800781,FRESNO,UNINCORPORATED,-119.75166320800781,36.754875183105469
91865184,2022,2022-09-15,9435,2022-09-08,1945,018914,,4,2,9,1000,0,1,3,,1,183,"SR-180 W/B","DE WOLF AVENUE",300.00,E,N,A,-,Y,FRE,,180,,R,66.416,H,,L,Y,4,0,1,2,A,-,03,22350,,N,C,C,A,A,H,-,D,D,0,,,,,Y,,D,22,0,0,1,0,0,0,0,0,0,"- ","- ",36.73712158203125,-119.6448974609375,FRESNO,UNINCORPORATED,-119.6448974609375,36.737167358398438
91865265,2022,2022-09-15,9435,2022-09-08,1705,018914,,4,2,7,1005,0,1,3,,2,181,"SR-180 E/B","SR-41 N/B",50.00,E,N,A,-,Y,FRE,,180,,R,58.709,H,,R,Y,4,0,1,3,A,-,08,22107,,N,C,C,A,A,H,-,A,D,0,,,,,Y,,A,07,0,0,1,0,0,0,0,0,0,"- ","- ",36.754219055175781,-119.7755126953125,FRESNO,FRESNO,-119.77552032470703,36.754257202148438
91866795,2022,2022-09-16,9435,2022-09-12,0545,015106,,1,3,7,1005,0,1,3,,1,183,SR-180,"MCCALL AVE",0.00,,Y,A,-,Y,FRE,,180,,R,68.358,H,,R,Y,4,0,2,2,A,-,12,21453,A,N,D,C,A,A,H,-,D,A,0,,,,Y,Y,,A,01,0,0,2,0,0,0,0,0,0,"- ","- ",36.735870361328125,-119.60991668701172,FRESNO,FRESNO,-119.60991668701172,36.735733032226562
91867723,2022,2022-09-19,9435,2022-09-12,0705,018746,,1,1,9,1000,0,1,3,,1,180,SR-180,"LASSEN AVE.",0.00,,Y,A,-,Y,FRE,,180,,,40.623,H,,R,Y,4,0,1,2,A,-,09,21802,A,N,D,C,A,A,H,-,A,A,0,,,,,Y,,D,22,0,0,1,0,0,0,0,0,0,"- ","- ",36.734718322753906,-120.09629821777344,FRESNO,UNINCORPORATED,-120.09629821777344,36.734729766845703
91868230,2022,2022-09-19,9435,2022-09-13,2335,021230,,2,3,7,1005,0,1,3,,2,181,"STATE ROUTE 180 EASTBOUND","MAPLE AVE",870.00,E,N,A,-,Y,FRE,,180,,R,60.553,H,,R,N,4,0,1,2,A,-,03,22350,,N,C,C,A,A,H,-,C,D,0,,,,,Y,,B,01,0,0,1,0,0,0,0,0,0,"- ","- ",36.754840850830078,-119.74233245849609,FRESNO,FRESNO,-119.74233245849609,36.754867553710938
91869756,2022,2022-09-21,9435,2022-09-20,0615,015986,,2,1,9,1000,0,1,3,,1,180,SR180,"BRAWLEY AVENUE",22.00,E,N,A,-,Y,FRE,,180,,R,53.619,H,,R,N,4,0,1,2,A,-,03,22350,,N,C,C,A,A,H,-,C,A,0,,,,,Y,,A,01,0,0,1,0,0,0,0,0,0,"- ","- ",36.735561370849609,-119.862060546875,FRESNO,UNINCORPORATED,-119.862060546875,36.735450744628906
91871894,2022,2022-09-23,9435,2022-09-16,1730,020319,,5,2,7,1005,0,1,3,,2,181,"SR-180 E/B","ABBY ST",1600.00,E,N,A,-,Y,FRE,,180,,R,58.157,H,,R,N,4,0,1,2,A,-,07,21658,A,N,B,C,A,A,H,-,A,D,0,,,,,Y,,D,22,0,0,1,0,0,0,0,0,0,"- ","- ",36.752918243408203,-119.78533172607422,FRESNO,FRESNO,-119.78533172607422,36.752914428710938
91872145,2022,2022-09-23,9435,2022-09-15,1433,018914,,4,2,7,1005,0,1,3,,2,181,"SR-180 E/B","CEDAR AVENUE",150.00,E,N,A,-,Y,FRE,,180,,R,59.904,H,,R,Y,2,0,1,2,A,-,08,22107,,N,B,C,A,A,H,-,A,D,0,,,,,Y,,D,22,1,0,0,0,0,0,0,0,0,"- ","- ",36.754859924316406,-119.7540283203125,FRESNO,FRESNO,-119.7540283203125,36.754871368408203
91872165,2022,2022-09-23,9435,2022-09-15,2215,021247,,4,3,7,1005,0,1,3,,1,180,"STATE ROUTE 180","ROLINDA AVENUE",60.00,E,N,A,-,Y,FRE,,180,,,48.165,H,,R,Y,4,0,1,2,A,-,01,23152,F,N,B,C,A,A,H,-,D,D,0,,,,,Y,,A,01,0,0,1,0,0,0,0,0,0,"- ","- ",36.735050201416016,-119.96063232421875,FRESNO,FRESNO,-119.96063232421875,36.735076904296875
91872258,2022,2022-09-23,9435,2022-09-15,1555,021386,,4,2,7,1005,0,1,3,,2,181,"STATE ROUTE 180 EASTBOUND","STATE ROUTE 41",325.00,W,N,A,-,Y,FRE,,180,,R,58.619,H,,R,Y,4,0,1,4,A,-,07,21658,A,N,B,C,A,A,H,-,A,D,0,,,,,Y,,A,01,0,0,1,0,0,0,0,0,0,"- ","- ",36.754001617431641,-119.777099609375,FRESNO,FRESNO,-119.77711486816406,36.754074096679688
91872334,2022,2022-09-23,9435,2022-09-16,1247,020062,,5,1,9,1000,0,1,3,,1,180,SR180,"FLOYD AVE",5.00,W,N,A,-,Y,FRE,,180,,,46.148,H,,R,Y,4,0,2,2,A,-,06,21751,,N,A,C,A,A,H,-,A,D,0,,,,,Y,,A,01,0,0,2,0,0,0,0,0,0,"- ","- ",36.734981536865234,-119.9970703125,FRESNO,UNINCORPORATED,-119.9970703125,36.734966278076172
91874903,2022,2022-09-27,9435,2022-09-27,0500,020429,,2,3,9,1000,0,3,5,,2,060,"STATE ROUTE 180","CHERRY GAP",8448.00,E,N,A,-,Y,FRE,,180,,,115.099,H,,R,Y,3,0,1,1,A,-,08,22107,,N,F,A,A,A,H,-,D,D,0,,,,,Y,,A,01,0,1,0,0,0,0,0,0,0,"- ","- ",36.798538208007812,-118.95223999023438,FRESNO,UNINCORPORATED,-118.95228576660156,36.798629760742188
91874987,2022,2022-09-27,9435,2022-09-20,1540,021312,,2,2,7,1005,0,1,3,,2,181,"STATE ROUTE 180 WESTBOUND","ABBY STREET",528.00,E,N,A,-,Y,FRE,,180,,R,58.077,H,,L,Y,3,0,1,1,A,-,08,22107,,N,E,I,A,A,H,-,A,D,0,,,,,Y,,A,01,0,1,0,0,0,0,0,0,0,"- ","- ",36.752838134765625,-119.78669738769531,FRESNO,FRESNO,-119.78672027587891,36.752906799316406
91876501,2022,2022-09-29,9435,2022-09-27,1555,021148,,2,2,7,1005,0,1,3,,2,182,"SR-180 EASTBOUND","PEACH AVENUE",0.00,,Y,A,-,Y,FRE,,180,,R,61.858,H,,R,N,3,0,1,1,A,-,03,22350,,N,F,A,A,A,H,-,A,D,0,,,Y,,Y,,C,02,0,1,0,0,0,0,0,0,1,"- ","- ",36.753238677978516,-119.71898651123047,FRESNO,FRESNO,-119.71898651123047,36.75323486328125
91876541,2022,2022-09-29,9435,2022-09-24,1658,021312,,6,2,9,1000,0,1,3,,2,181,"SR-180 W/B","G STREET",180.00,E,N,A,-,Y,FRE,,180,,R,56.729,H,,L,Y,3,0,4,3,A,-,07,21658,A,N,C,C,A,A,H,-,A,D,0,,,,,Y,,A,01,0,3,1,0,0,0,0,0,0,"- ","- ",36.744449615478516,-119.80857086181641,FRESNO,UNINCORPORATED,-119.80854034423828,36.744415283203125
91876618,2022,2022-09-29,9435,2022-09-25,1953,021153,,7,2,7,1005,0,1,3,,2,181,"STATE ROUTE 180 (WESTBOUND)","BLACKSTONE AVENUE",1426.00,E,N,A,-,Y,FRE,,180,,R,58.214,H,,R,Y,2,0,1,1,A,-,03,22350,,N,E,I,A,A,H,-,D,D,0,,,,,Y,,A,01,1,0,0,0,0,0,0,0,0,"- ","- ",36.753261566162109,-119.78437042236328,FRESNO,FRESNO,-119.78432464599609,36.753089904785156
91877156,2022,2022-09-29,9435,2022-09-23,0730,019603,,5,1,9,1000,0,3,5,,2,040,"STATE ROUTE 180","DICKESON AVENUE",925.00,E,N,A,-,Y,FRE,,180,,,47.831,H,,R,Y,4,0,1,3,A,-,03,22350,,N,C,C,A,A,H,-,A,D,0,,,,,Y,,A,07,0,0,1,0,0,0,0,0,0,"- ","- ",36.735069274902344,-119.96669769287109,FRESNO,UNINCORPORATED,-119.96669769287109,36.735042572021484
91878789,2022,2022-09-30,9435,2022-09-24,1625,021402,,6,2,9,1000,0,1,3,,2,181,"SR-180 W/B","BROADWAY STREET",125.00,W,N,A,-,Y,FRE,,180,,R,57.050,H,,L,Y,4,0,1,3,A,-,03,22350,,N,C,C,A,A,H,-,A,D,0,,,,,Y,,-,"- ",0,0,1,0,0,0,0,0,0,"- ","- ",36.74713134765625,-119.80354309082031,FRESNO,UNINCORPORATED,-119.80350494384766,36.747085571289062
91881408,2022,2022-10-04,9435,2022-09-27,2039,020319,,2,2,9,1000,0,1,3,,1,180,SR-180,"CORNELIA AVE",330.00,W,N,A,-,Y,FRE,,180,,,52.525,H,,R,Y,4,0,1,4,A,-,01,23152,A,M,C,C,A,A,H,-,D,D,0,,,,,Y,Y,D,22,0,0,1,0,0,0,0,0,0,"- ","- ",36.735519409179688,-119.88191223144531,FRESNO,UNINCORPORATED,-119.88191223144531,36.735454559326172
91881616,2022,2022-10-04,9435,2022-09-29,0240,018944,,4,3,7,1005,0,1,3,,2,181,"SR41 SB TO SR 180 WB","STATE ROUTE 41 SOUTHBOUND",686.00,W,N,A,-,Y,FRE,,180,,R,58.540,H,,L,Y,2,0,1,1,A,-,03,22350,,N,E,I,A,A,H,-,D,D,0,,,,,Y,,A,01,1,0,0,0,0,0,0,0,0,"- ","- ",36.754058837890625,-119.77850341796875,FRESNO,FRESNO,-119.77852630615234,36.754188537597656
91883144,2022,2022-10-05,9435,2022-10-01,0010,021687,,6,3,9,1000,0,1,3,,2,181,"SR-180 EASTBOUND","CEDAR AVENUE",528.00,W,N,A,-,Y,FRE,,180,,R,59.803,H,,R,Y,4,0,1,2,A,-,03,22350,,N,C,C,A,A,H,-,D,D,0,,,,,Y,,A,01,0,0,1,0,0,0,0,0,0,"- ","- ",36.754871368408203,-119.75582885742188,FRESNO,UNINCORPORATED,-119.75582885742188,36.754871368408203
91886166,2022,2022-10-10,9435,2022-09-30,0005,018944,,5,3,9,1000,0,1,3,,1,180,"STATE ROUTE 180","BLYTHE AVENUE",35.00,W,N,A,-,Y,FRE,,180,,,53.083,H,,R,N,3,0,1,3,A,-,01,23152,A,M,C,C,A,A,H,-,D,D,0,,,,,Y,Y,A,01,0,1,0,0,0,0,0,0,0,"- ","- ",36.735458374023438,-119.87169647216797,FRESNO,UNINCORPORATED,-119.87169647216797,36.735492706298828
91886297,2022,2022-10-10,9435,2022-10-02,0120,021687,,7,3,7,1005,0,1,3,,2,181,"SR-180 EASTBOUND","FIRST STREET",50.00,E,N,A,-,Y,FRE,,180,,R,58.888,H,,R,Y,3,0,1,1,A,-,01,23152,A,N,E,I,A,A,H,-,D,D,0,,,,,Y,Y,D,22,0,1,0,0,0,0,0,0,0,"- ","- ",36.754711151123047,-119.77232360839844,FRESNO,FRESNO,-119.77230834960938,36.754631042480469
91887274,2022,2022-10-11,9435,2022-10-05,1355,021086,,3,1,7,1005,0,1,3,,2,181,"STATE ROUTE 180","BLACKSTONE AVENUE",500.00,W,N,A,-,Y,FRE,,180,,R,57.756,H,,R,Y,3,0,1,1,A,-,08,22107,,N,E,I,A,A,H,-,A,D,0,,,,,Y,,A,01,0,1,0,0,0,0,0,0,0,"- ","- ",36.751590728759766,-119.79234313964844,FRESNO,FRESNO,-119.79229736328125,36.751461029052734
91888611,2022,2022-10-12,9435,2022-09-16,1730,021547,,5,2,7,1005,1,1,3,,2,181,"EASTBOUND SR-180","SOUTHBOUND SR-41 OVERCROSSING",0.00,,Y,A,-,Y,FRE,,180,,R,58.680,H,,R,Y,4,0,2,4,A,-,03,22350,,N,C,C,A,A,H,-,A,D,0,,,,,Y,,A,07,0,0,2,0,0,0,0,0,0,"- ","- ",36.754249572753906,-119.77604675292969,FRESNO,FRESNO,-119.77603912353516,36.754192352294922
91888664,2022,2022-10-12,9435,2022-10-09,1005,015095,,7,1,7,1005,0,1,3,,2,410,"SR-41 N/B (TO SR-180 E/B)","CEDAR AVENUE",2112.00,W,N,A,-,Y,FRE,,180,,R,59.419,H,,R,Y,3,0,1,2,A,-,03,22350,,N,C,C,A,A,H,-,A,D,0,,,,,Y,,A,01,0,1,0,0,0,0,0,0,0,"- ","- ",36.754688262939453,-119.76274871826172,FRESNO,FRESNO,-119.76274871826172,36.754867553710938
91890608,2022,2022-10-14,9435,2022-10-07,0200,020540,,5,3,9,1000,0,1,3,,2,184,"STATE ROUTE 180","MILLWOOD DRIVE",10560.00,W,N,A,-,Y,FRE,,180,,,102.047,H,,R,Y,4,0,1,1,A,-,01,23152,A,N,E,I,A,A,H,-,D,D,0,,,,,Y,Y,A,01,0,0,1,0,0,0,0,0,0,"- ","- ",36.742668151855469,-119.06336975097656,FRESNO,UNINCORPORATED,-119.06340789794922,36.742641448974609
91895319,2022,2022-10-20,9435,2022-10-14,1435,021402,,5,2,7,1005,0,1,3,,2,181,SR-180,"VAN NESS AVENUE",150.00,E,N,A,-,Y,FRE,,180,,R,57.396,H,,L,Y,4,0,1,2,A,-,03,22350,,N,C,C,A,A,H,-,A,D,0,,,,,Y,,A,07,0,0,1,0,0,0,0,0,0,"- ","- ",36.749900817871094,-119.79834747314453,FRESNO,FRESNO,-119.79829406738281,36.749828338623047
91896130,2022,2022-10-21,9435,2022-10-16,1730,016507,,7,2,9,1000,0,1,3,,2,184,"STATE ROUTE 180","MILLWOOD RD",11616.00,W,N,A,-,Y,FRE,,180,,,100.249,H,,R,Y,4,0,1,1,A,-,08,22107,,N,E,I,A,A,H,-,A,D,0,,,,,Y,,A,01,0,0,1,0,0,0,0,0,0,"- ","- ",36.749248504638672,-119.09121704101562,FRESNO,UNINCORPORATED,-119.09127807617188,36.749191284179688