CASE_ID,ACCIDENT_YEAR,PROC_DATE,JURIS,COLLISION_DATE,COLLISION_TIME,OFFICER_ID,REPORTING_DISTRICT,DAY_OF_WEEK,CHP_SHIFT,POPULATION,CNTY_CITY_LOC,SPECIAL_COND,BEAT_TYPE,CHP_BEAT_TYPE,CITY_DIVISION_LAPD,CHP_BEAT_CLASS,BEAT_NUMBER,PRIMARY_RD,SECONDARY_RD,DISTANCE,DIRECTION,INTERSECTION,WEATHER_1,WEATHER_2,STATE_HWY_IND,CALTRANS_COUNTY,CALTRANS_DISTRICT,STATE_ROUTE,ROUTE_SUFFIX,POSTMILE_PREFIX,POSTMILE,LOCATION_TYPE,RAMP_INTERSECTION,SIDE_OF_HWY,TOW_AWAY,COLLISION_SEVERITY,NUMBER_KILLED,NUMBER_INJURED,PARTY_COUNT,PRIMARY_COLL_FACTOR,PCF_CODE_OF_VIOL,PCF_VIOL_CATEGORY,PCF_VIOLATION,PCF_VIOL_SUBSECTION,HIT_AND_RUN,TYPE_OF_COLLISION,MVIW,PED_ACTION,ROAD_SURFACE,ROAD_COND_1,ROAD_COND_2,LIGHTING,CONTROL_DEVICE,CHP_ROAD_TYPE,PEDESTRIAN_ACCIDENT,BICYCLE_ACCIDENT,MOTORCYCLE_ACCIDENT,TRUCK_ACCIDENT,NOT_PRIVATE_PROPERTY,ALCOHOL_INVOLVED,STWD_VEHTYPE_AT_FAULT,CHP_VEHTYPE_AT_FAULT,COUNT_SEVERE_INJ,COUNT_VISIBLE_INJ,COUNT_COMPLAINT_PAIN,COUNT_PED_KILLED,COUNT_PED_INJURED,COUNT_BICYCLIST_KILLED,COUNT_BICYCLIST_INJURED,COUNT_MC_KILLED,COUNT_MC_INJURED,PRIMARY_RAMP,SECONDARY_RAMP,LATITUDE,LONGITUDE,COUNTY,CITY,POINT_X,POINT_Y
91896301,2022,2022-10-21,9435,2022-10-15,0635,017310,,6,1,7,1005,0,1,3,,2,181,"RT 180","G STREET",1056.00,W,N,A,-,Y,FRE,,180,,R,56.446,H,,L,N,4,0,1,1,A,-,08,22107,,N,E,C,A,A,H,-,D,D,0,,,,,Y,,D,22,0,0,1,0,0,0,0,0,0,"- ","- ",36.742210388183594,-119.81279754638672,FRESNO,FRESNO,-119.81275177001953,36.742149353027344
91896508,2022,2022-10-21,9435,2022-10-13,0135,018944,,4,3,7,1005,0,1,3,,2,181,"STATE ROUTE 180 WESTBOUND","BLACKSTONE AVENUE",686.00,W,N,A,-,Y,FRE,,180,,R,57.720,H,,L,Y,3,0,1,1,A,-,01,23152,A,N,E,I,A,A,H,-,C,D,0,,,,,Y,Y,A,07,0,1,0,0,0,0,0,0,0,"- ","- ",36.751499176025391,-119.79289245605469,FRESNO,FRESNO,-119.79293060302734,36.751613616943359
91896537,2022,2022-10-21,9435,2022-10-14,1535,021402,,5,2,7,1005,0,1,3,,2,181,SR-180,"FULTON STREET",10.00,W,N,A,-,Y,FRE,,180,,R,57.218,H,,L,N,3,0,4,4,A,-,03,22350,,N,C,C,A,A,H,-,A,D,0,,,,,Y,,A,01,0,1,3,0,0,0,0,0,0,"- ","- ",36.748439788818359,-119.80101013183594,FRESNO,FRESNO,-119.80098724365234,36.748416900634766
91897573,2022,2022-10-24,9435,2022-10-13,1755,020836,,4,2,7,1005,0,1,3,,2,181,"STATE ROUTE 180 WESTBOUND","H STREET",200.00,E,N,A,-,Y,FRE,,180,,R,56.965,H,,L,Y,3,0,2,4,A,-,03,22350,,N,C,C,A,A,H,-,A,D,0,,,,,Y,,A,01,0,2,0,0,0,0,0,0,0,"- ","- ",36.746410369873047,-119.80484771728516,FRESNO,FRESNO,-119.80482482910156,36.746383666992188
91900294,2022,2022-10-26,9435,2022-10-20,1630,019926,,4,2,7,1005,0,1,3,,2,181,"SR-180 W/B","G ST",150.00,E,N,A,-,Y,FRE,,180,,R,56.725,H,,L,N,4,0,1,3,A,-,03,22350,,N,C,C,A,A,H,-,A,A,0,,,,,Y,,D,22,0,0,1,0,0,0,0,0,0,"- ","- ",36.744419097900391,-119.80863189697266,FRESNO,FRESNO,-119.80860137939453,36.744380950927734
91901372,2022,2022-10-27,9435,2022-05-01,1655,020836,,7,2,7,1005,0,1,3,,2,181,"STATE ROUTE 180 EASTBOUND","ABBY STREET",875.00,E,N,A,-,Y,FRE,,180,,R,58.141,H,,R,Y,1,1,0,1,A,-,08,22107,,N,E,I,A,A,H,-,A,D,0,,,,,Y,,A,07,0,0,0,0,0,0,0,0,0,"- ","- ",36.752971649169922,-119.78562927246094,FRESNO,FRESNO,-119.78559875488281,36.752864837646484
91913751,2022,2022-11-09,9435,2022-10-29,2015,016507,,6,2,9,1000,0,1,3,,2,184,"STATE ROUTE 180","COVE AVE",5.00,W,N,A,-,Y,FRE,,180,,,83.809,H,,R,Y,3,0,1,2,A,-,01,23152,A,N,D,C,A,A,H,-,D,A,0,,,,,Y,Y,A,01,0,1,0,0,0,0,0,0,0,"- ","- ",36.715320587158203,-119.34909820556641,FRESNO,UNINCORPORATED,-119.34909820556641,36.715335845947266
91914034,2022,2022-12-12,9435,2022-11-02,1455,021086,,3,2,7,1005,0,1,3,,1,168,"SR-168 W/B TO SR-41 S/B","FIRST STREET",1320.00,E,N,A,-,Y,FRE,,180,,R,59.145,H,,L,Y,3,0,2,2,A,-,06,21750,A,N,B,C,A,A,H,-,A,D,0,,,,,Y,,A,01,0,1,1,0,0,0,0,0,0,"- ","- ",36.755241394042969,-119.7677001953125,FRESNO,FRESNO,-119.7677001953125,36.755134582519531
91917239,2022,2022-11-14,9435,2022-11-02,0544,015986,,3,3,7,1005,0,1,3,,1,180,"STATE ROUTE 180 WESTBOUND","BRAWLEY AVENUE",10.00,E,N,A,-,Y,FRE,,180,,R,53.611,H,,L,N,2,0,3,2,A,-,08,22100,A,N,D,C,A,A,H,-,C,A,0,,,,,Y,,A,01,1,1,1,0,0,0,0,0,0,"- ","- ",36.735591888427734,-119.86216735839844,FRESNO,FRESNO,-119.86216735839844,36.735565185546875
91917264,2022,2022-11-14,9435,2022-11-05,1503,020060,,6,2,7,1005,0,1,3,,2,181,"STATE ROUTE 180 W/B","CEDAR AVENUE",3000.00,W,N,A,-,Y,FRE,,180,,R,59.309,H,,L,Y,4,0,4,2,A,-,03,22350,,F,C,2,A,A,H,-,A,D,0,,,,,Y,,A,01,0,0,4,0,0,0,0,0,0,"- ","- ",36.755180358886719,-119.76474761962891,FRESNO,FRESNO,-119.76474761962891,36.755149841308594
91919050,2022,2022-11-16,9435,2022-11-07,1025,018926,,1,1,7,1005,0,1,3,,2,181,"STATE ROUTE 180","ABBY STREET",680.00,E,N,B,C,Y,FRE,,180,,R,58.098,H,,R,Y,4,0,1,2,A,-,03,22350,,N,D,C,A,B,H,-,A,D,0,,,,,Y,,D,22,0,0,1,0,0,0,0,0,0,"- ","- ",36.752750396728516,-119.78636932373047,FRESNO,FRESNO,-119.78636169433594,36.752716064453125
91919071,2022,2022-11-16,9435,2022-11-11,1235,020122,,5,1,7,1005,0,1,3,,2,181,"WESTBOUND STATE ROUTE 180","H STREET",213.00,W,N,A,-,Y,FRE,,180,,R,56.793,H,,L,N,4,0,1,2,A,-,03,22350,,N,C,C,A,A,H,-,A,D,0,,,,,Y,,A,07,0,0,1,0,0,0,0,0,0,"- ","- ",36.744968414306641,-119.80754852294922,FRESNO,FRESNO,-119.80753326416016,36.744949340820312
91921252,2022,2022-11-18,9435,2022-11-11,1405,020942,,5,2,9,1000,0,1,3,,1,180,"STATE ROUTE 180","BLYTHE AVENUE",1056.00,W,N,A,-,Y,FRE,,180,,,52.892,H,,R,Y,3,0,3,2,A,-,03,22350,,N,C,C,A,A,H,-,A,D,0,,,,,Y,,A,01,0,2,1,0,0,0,0,0,0,"- ","- ",36.735458374023438,-119.87522125244141,FRESNO,UNINCORPORATED,-119.87522125244141,36.735492706298828
91925261,2022,2022-11-23,9435,2022-11-11,1555,021606,,5,2,7,1005,0,1,3,,2,181,"STATE ROUTE 180","BROADWAY ST.",120.00,W,N,A,-,Y,FRE,,180,,R,57.044,H,,L,N,4,0,1,3,A,-,03,22350,,N,C,C,A,A,H,-,A,D,0,,,,,Y,,D,22,0,0,1,0,0,0,0,0,0,"- ","- ",36.747058868408203,-119.80361938476562,FRESNO,FRESNO,-119.80359649658203,36.747035980224609
91927758,2022,2022-11-30,9435,2022-11-23,1550,020429,,3,2,9,1000,0,1,3,,2,184,"STATE ROUTE 180","FRANKWOOD AVENUE",0.00,,Y,A,-,Y,FRE,,180,,R,77.531,H,,R,Y,4,0,1,2,A,-,09,21802,A,N,D,C,A,A,H,-,A,D,0,,,,,Y,,A,01,0,0,1,0,0,0,0,0,0,"- ","- ",36.721511840820312,-119.44830322265625,FRESNO,UNINCORPORATED,-119.44828796386719,36.721534729003906
91930276,2022,2022-11-30,9435,2022-11-22,1535,020824,,2,2,7,1005,0,1,3,,2,181,"STATE ROUTE 180 W/B","STATE ROUTE 99",2112.00,E,N,A,-,Y,FRE,,180,,R,56.713,H,,L,Y,4,0,1,3,A,-,03,22350,,N,C,C,A,A,H,-,A,D,0,,,,,Y,,A,01,0,0,1,0,0,0,0,0,0,"- ","- ",36.744289398193359,-119.80877685546875,FRESNO,FRESNO,-119.80877685546875,36.744285583496094
91930321,2022,2022-11-30,9435,2022-11-20,1228,018926,,7,1,9,1000,0,1,3,,1,180,"STATE ROUTE 180","CHATEAU FRESNO AVENUE",0.00,,Y,A,-,Y,FRE,,180,,,49.621,H,,R,Y,4,0,2,2,A,-,09,21802,A,N,D,C,A,A,H,-,A,D,0,,,,,Y,,D,22,0,0,2,0,0,0,0,0,0,"- ","- ",36.735248565673828,-119.93431854248047,FRESNO,UNINCORPORATED,-119.93431854248047,36.735221862792969
91931570,2022,2022-12-01,9435,2022-10-23,2500,020429,,7,4,9,1000,0,1,3,,2,184,"STATE ROUTE 180","FULGHAM LANE",1200.00,E,N,A,-,Y,FRE,,180,,,91.745,H,,R,Y,1,1,0,1,A,-,08,22107,,N,E,I,A,A,H,-,D,D,0,,,,,Y,,A,01,0,0,0,0,0,0,0,0,0,"- ","- ",36.750240325927734,-119.21943664550781,FRESNO,UNINCORPORATED,-119.21954345703125,36.750362396240234
91931797,2022,2022-12-01,9435,2022-11-29,1650,020319,,2,2,7,1005,0,1,3,,2,181,"SR-180 W/B","G ST",100.00,W,N,A,-,Y,FRE,,180,,R,56.657,H,,L,N,4,0,1,2,A,-,03,22350,,N,C,C,A,A,H,-,B,D,0,,,,,Y,,A,01,0,0,1,0,0,0,0,0,0,"- ","- ",36.743869781494141,-119.80963134765625,FRESNO,FRESNO,-119.80960845947266,36.743839263916016
91932414,2022,2022-12-02,9435,2022-11-25,1625,020540,,5,2,9,1000,0,1,3,,2,184,"STATE ROUTE 180","OLD OAK ROAD",18480.00,E,N,A,-,Y,FRE,,180,,,98.962,H,,R,Y,3,0,1,2,A,-,03,22350,,N,C,C,A,A,H,-,A,D,0,,,,,Y,,D,22,0,1,0,0,0,0,0,0,0,"- ","- ",36.760570526123047,-119.10771179199219,FRESNO,UNINCORPORATED,-119.10771942138672,36.760551452636719
91932570,2022,2022-12-02,9435,2022-12-01,1215,015095,,4,1,9,1000,0,1,3,,1,180,SR-180,"GOLDENROD AVENUE",2112.00,E,N,B,C,Y,FRE,,180,,,44.134,H,,R,Y,4,0,1,3,A,-,03,22350,,N,C,C,A,B,H,-,A,D,0,,,,,Y,,A,01,0,0,1,0,0,0,0,0,0,"- ","- ",36.734939575195312,-120.03328704833984,FRESNO,UNINCORPORATED,-120.03328704833984,36.734966278076172
91934004,2022,2022-12-05,9435,2022-11-28,1715,020942,,1,2,9,1000,0,1,3,,1,180,"STATE ROUTE 180","SONOMA AVENUE",6336.00,W,N,A,-,Y,FRE,,180,,,31.360,H,,R,Y,4,0,1,2,D,-,00,,,N,C,C,A,A,H,-,D,D,0,,,,,Y,,-,"- ",0,0,1,0,0,0,0,0,0,"- ","- ",36.734390258789062,-120.26347351074219,FRESNO,UNINCORPORATED,-120.26347351074219,36.734367370605469
91934059,2022,2022-12-05,9435,2022-11-28,1535,020586,,1,2,9,1000,0,1,3,,1,183,"STATE ROUTE 180 EASTBOUND","OLIVER AVENUE",0.00,,Y,A,-,Y,FRE,,180,,R,74.531,H,,R,Y,4,0,3,2,A,-,09,21801,A,N,D,C,A,A,H,-,A,D,0,,,,,Y,,A,01,0,0,3,0,0,0,0,0,0,"- ","- ",36.734790802001953,-119.49886322021484,FRESNO,UNINCORPORATED,-119.49886322021484,36.734745025634766
91934353,2022,2022-12-05,9435,2022-11-25,1220,017310,,5,1,7,1005,0,1,3,,2,181,"SR 180 W/B TO S/B SR 41",SR-41,195.00,E,N,A,-,Y,FRE,,180,,R,58.743,H,,L,N,4,0,1,2,A,-,08,22107,,F,F,J,A,A,H,-,A,D,0,,,,,Y,,D,22,0,0,1,0,0,0,0,0,0,"- ","- ",36.754829406738281,-119.77494049072266,FRESNO,FRESNO,-119.77490234375,36.754600524902344
91935247,2022,2022-12-06,9435,2022-11-27,0120,021312,,7,3,7,1005,0,1,3,,2,181,"180 E/B","CEDAR AVE",603.00,W,N,A,-,Y,FRE,,180,,R,59.752,H,,L,Y,4,0,1,1,C,-,18,,,N,E,I,A,A,H,-,D,D,0,,,,,Y,,-,"- ",0,0,1,0,0,0,0,0,0,"- ","- ",36.755031585693359,-119.75675964355469,FRESNO,FRESNO,-119.75675964355469,36.755153656005859
91935948,2022,2022-12-07,9435,2022-12-01,1755,021315,,4,2,7,1005,0,1,3,,1,180,"STATE ROUTE 180","MARKS AVENUE UNNDERCROSSING",1584.00,W,N,C,-,Y,FRE,,180,,R,55.418,H,,R,Y,4,0,1,2,A,-,03,22350,,N,D,C,A,B,H,-,D,D,0,,,,,Y,,A,01,0,0,1,0,0,0,0,0,0,"- ","- ",36.737979888916016,-119.82971954345703,FRESNO,FRESNO,-119.82971954345703,36.737979888916016
91938636,2022,2022-12-09,9435,2022-12-03,2200,016507,,6,3,9,1000,0,1,3,,2,184,"STATE ROUTE 180","DUNLAP RD",26400.00,E,N,C,-,Y,FRE,,180,,,100.237,H,,R,Y,2,0,1,1,A,-,01,23152,A,N,F,A,A,B,H,-,D,D,0,,,,,Y,Y,D,22,1,0,0,0,0,0,0,0,0,"- ","- ",36.749271392822266,-119.09146881103516,FRESNO,UNINCORPORATED,-119.09143829345703,36.749298095703125
91940085,2022,2022-12-12,9435,2022-12-10,1950,020298,,6,2,7,1005,0,1,3,,2,181,"SR-180 E/B","BLACKSTONE AVE",2640.00,W,N,C,-,Y,FRE,,180,,R,57.592,H,,R,Y,4,0,1,1,A,-,03,22350,,N,E,8,A,B,H,-,C,D,0,,,,,Y,,A,01,0,0,1,0,0,0,0,0,0,"- ","- ",36.750869750976562,-119.79518127441406,FRESNO,FRESNO,-119.79513549804688,36.750785827636719
91943106,2022,2022-12-15,9435,2022-12-07,0650,019603,,3,1,7,1005,0,1,3,,2,181,"STATE ROUTE 180 WESTBOUND","G STREET",150.00,E,N,A,-,Y,FRE,,180,,R,56.703,H,,L,Y,4,0,1,2,A,-,03,22350,,N,C,C,A,A,H,-,A,D,0,,,,,Y,,A,07,0,0,1,0,0,0,0,0,0,"- ","- ",36.74420166015625,-119.80892944335938,FRESNO,FRESNO,-119.80892944335938,36.74420166015625
91948480,2022,2022-12-21,9435,2022-12-14,1455,018914,,3,2,9,1000,0,1,3,,1,183,"SR-180 W/B","BETHEL AVE",5.00,E,N,A,-,Y,FRE,,180,,R,70.360,H,,L,N,4,0,1,2,A,-,03,22350,,N,C,C,A,A,H,-,A,D,0,,,,,Y,,A,08,0,0,1,0,0,0,0,0,0,"- ","- ",36.736141204833984,-119.57386016845703,FRESNO,UNINCORPORATED,-119.57386016845703,36.736171722412109
91954605,2022,2022-12-28,9435,2022-12-28,0550,015095,,3,3,7,1005,0,1,3,,2,410,"SR-41 S/B (TO SR-180 E/B)","SR-180 E/B",50.00,N,N,E,-,Y,FRE,,180,,R,58.735,H,,L,Y,4,0,1,1,A,-,03,22350,,N,E,I,A,B,H,-,D,D,0,,,,,Y,,-,"- ",0,0,1,0,0,0,0,0,0,"- ","- ",36.754730224609375,-119.77507019042969,FRESNO,FRESNO,-119.77504730224609,36.754585266113281
91954699,2022,2022-12-28,9435,2022-12-17,1802,021153,,6,2,7,1005,0,1,3,,2,181,"STATE ROUTE 180 (WESTBOUND)","STATE ROUTE 99",1901.00,E,N,E,-,Y,FRE,,180,,R,56.691,H,,L,N,3,0,1,3,A,-,03,22350,,F,C,C,A,A,H,-,D,D,0,,,,,Y,,A,01,0,1,0,0,0,0,0,0,0,"- ","- ",36.744121551513672,-119.80912780761719,FRESNO,FRESNO,-119.80911254882812,36.744102478027344
91955280,2022,2022-12-29,9435,2022-12-21,1545,018914,,3,2,9,1000,0,1,3,,1,183,"SR-180 E/B","MCCALL AVE",950.00,W,N,B,-,Y,FRE,,180,,R,68.162,H,,R,Y,4,0,1,3,A,-,03,22350,A,N,C,C,A,A,H,-,A,A,0,,,,,Y,,D,22,0,0,1,0,0,0,0,0,0,"- ","- ",36.735748291015625,-119.61345672607422,FRESNO,UNINCORPORATED,-119.61345672607422,36.735752105712891
91955844,2022,2022-12-29,9435,2022-12-17,0950,020062,,6,1,9,1000,0,1,3,,1,183,"SR180 WESTBOUND","ACADEMY AVENUE",140.00,N,N,E,-,Y,FRE,,180,,R,71.372,H,,L,Y,2,0,2,4,A,-,03,22350,,N,C,2,A,A,H,-,A,A,0,,,,,Y,,D,22,1,1,0,0,0,0,0,0,0,"- ","- ",36.736141204833984,-119.55561828613281,FRESNO,UNINCORPORATED,-119.55561828613281,36.736175537109375
91958573,2022,2023-01-03,9435,2022-12-31,1130,019603,,6,1,7,1005,0,1,3,,2,181,"STATE ROUTE 180 EASTBOUND","STATE ROUTE 41",1320.00,W,N,B,C,Y,FRE,,180,,R,58.285,H,,R,N,4,0,1,1,A,-,03,22350,,N,E,I,A,B,H,-,A,D,0,,,,,Y,,A,01,0,0,1,0,0,0,0,0,0,"- ","- ",36.753181457519531,-119.78304290771484,FRESNO,FRESNO,-119.78306579589844,36.753299713134766
91958781,2022,2023-01-03,9435,2022-12-27,1920,021148,,2,2,7,1005,0,1,3,,2,181,"SR-180 W/B","SAN PABLO AVE",135.00,W,N,C,-,Y,FRE,,180,,R,57.569,H,,L,Y,4,0,2,2,A,-,07,21658,A,N,B,C,A,B,H,-,C,D,0,,,,,Y,,A,01,0,0,2,0,0,0,0,0,0,"- ","- ",36.750980377197266,-119.79553985595703,FRESNO,FRESNO,-119.7955322265625,36.750961303710938
91958922,2022,2023-01-03,9435,2022-12-27,1342,015986,,2,1,7,1005,0,1,3,,1,183,SR180,"CLOVIS AVENUE",500.00,E,N,C,-,Y,FRE,,180,,R,63.182,H,,R,Y,4,0,1,2,A,-,03,22350,,N,C,C,A,B,H,-,A,D,0,,,,,Y,,A,01,0,0,1,0,0,0,0,0,0,"- ","- ",36.752910614013672,-119.69515228271484,FRESNO,FRESNO,-119.69514465332031,36.752861022949219
91963814,2023,2023-01-09,9435,2023-01-07,1535,016507,,6,2,9,1000,0,1,3,,2,184,"STATE ROUTE 180","STATE ROUTE 63",5808.00,W,N,B,-,Y,FRE,,180," "," ",86.587,H,,R,Y,4,0,1,1,A,-,03,22350,,N,E,I,A,A,H,-,A,D,0,,,,,Y,,A,01,0,0,1,0,0,0,0,0,0,"- ","- ",36.723941802978516,-119.30206298828125,FRESNO,UNINCORPORATED,-119.30206298828125,36.723899841308594
91964192,2023,2023-01-10,9435,2023-01-04,2115,018944,,3,2,7,1005,0,1,3,,2,181,"STATE ROUTE 180 EASTBOUND","ABBY STREET",20.00,W,N,C,-,Y,FRE,,180," ",R,57.902,H,,R,Y,3,0,1,1,A,-,08,22107,,N,E,I,A,B,H,-,C,D,0,,,,,Y,,A,07,0,1,0,0,0,0,0,0,0,"- ","- ",36.751998901367188,-119.78977203369141,FRESNO,FRESNO,-119.78977203369141,36.751998901367188
91966583,2023,2023-01-12,9435,2023-01-09,1109,015986,,1,1,7,1005,0,1,3,,2,181,"SR-180 WB","FULTON STREET",160.00,E,N,C,-,Y,FRE,,180," ",R,57.309,H,,L,Y,3,0,1,1,A,-,03,22350,,N,E,I,A,B,H,-,A,D,0,,,,,Y,,A,01,0,1,0,0,0,0,0,0,0,"- ","- ",36.749111175537109,-119.79956817626953,FRESNO,FRESNO,-119.79960632324219,36.749153137207031
91971763,2023,2023-01-19,9435,2023-01-16,1405,020319,,1,2,9,1000,0,1,3,,1,180,"SR-180 W/B","GOLDENROD AVE",20.00,E,N,B,-,Y,FRE,,180," "," ",43.643,H,,L,N,4,0,1,2,A,-,03,22350,,N,C,C,A,B,H,-,A,A,0,,,,,Y,,A,08,0,0,1,0,0,0,0,0,0,"- ","- ",36.735000610351562,-120.04209136962891,FRESNO,UNINCORPORATED,-120.04209136962891,36.734966278076172
91972036,2023,2023-01-19,9435,2023-01-06,1815,018914,,5,2,9,1000,0,1,3,,1,183,"SR-180 E/B","MCCALL AVENUE",1050.00,W,N,A,-,Y,FRE,,180," ",R,68.144,H,,R,N,4,0,1,3,A,-,01,23152,A,N,C,C,A,A,H,-,D,A,0,,,,,Y,Y,D,22,0,0,1,0,0,0,0,0,0,"- ","- ",36.735790252685547,-119.61377716064453,FRESNO,UNINCORPORATED,-119.61377716064453,36.735755920410156
91975849,2022,2023-01-24,9435,2022-12-31,2350,021402,,6,3,7,1005,0,1,3,,2,181,"STATE ROUTE 180 EASTBOUND","SAN PABLO AVENUE",150.00,E,N,A,-,Y,FRE,,180,,R,57.646,H,,R,Y,2,0,4,2,A,-,07,21658,A,N,D,2,A,B,H,-,D,D,0,,,,,Y,,A,01,1,0,3,0,0,0,0,0,0,"- ","- ",36.751068115234375,-119.79422760009766,FRESNO,FRESNO,-119.79421234130859,36.751022338867188
91976695,2023,2023-01-25,9435,2023-01-18,1905,021386,,3,2,7,1005,0,1,3,,2,181,"STATE ROUTE 180 WESTBOUND","STATE ROUTE 99",2000.00,E,N,B,-,Y,FRE,,180," ",R,56.715,H,,L,N,4,0,2,2,A,-,03,22350,,N,C,C,A,A,H,-,D,D,0,,,,,Y,,A,07,0,0,2,0,0,0,0,0,0,"- ","- ",36.744300842285156,-119.80876159667969,FRESNO,FRESNO,-119.80875396728516,36.744297027587891
91976732,2023,2023-01-25,9435,2023-01-24,1745,020836,,2,2,7,1005,0,1,3,,2,410,"SR-41 NB TO SR-168 EB","FIRST STREET",820.00,E,N,A,-,Y,FRE,,180," ",R,59.075,H,,R,Y,4,0,1,2,A,-,03,22350,,N,C,C,A,A,H,-,C,D,0,,,,,Y,,A,01,0,0,1,0,0,0,0,0,0,"- ","- ",36.75469970703125,-119.76895141601562,FRESNO,FRESNO,-119.76895141601562,36.754856109619141
91976736,2023,2023-01-25,9435,2023-01-18,2005,020319,,3,2,9,1000,0,1,3,,1,180,SR-180,"CORNELIA AVE",0.00,,Y,B,-,Y,FRE,,180," "," ",52.590,H,,R,Y,3,0,2,2,A,-,09,21801,A,N,D,C,A,A,H,-,D,D,0,,,,,Y,,A,01,0,2,0,0,0,0,0,0,0,"- ","- ",36.735538482666016,-119.88076019287109,FRESNO,UNINCORPORATED,-119.88076019287109,36.735454559326172
91981748,2023,2023-01-30,9435,2023-01-14,1925,021299,,6,2,7,1005,0,1,3,,2,181,"SR-180 W/B","MAPLE AVE",285.00,E,N,A,-,Y,FRE,,180," ",R,60.440,H,,L,Y,4,0,2,2,A,-,03,22350,,M,C,C,A,B,H,-,C,D,0,,,,,Y,,D,22,0,0,2,0,0,0,0,0,0,"- ","- ",36.755130767822266,-119.74436187744141,FRESNO,FRESNO,-119.74436187744141,36.755138397216797
91983406,2023,2023-01-31,9435,2023-01-28,1612,020942,,6,2,9,1000,0,1,3,,1,180,"STATE ROUTE 180","GRANTLAND AVENUE",4752.00,E,N,A,-,Y,FRE,,180," "," ",50.707,H,,R,Y,4,0,1,1,A,-,08,22107,,N,E,I,A,A,H,-,A,D,0,,,,,Y,,A,01,0,0,1,0,0,0,0,0,0,"- ","- ",36.735458374023438,-119.91468048095703,FRESNO,UNINCORPORATED,-119.91468048095703,36.735275268554688
91985276,2023,2023-02-02,9435,2023-01-26,1425,021086,,4,2,9,1000,0,1,3,,1,183,"STATE ROUTE 180","RIO VISTA AVENUE",0.00,,Y,A,-,Y,FRE,,180," ",R,75.831,H,,R,Y,4,0,1,2,A,-,09,21802,A,N,D,C,A,A,H,-,A,A,0,,,,,Y,,A,07,0,0,1,0,0,0,0,0,0,"- ","- ",36.732631683349609,-119.4757080078125,FRESNO,UNINCORPORATED,-119.47579956054688,36.732418060302734
91987491,2023,2023-02-06,9435,2023-01-25,1040,018926,,3,1,9,1000,0,1,3,,1,180,"STATE ROUTE 180","CORNELIA AVE.",800.00,W,N,A,-,Y,FRE,,180," "," ",52.509,H,,R,Y,4,0,1,2,A,-,05,21650,,N,A,C,A,A,H,-,A,D,0,,,,,Y,,A,01,0,0,1,0,0,0,0,0,0,"- ","- ",36.735488891601562,-119.88218688964844,FRESNO,UNINCORPORATED,-119.88218688964844,36.735454559326172
91987877,2023,2023-02-06,9435,2023-01-29,1540,021402,,7,2,7,1005,0,1,3,,2,181,"SR-180 W/B","G STREET",100.00,E,N,A,-,Y,FRE,,180," ",R,56.712,H,,L,N,4,0,1,4,A,-,07,21658,A,M,C,C,A,A,H,-,A,D,0,,,,,Y,,-,99,0,0,1,0,0,0,0,0,0,"- ","- ",36.744300842285156,-119.80882263183594,FRESNO,FRESNO,-119.80879974365234,36.744274139404297
91990502,2023,2023-02-09,9435,2023-01-29,"750 ",019603,,7,1,7,1005,0,1,3,,2,182,"STATE ROUTE 180 WESTBOUND","CEDAR AVENUE",100.00,W,N,B,-,Y,FRE,,180," ",R,59.847,H,,L,N,4,0,1,2,A,-,03,22350,,N,C,C,A,A,H,-,A,D,0,,,,,Y,,A,07,0,0,1,0,0,0,0,0,0,"- ","- ",36.755138397216797,-119.75505065917969,FRESNO,FRESNO,-119.75505065917969,36.755146026611328
91991533,2023,2023-02-10,9435,2023-02-01,2138,018944,,3,2,9,1000,0,1,3,,1,180,"STATE ROUTE 180","BLYTHE AVENUE",0.00,,Y,A,-,Y,FRE,,180," "," ",53.090,H,,R,Y,2,0,1,2,A,-,01,23152,F,N,D,C,A,A,H,-,D,A,0,,,,,Y,,A,01,1,0,0,0,0,0,0,0,0,"- ","- ",36.735469818115234,-119.87158203125,FRESNO,UNINCORPORATED,-119.87158203125,36.735492706298828
91995418,2023,2023-02-15,9435,2023-02-05,2250,021594,,7,3,7,1005,0,1,3,,2,182,"SR-180 W/B","PEACH AVENUE",360.00,W,N,B,-,Y,FRE,,180," ",R,61.817,H,,L,Y,4,0,1,1,A,-,01,23152,A,N,E,I,A,B,H,-,D,D,0,,,,,Y,Y,A,01,0,0,1,0,0,0,0,0,0,"- ","- ",36.753410339355469,-119.71974182128906,FRESNO,FRESNO,-119.71973419189453,36.753501892089844