CASE_ID,ACCIDENT_YEAR,PROC_DATE,JURIS,COLLISION_DATE,COLLISION_TIME,OFFICER_ID,REPORTING_DISTRICT,DAY_OF_WEEK,CHP_SHIFT,POPULATION,CNTY_CITY_LOC,SPECIAL_COND,BEAT_TYPE,CHP_BEAT_TYPE,CITY_DIVISION_LAPD,CHP_BEAT_CLASS,BEAT_NUMBER,PRIMARY_RD,SECONDARY_RD,DISTANCE,DIRECTION,INTERSECTION,WEATHER_1,WEATHER_2,STATE_HWY_IND,CALTRANS_COUNTY,CALTRANS_DISTRICT,STATE_ROUTE,ROUTE_SUFFIX,POSTMILE_PREFIX,POSTMILE,LOCATION_TYPE,RAMP_INTERSECTION,SIDE_OF_HWY,TOW_AWAY,COLLISION_SEVERITY,NUMBER_KILLED,NUMBER_INJURED,PARTY_COUNT,PRIMARY_COLL_FACTOR,PCF_CODE_OF_VIOL,PCF_VIOL_CATEGORY,PCF_VIOLATION,PCF_VIOL_SUBSECTION,HIT_AND_RUN,TYPE_OF_COLLISION,MVIW,PED_ACTION,ROAD_SURFACE,ROAD_COND_1,ROAD_COND_2,LIGHTING,CONTROL_DEVICE,CHP_ROAD_TYPE,PEDESTRIAN_ACCIDENT,BICYCLE_ACCIDENT,MOTORCYCLE_ACCIDENT,TRUCK_ACCIDENT,NOT_PRIVATE_PROPERTY,ALCOHOL_INVOLVED,STWD_VEHTYPE_AT_FAULT,CHP_VEHTYPE_AT_FAULT,COUNT_SEVERE_INJ,COUNT_VISIBLE_INJ,COUNT_COMPLAINT_PAIN,COUNT_PED_KILLED,COUNT_PED_INJURED,COUNT_BICYCLIST_KILLED,COUNT_BICYCLIST_INJURED,COUNT_MC_KILLED,COUNT_MC_INJURED,PRIMARY_RAMP,SECONDARY_RAMP,LATITUDE,LONGITUDE,COUNTY,CITY,POINT_X,POINT_Y
91999780,2023,2023-02-22,9435,2023-02-12,"430 ",021547,,7,3,9,1000,0,1,3,,1,180,SR-180,"SONOMA STREET",5280.00,W,N,A,-,Y,FRE,,180," "," ",31.730,H,,R,Y,3,0,1,1,C,-,18,,,N,H,H,A,A,H,-,D,D,0,,,,,Y,,-,"- ",0,1,0,0,0,0,0,0,0,"- ","- ",36.734298706054688,-120.25676727294922,FRESNO,UNINCORPORATED,-120.25676727294922,36.734375
92001055,2023,2023-02-23,9435,2023-02-15,1640,020942,,3,2,9,1000,0,1,3,,1,180,"STATE ROUTE 180","DICKENSON AVENUE",2587.00,W,N,A,-,Y,FRE,,180," "," ",47.128,H,,R,Y,2,0,2,2,A,-,03,22350,,N,A,C,A,A,H,-,A,D,0,,,,,Y,,A,01,1,0,1,0,0,0,0,0,0,"- ","- ",36.734939575195312,-119.97895812988281,FRESNO,UNINCORPORATED,-119.97895812988281,36.735000610351562
92001593,2023,2023-02-23,9435,2023-02-21,1740,019926,,2,2,7,1005,0,1,3,,2,181,"SR-180 W/B","FRESNO ST",700.00,W,N,A,-,Y,FRE,,180," ",R,58.231,H,,L,N,4,0,2,2,A,-,07,21658,A,N,C,C,A,A,H,-,A,D,0,,,,,Y,,A,01,0,0,2,0,0,0,0,0,0,"- ","- ",36.753368377685547,-119.78399658203125,FRESNO,FRESNO,-119.78401184082031,36.753410339355469
92003731,2023,2023-02-27,9435,2023-02-16,1700,021402,,4,2,7,1005,0,1,3,,2,181,"SR-180 W/B","G STREET",60.00,W,N,A,-,Y,FRE,,180," ",R,56.660,H,,L,Y,4,0,1,3,A,-,03,22350,,M,C,C,A,A,H,-,A,D,0,,,,,Y,,A,01,0,0,1,0,0,0,0,0,0,"- ","- ",36.743881225585938,-119.80957794189453,FRESNO,FRESNO,-119.80956268310547,36.743862152099609
92004925,2023,2023-07-20,9435,2023-02-20,1130,020680,,1,1,9,1000,0,1,3,,2,181,"SR-180 W/B TO SR-99 N/B","SR-99 N/B",1250.00,E,N,B,-,Y,FRE,,180," ",R,56.555,H,,L,Y,4,0,1,2,A,-,07,21658,A,N,B,C,A,A,H,-,A,D,0,,,,,Y,,D,22,0,0,1,0,0,0,0,0,0,"- ","- ",36.743091583251953,-119.81118011474609,FRESNO,UNINCORPORATED,-119.81112670898438,36.743022918701172
92005168,2023,2023-02-28,9435,2023-02-23,"720 ",015095,,4,1,7,1005,0,1,3,,2,181,"SR-180 W/B","H STREET",50.00,W,N,A,-,Y,FRE,,180," ",R,56.823,H,,L,Y,4,0,1,2,A,-,03,22350,,N,C,C,A,A,H,-,A,D,0,,,,,Y,,A,01,0,0,1,0,0,0,0,0,0,"- ","- ",36.7452392578125,-119.80709075927734,FRESNO,FRESNO,-119.80706024169922,36.745201110839844
92006997,2023,2023-03-01,9435,2023-02-24,1245,019263,,5,1,9,1000,0,1,3,,2,181,SR-180,"VAN NESS AVE",528.00,E,N,C,-,Y,FRE,,180," ",R,57.525,H,,R,Y,3,0,2,2,A,-,03,22350,,F,C,2,A,B,H,-,A,D,0,,,,,Y,,-,"- ",0,2,0,0,0,0,0,0,0,"- ","- ",36.7506103515625,-119.79637145996094,FRESNO,UNINCORPORATED,-119.79625701904297,36.75042724609375
92007068,2023,2023-03-01,9435,2023-02-25,"510 ",016507,,6,3,9,1000,0,1,3,,2,184,"STATE ROUTE 180","ALTA AVE",1584.00,E,N,C,-,Y,FRE,,180," "," ",81.500,H,,R,Y,4,0,1,1,C,-,18,,,N,E,I,A,B,F,-,D,D,0,,,,,Y,,-,"- ",0,0,1,0,0,0,0,0,0,"- ","- ",36.719631195068359,-119.38671875,FRESNO,UNINCORPORATED,-119.38671875,36.719657897949219
92008766,2023,2023-03-03,9435,2023-02-24,2020,021402,,5,2,7,1005,0,1,3,,2,181,"SR-180 W/B","BROADWAY STREET",700.00,W,N,C,-,Y,FRE,,180," ",R,56.929,H,,L,Y,4,0,1,2,D,-,00,,,N,B,C,A,B,H,-,C,D,0,,,,,Y,,-,"- ",0,0,1,0,0,0,0,0,0,"- ","- ",36.746078491210938,-119.80538940429688,FRESNO,FRESNO,-119.80539703369141,36.746086120605469
92009100,2022,2023-03-03,9435,2022-09-17,2114,021544,,6,2,9,1000,0,1,3,,1,180,"STATE ROUTE 180","SHASTA AVENUE",1020.00,E,N,A,-,Y,FRE,,180,,,40.314,H,,R,Y,1,1,5,2,A,-,01,23152,F,N,A,C,A,A,H,-,D,D,0,,,,,Y,,A,01,5,0,0,0,0,0,0,0,0,"- ","- ",36.734718322753906,-120.10179138183594,FRESNO,UNINCORPORATED,-120.10179138183594,36.734722137451172
92010395,2023,2023-03-06,9435,2023-02-20,1140,020680,,1,1,7,1005,0,1,3,,2,181,"SR-180 W/B TO SR-99 N/B","G ST",450.00,W,N,B,-,Y,FRE,,180," ",R,56.589,H,,L,Y,2,0,1,4,A,-,02,22400,A,N,C,C,A,A,H,-,A,D,0,,,,,Y,,A,01,1,0,0,0,0,0,0,0,0,"- ","- ",36.743320465087891,-119.81063842773438,FRESNO,FRESNO,-119.81062316894531,36.743293762207031
92011459,2023,2023-03-07,9435,2023-03-03,1438,020019,,5,2,7,1005,0,1,3,,2,410,"STATE ROUTE 180 WESTBOUND","G STREET",528.00,W,N,A,-,Y,FRE,,180," ",R,56.584,H,,L,N,4,0,1,2,A,-,03,22350,,N,C,C,A,A,H,-,A,D,0,,,,,Y,,A,01,0,0,1,0,0,0,0,0,0,"- ","- ",36.743309020996094,-119.81073760986328,FRESNO,FRESNO,-119.81069183349609,36.743255615234375
92011991,2023,2023-03-07,9435,2023-02-05,"420 ",020586,,7,3,9,1000,0,1,3,,1,183,"SR-180 E/B","FAIRBANKS AVE",1373.00,E,N,B,-,Y,FRE,,180," ",R,70.857,H,,R,Y,2,0,2,2,A,-,01,23152,A,N,C,C,A,B,H,-,D,D,0,,,,,Y,Y,A,01,2,0,0,0,0,0,0,0,0,"- ","- ",36.735931396484375,-119.56491088867188,FRESNO,UNINCORPORATED,-119.56491088867188,36.735942840576172
92013704,2023,2023-03-09,9435,2023-03-03,1050,018914,,5,1,7,1005,0,1,3,,2,181,"E/B SR-180","BLACKSTONE AVENUE",100.00,W,N,A,-,Y,FRE,,180," ",R,57.831,H,,R,N,4,0,2,2,A,-,03,22350,,N,C,C,A,A,H,-,A,D,0,,,,,Y,,D,22,0,0,2,0,0,0,0,0,0,"- ","- ",36.751701354980469,-119.79097747802734,FRESNO,FRESNO,-119.79099273681641,36.751735687255859
92014724,2023,2023-03-10,9435,2023-03-09,1520,021086,,4,2,9,1000,0,1,3,,1,183,"STATE ROUTE 180","FOWLER AVENUE",1760.00,W,N,B,C,Y,FRE,,180," ",R,63.570,H,,L,N,4,0,1,1,A,-,03,22350,,N,E,I,A,B,H,-,A,D,0,,,,,Y,,A,01,0,0,1,0,0,0,0,0,0,"- ","- ",36.753749847412109,-119.68820190429688,FRESNO,UNINCORPORATED,-119.68818664550781,36.753658294677734
92017292,2023,2023-03-14,9435,2023-03-02,1630,020887,,4,2,7,1005,0,1,3,,2,181,"180 E/B","BLACKSTONE AVE",75.00,W,N,A,-,Y,FRE,,180," ",R,57.832,H,,R,N,4,0,1,2,A,-,07,21658,A,N,B,C,A,A,H,-,A,D,0,,,,,Y,,A,07,0,0,1,0,0,0,0,0,0,"- ","- ",36.751720428466797,-119.79096221923828,FRESNO,FRESNO,-119.79096984863281,36.751743316650391
92019544,2023,2023-03-16,9435,2023-03-10,1615,020887,,5,2,7,1005,0,1,3,,2,181,"180 EB FROM VAN NESS AVE","VAN NESS AVE",485.00,E,N,A,-,Y,FRE,,180," ",R,57.442,H,,R,N,4,0,1,2,A,-,21,22106,,N,C,C,A,A,H,-,A,D,0,,,,,Y,,D,22,0,0,1,0,0,0,0,0,0,"- ","- ",36.749691009521484,-119.79744720458984,FRESNO,FRESNO,-119.79758453369141,36.749866485595703
92020994,2023,2023-03-17,9435,2023-03-09,1715,018746,,4,2,9,1000,0,1,3,,2,182,SR-180,"LOCAN AVENUE",975.00,W,N,C,-,Y,FRE,,180," ",R,65.877,H,,R,Y,4,0,1,2,A,-,08,22107,,F,B,C,A,B,H,-,B,D,0,,,,,Y,,-,99,0,0,1,0,0,0,0,0,0,"- ","- ",36.737018585205078,-119.65615081787109,FRESNO,UNINCORPORATED,-119.65615081787109,36.737030029296875
92022745,2023,2023-03-20,9435,2023-03-12,1840,021119,,7,2,9,1000,0,1,3,,1,180,"STATE ROUTE 180","GRANTLAND AVENUE",528.00,E,N,C,-,Y,FRE,,180," "," ",50.862,H,,R,Y,4,0,1,2,A,-,03,22350,,N,D,C,A,C,H,-,B,D,0,,,,,Y,,A,01,0,0,1,0,0,0,0,0,0,"- ","- ",36.735378265380859,-119.91191101074219,FRESNO,UNINCORPORATED,-119.91191101074219,36.735305786132812
92023598,2023,2023-03-21,9435,2023-03-11,1710,021606,,6,2,7,1005,0,1,3,,2,181,"STATE ROUTE 180","ABBY ST",300.00,E,N,C,-,Y,FRE,,180," ",R,57.983,H,,L,N,3,0,3,2,A,-,03,22350,,N,C,C,A,B,H,-,A,D,0,,,,,Y,,A,01,0,1,2,0,0,0,0,0,0,"- ","- ",36.752601623535156,-119.78836059570312,FRESNO,FRESNO,-119.78835296630859,36.752567291259766
92025265,2023,2023-03-22,9435,2023-03-12,2045,021086,,7,2,7,1005,0,1,3,,2,182,"STATE ROUTE 180","PEACH AVENUE",535.00,W,N,B,C,Y,FRE,,180," ",R,61.782,H,,R,Y,4,0,1,3,A,-,03,22350,,N,C,C,A,B,H,-,C,D,0,,,,,Y,,A,01,0,0,1,0,0,0,0,0,0,"- ","- ",36.753231048583984,-119.72036743164062,FRESNO,FRESNO,-119.72036743164062,36.753276824951172
92025642,2023,2023-03-22,9435,2023-03-16,"505 ",018944,,4,3,9,1000,0,1,3,,1,180,"STATE ROUTE 180","SAN MATEO AVENUE",5016.00,W,N,A,-,Y,FRE,,180," "," ",27.566,H,,R,Y,3,0,1,2,A,-,09,21804,A,N,D,C,A,A,H,-,D,D,0,,,,Y,Y,,G,25,0,1,0,0,0,0,0,0,0,"- ","- ",36.734050750732422,-120.33190155029297,FRESNO,UNINCORPORATED,-120.33189392089844,36.734035491943359
92025657,2023,2023-03-22,9435,2023-03-17,1605,021086,,5,2,9,1000,0,1,3,,1,183,"STATE ROUTE 180","DE WOLF AVENUE",1150.00,W,N,B,-,Y,FRE,,180," ",R,66.202,H,,R,Y,4,0,1,2,A,-,03,22350,,N,C,C,A,A,H,-,A,D,0,,,,,Y,,A,07,0,0,1,0,0,0,0,0,0,"- ","- ",36.736961364746094,-119.65009307861328,FRESNO,UNINCORPORATED,-119.65009307861328,36.7369384765625
92026818,2023,2023-03-23,9435,2023-03-21,1935,019926,,2,2,7,1005,0,1,3,,2,181,"SR-180 E/B","FRESNO ST",450.00,W,N,B,C,Y,FRE,,180," ",R,58.282,H,,R,N,4,0,3,2,A,-,03,22350,,N,C,C,A,B,H,-,D,D,0,,,,,Y,,D,22,0,0,3,0,0,0,0,0,0,"- ","- ",36.753250122070312,-119.78309631347656,FRESNO,FRESNO,-119.78311157226562,36.7532958984375
92027023,2023,2023-03-23,9435,2023-03-20,1313,020062,,1,1,9,1000,0,1,3,,1,183,"SR180 WESTBOUND","OLIVER AVENUE",0.00,,Y,A,-,Y,FRE,,180," ",R,74.533,H,,L,Y,3,0,1,2,A,-,09,21802,A,N,D,C,A,A,H,-,A,A,0,,,,Y,Y,,A,07,0,1,0,0,0,0,0,0,0,"- ","- ",36.735019683837891,-119.49880218505859,FRESNO,UNINCORPORATED,-119.49880218505859,36.7349853515625
92028109,2023,2023-03-24,9435,2023-02-26,"403 ",021687,,7,3,7,1005,0,1,3,,2,181,"SR-180 EASTBOUND","SAN PABLO AVENUE",50.00,E,N,C,-,Y,FRE,,180," ",R,57.620,H,,R,Y,2,0,2,2,C,-,18,,,N,C,C,A,B,H,-,D,D,0,,,,,Y,,-,"- ",2,0,0,0,0,0,0,0,0,"- ","- ",36.750930786132812,-119.79466247558594,FRESNO,FRESNO,-119.79465484619141,36.750911712646484
92029322,2023,2023-03-27,9435,2023-03-19,2020,021086,,7,2,9,1000,0,1,3,,1,183,"STATE ROUTE 180","HIGHLAND AVENUE",825.00,E,N,B,-,Y,FRE,,180," ",R,67.531,H,,R,N,4,0,1,2,A,-,03,22350,,M,C,C,A,A,H,-,D,D,0,,,,,Y,,-,99,0,0,1,0,0,0,0,0,0,"- ","- ",36.736080169677734,-119.62481689453125,FRESNO,UNINCORPORATED,-119.62482452392578,36.735858917236328
92032551,2023,2023-03-30,9435,2023-02-14,1225,016507,,2,1,9,1000,0,1,3,,2,184,"STATE ROUTE 180","FRANKWOOD AVENUE",8448.00,E,N,A,-,Y,FRE,,180," "," ",79.526,H,,R,Y,1,1,0,1,A,-,08,22107,,N,E,I,A,A,H,-,A,D,0,,,,,Y,Y,D,22,0,0,0,0,0,0,0,0,0,"- ","- ",36.714881896972656,-119.42086791992188,FRESNO,UNINCORPORATED,-119.42086791992188,36.714912414550781
92032663,2023,2023-03-30,9435,2023-03-11,1700,020901,,6,2,7,1005,0,1,3,,2,105,"RT 180","FULTON ST",700.00,E,N,C,-,Y,FRE,,180," ",R,57.400,H,,L,Y,4,0,2,5,A,-,03,22350,,M,D,C,A,B,H,-,A,D,0,,,,,Y,,D,22,0,0,2,0,0,0,0,0,0,"- ","- ",36.749881744384766,-119.79824066162109,FRESNO,FRESNO,-119.79822540283203,36.749862670898438
92032923,2022,2023-03-30,9435,2022-05-01,2025,020887,,7,2,7,1005,0,1,3,,2,181,"SR-180 W/B","CLOVIS AVE",10.00,E,N,A,-,Y,FRE,,180,,R,62.896,H,,L,N,4,0,1,1,A,-,08,22107,,N,E,I,A,A,H,-,C,D,0,,,,,Y,,A,01,0,0,1,0,0,0,0,0,0,"- ","- ",36.75299072265625,-119.70025634765625,FRESNO,FRESNO,-119.70024871826172,36.752830505371094
92035639,2023,2023-04-03,9435,2023-04-03,"625 ",019263,,1,1,7,1005,0,1,3,,2,181,"SR-180 WB","FIRST ST",1200.00,E,N,A,-,Y,FRE,,180," ",R,59.114,H,,L,Y,4,0,2,2,A,-,08,22107,,N,A,C,A,A,A,H,A,D,0,,,,,Y,,A,01,0,0,2,0,0,0,0,0,0,"- ","- ",36.755100250244141,-119.76825714111328,FRESNO,FRESNO,-119.76825714111328,36.755130767822266
92036392,2023,2023-04-04,9435,2023-03-23,"645 ",021031,,4,1,9,1000,0,1,3,,1,180,SR-180,"DICKENSON AVENUE",770.00,E,N,A,-,Y,FRE,,180," "," ",47.495,H,,R,Y,4,0,3,4,A,-,03,22350,,N,C,C,A,A,H,-,B,D,0,,,,,Y,,A,08,0,0,3,0,0,0,0,0,0,"- ","- ",36.734981536865234,-119.97265625,FRESNO,UNINCORPORATED,-119.97265625,36.734977722167969
92037062,2023,2023-04-04,9435,2023-03-31,1630,020887,,5,2,9,1000,0,1,3,,2,182,"SR-180 EB","DEWOLF AVE",415.00,W,N,A,-,Y,FRE,,180," ",R,66.293,H,,R,N,4,0,1,2,A,-,03,22350,,N,C,C,A,A,H,-,A,D,0,,,,,Y,,A,01,0,0,1,0,0,0,0,0,0,"- ","- ",36.7369384765625,-119.64762878417969,FRESNO,UNINCORPORATED,-119.64762878417969,36.736957550048828
92037068,2023,2023-04-04,9435,2023-03-31,1330,019263,,5,1,7,1005,0,1,3,,2,182,"SR-180 W/B","CLOVIS AVE",2500.00,W,N,A,-,Y,FRE,,180," ",R,62.395,H,,L,Y,4,0,1,1,A,-,08,22107,,N,E,I,A,A,H,-,A,D,0,,,,,Y,,A,01,0,0,1,0,0,0,0,0,0,"- ","- ",36.753101348876953,-119.70931243896484,FRESNO,FRESNO,-119.70930480957031,36.753189086914062
92037406,2023,2023-04-05,9435,2023-03-23,"808 ",021031,,4,1,9,1000,0,1,3,,1,180,SR-180,"GOLDENROD AVENUE",400.00,E,N,B,-,Y,FRE,,180," "," ",43.709,H,,R,Y,4,0,2,2,A,-,08,22107,,N,D,C,A,A,H,-,A,D,0,,,,,Y,,A,07,0,0,2,0,0,0,0,0,0,"- ","- ",36.734920501708984,-120.04090881347656,FRESNO,UNINCORPORATED,-120.04090881347656,36.734966278076172
92037491,2023,2023-04-05,9435,2023-03-30,1159,015095,,4,1,7,1005,0,1,3,,1,183,SR-180,"CLOVIS AVENUE",2112.00,E,N,A,-,Y,FRE,,180," ",R,63.349,H,,L,N,4,0,1,2,C,-,18,,,N,E,J,A,A,H,-,A,D,0,,,,,Y,,-,"- ",0,0,1,0,0,0,0,0,0,"- ","- ",36.753349304199219,-119.69214630126953,FRESNO,FRESNO,-119.69215393066406,36.753372192382812
92039528,2023,2023-04-07,9435,2023-03-25,1500,021153,,6,2,7,1005,0,1,3,,2,181,"STATE ROUTE 180 WESTBOUND","STATE ROUTE 99",2112.00,E,N,A,-,Y,FRE,,180," ",R,56.704,H,,L,N,3,0,2,2,A,-,08,22107,,F,B,C,A,A,H,-,A,D,0,,,,,Y,,A,07,0,2,0,0,0,0,0,0,0,"- ","- ",36.744148254394531,-119.80886840820312,FRESNO,FRESNO,-119.80892181396484,36.744209289550781
92039867,2023,2023-04-07,9435,2023-03-31,"305 ",021247,,5,3,7,1005,0,1,3,,2,182,"STATE ROUTE 180","CHESTNUT AVENUE",423.00,E,N,A,-,Y,FRE,,180," ",R,60.982,H,,R,Y,4,0,1,2,A,-,01,23152,A,N,C,C,A,A,H,-,C,D,0,,,,,Y,Y,A,08,0,0,1,0,0,0,0,0,0,"- ","- ",36.754280090332031,-119.73470306396484,FRESNO,FRESNO,-119.73469543457031,36.754299163818359
92041959,2023,2023-04-11,9435,2023-04-01,"43  ",021402,,6,3,7,1005,0,1,3,,2,181,"SR-180 W/B","ABBY STREET",600.00,E,N,A,-,Y,FRE,,180," ",R,58.033,H,,L,Y,4,0,1,2,A,-,08,22107,,N,B,C,A,A,H,-,D,D,0,,,,,Y,,A,07,0,0,1,0,0,0,0,0,0,"- ","- ",36.752788543701172,-119.78748321533203,FRESNO,FRESNO,-119.78746795654297,36.752750396728516
92046993,2023,2023-04-17,9435,2023-03-31,"210 ",021547,,5,3,9,1000,0,1,3,,1,180,"WESTBOUND SR-180","CLOVIS AVENUE",1745.00,E,N,A,-,Y,FRE,,180," ",R,62.999,H,,R,Y,3,0,1,1,A,-,01,23152,A,N,E,I,A,A,H,-,A,D,0,,,,,Y,Y,A,01,0,1,0,0,0,0,0,0,0,"- ","- ",36.752559661865234,-119.69838714599609,FRESNO,UNINCORPORATED,-119.69839477539062,36.752651214599609
92049876,2022,2023-04-20,9435,2022-11-19,0508,021230,,6,3,7,1005,0,1,3,,1,183,"STATE ROUTE180 WESTBOUND","CLOVIS AVENUE",410.00,E,N,A,-,Y,FRE,,180,,R,62.994,H,,L,N,4,0,2,2,A,-,01,23152,A,N,C,C,A,A,H,-,C,D,0,,,,Y,Y,Y,A,01,0,0,2,0,0,0,0,0,0,"- ","- ",36.752918243408203,-119.698486328125,FRESNO,FRESNO,-119.698486328125,36.752914428710938
92052005,2023,2023-04-24,9435,2023-04-15,1920,020319,,6,2,9,1000,0,1,3,,1,180,SR-180,"ROLINDA AVE",1200.00,E,N,A,-,Y,FRE,,180," "," ",48.379,H,,R,N,4,0,1,2,A,-,03,22350,,M,C,C,A,A,H,-,B,D,0,,,,,Y,Y,A,07,0,0,1,0,0,0,0,0,0,"- ","- ",36.735069274902344,-119.95674896240234,FRESNO,UNINCORPORATED,-119.95674896240234,36.735099792480469
92052617,2023,2023-04-25,9435,2023-04-22,1030,015095,,6,1,7,1005,0,1,3,,2,181,"SR-180 WESTBOUND","CEDAR AVENUE",225.00,E,N,A,-,Y,FRE,,180," ",R,59.928,H,,L,N,3,0,1,1,A,-,03,22350,,N,H,A,A,A,H,-,A,D,0,,,Y,,Y,,C,02,0,1,0,0,0,0,0,0,1,"- ","- ",36.755119323730469,-119.75348663330078,FRESNO,FRESNO,-119.75348663330078,36.755142211914062
92052752,2023,2023-04-25,9435,2023-03-03,"20  ",021547,,5,3,9,1000,0,1,3,,1,180,"WESTBOUND STATE ROUTE-180","MCCALL AVENUE",0.00,,Y,A,-,Y,FRE,,180," ",R,68.348,H,,R,Y,2,0,3,2,A,-,01,23152,A,N,A,C,A,A,H,-,C,A,0,,,,,Y,Y,A,07,1,2,0,0,0,0,0,0,0,"- ","- ",36.735958099365234,-119.610107421875,FRESNO,UNINCORPORATED,-119.610107421875,36.735733032226562
92052854,2023,2023-04-25,9435,2023-04-19,1805,020122,,3,2,9,1000,0,1,3,,1,180,"STATE ROUTE 180","CORNELIA AVENUE",0.00,,Y,A,-,Y,FRE,,180," "," ",52.588,H,,R,Y,4,0,2,2,A,-,09,21802,A,N,D,C,A,A,H,-,A,A,0,,,,,Y,,A,01,0,0,2,0,0,0,0,0,0,"- ","- ",36.735530853271484,-119.88079071044922,FRESNO,UNINCORPORATED,-119.88079071044922,36.735454559326172
92053732,2023,2023-04-26,9435,2023-04-25,"800 ",015106,,2,1,7,1005,0,1,3,,2,181,"SR-180 W/B","CEDAR AVE O/C",1175.00,W,N,A,-,Y,FRE,,180," ",R,59.725,H,,L,N,3,0,2,3,A,-,03,22350,,N,C,C,A,A,H,-,A,D,0,,,,,Y,,A,07,0,2,0,0,0,0,0,0,0,"- ","- ",36.755149841308594,-119.75724029541016,FRESNO,FRESNO,-119.75724029541016,36.755153656005859
92053830,2023,2023-04-26,9435,2023-04-21,1342,020062,,5,1,7,1005,0,1,3,,2,181,"SR180 WESTBOUND","SR99 NORTHBOUND",1584.00,E,N,A,-,Y,FRE,,180," ",R,56.551,H,,L,Y,4,0,1,2,A,-,03,22350,,N,C,C,A,A,H,-,A,D,0,,,,,Y,,A,01,0,0,1,0,0,0,0,0,0,"- ","- ",36.743068695068359,-119.81124877929688,FRESNO,FRESNO,-119.81118774414062,36.742992401123047
92059305,2022,2023-05-02,9435,2022-07-22,0450,021165,,5,3,9,1000,0,1,3,,2,182,"STATE ROUTE 180 EASTBOUND","CHESTNUT AVENUE",1070.00,E,N,A,-,Y,FRE,,180,,R,61.103,H,,R,Y,1,1,1,2,A,-,01,23152,F,N,C,C,A,A,H,-,D,D,0,,,,,Y,,A,01,1,0,0,0,0,0,0,0,0,"- ","- ",36.753921508789062,-119.73256683349609,FRESNO,UNINCORPORATED,-119.73257446289062,36.753913879394531
92059579,2023,2023-05-02,9435,2023-04-28,2255,016507,,5,3,9,1000,0,1,3,,1,183,"STATE ROUTE 180","OLIVER AVE",1584.00,E,N,A,-,Y,FRE,,180," ",R,74.826,H,,R,N,4,0,1,1,A,-,08,22107,,N,E,I,A,A,H,-,D,D,0,,,,,Y,,A,08,0,0,1,0,0,0,0,0,0,"- ","- ",36.733589172363281,-119.49378204345703,FRESNO,UNINCORPORATED,-119.49376678466797,36.733615875244141
92059600,2023,2023-05-02,9435,2023-04-25,1710,020887,,2,2,7,1005,0,1,3,,2,181,"SR-180 E/B","FRESNO ST",35.00,W,N,A,-,Y,FRE,,180," ",R,58.359,H,,R,N,4,0,1,5,A,-,03,22350,,N,C,C,A,A,H,-,A,D,0,,,,,Y,,A,01,0,0,1,0,0,0,0,0,0,"- ","- ",36.753448486328125,-119.78173828125,FRESNO,FRESNO,-119.78174591064453,36.75347900390625
92064735,2023,2023-05-09,9435,2023-04-27,1600,018746,,4,2,9,1000,1,3,5,,2,034,"BETHEL AVENUE",SR-180,65.00,S,N,A,-,Y,FRE,,180," ",R,70.345,H,,R,Y,3,0,1,3,A,-,08,22107,,N,D,C,A,A,H,-,A,A,0,,,,,Y,,A,01,0,1,0,0,0,0,0,0,0,"- ","- ",36.735698699951172,-119.57412719726562,FRESNO,UNINCORPORATED,-119.57413482666016,36.735908508300781
92065005,2023,2023-05-09,9435,2023-04-30,2102,020064,,7,2,9,1000,0,1,3,,1,168,"STATE ROUTE 168 W/B TO STATE ROUTE 180 E/B","MAPLE AVENUE",44.00,E,N,A,-,Y,FRE,,180," ",R,60.394,H,,R,Y,2,0,5,1,A,-,01,23152,A,N,E,I,A,A,H,-,D,D,0,,,,,Y,Y,A,07,1,4,0,0,0,0,0,0,0,"- ","- ",36.754669189453125,-119.74519348144531,FRESNO,UNINCORPORATED,-119.74518585205078,36.754875183105469
92065915,2023,2023-05-10,9435,2023-05-09,"727 ",015986,,2,1,7,1005,0,1,3,,2,181,SR180,"G STREET",121.00,W,N,A,-,Y,FRE,,180," ",R,56.647,H,,L,N,4,0,1,2,A,-,03,22350,,N,C,C,A,A,H,-,A,D,0,,,,,Y,,A,01,0,0,1,0,0,0,0,0,0,"- ","- ",36.743770599365234,-119.80976867675781,FRESNO,FRESNO,-119.80976104736328,36.743759155273438
92066537,2023,2023-05-11,9435,2023-05-10,1810,020205,,3,2,7,1005,0,1,3,,2,181,"SR-180 W/B","G ST",60.00,W,N,A,-,Y,FRE,,180," ",R,56.665,H,,L,N,4,0,1,2,A,-,03,22350,,N,C,C,A,A,H,-,A,D,0,,,,,Y,,A,01,0,0,1,0,0,0,0,0,0,"- ","- ",36.743919372558594,-119.80950927734375,FRESNO,FRESNO,-119.80949401855469,36.743900299072266