CASE_ID,ACCIDENT_YEAR,PROC_DATE,JURIS,COLLISION_DATE,COLLISION_TIME,OFFICER_ID,REPORTING_DISTRICT,DAY_OF_WEEK,CHP_SHIFT,POPULATION,CNTY_CITY_LOC,SPECIAL_COND,BEAT_TYPE,CHP_BEAT_TYPE,CITY_DIVISION_LAPD,CHP_BEAT_CLASS,BEAT_NUMBER,PRIMARY_RD,SECONDARY_RD,DISTANCE,DIRECTION,INTERSECTION,WEATHER_1,WEATHER_2,STATE_HWY_IND,CALTRANS_COUNTY,CALTRANS_DISTRICT,STATE_ROUTE,ROUTE_SUFFIX,POSTMILE_PREFIX,POSTMILE,LOCATION_TYPE,RAMP_INTERSECTION,SIDE_OF_HWY,TOW_AWAY,COLLISION_SEVERITY,NUMBER_KILLED,NUMBER_INJURED,PARTY_COUNT,PRIMARY_COLL_FACTOR,PCF_CODE_OF_VIOL,PCF_VIOL_CATEGORY,PCF_VIOLATION,PCF_VIOL_SUBSECTION,HIT_AND_RUN,TYPE_OF_COLLISION,MVIW,PED_ACTION,ROAD_SURFACE,ROAD_COND_1,ROAD_COND_2,LIGHTING,CONTROL_DEVICE,CHP_ROAD_TYPE,PEDESTRIAN_ACCIDENT,BICYCLE_ACCIDENT,MOTORCYCLE_ACCIDENT,TRUCK_ACCIDENT,NOT_PRIVATE_PROPERTY,ALCOHOL_INVOLVED,STWD_VEHTYPE_AT_FAULT,CHP_VEHTYPE_AT_FAULT,COUNT_SEVERE_INJ,COUNT_VISIBLE_INJ,COUNT_COMPLAINT_PAIN,COUNT_PED_KILLED,COUNT_PED_INJURED,COUNT_BICYCLIST_KILLED,COUNT_BICYCLIST_INJURED,COUNT_MC_KILLED,COUNT_MC_INJURED,PRIMARY_RAMP,SECONDARY_RAMP,LATITUDE,LONGITUDE,COUNTY,CITY,POINT_X,POINT_Y
92068847,2023,2023-05-15,9435,2023-05-07,"540 ",019926,,7,3,7,1005,0,1,3,,2,181,"SR-180 E/B","BLACKSTONE AVE",75.00,W,N,A,-,Y,FRE,,180," ",R,57.835,H,,R,N,4,0,1,2,A,-,01,23152,A,N,C,C,A,A,H,-,B,D,0,,,,,Y,Y,A,01,0,0,1,0,0,0,0,0,0,"- ","- ",36.751708984375,-119.79090881347656,FRESNO,FRESNO,-119.79092407226562,36.751750946044922
92069329,2023,2023-05-15,9435,2023-05-15,"947 ",015095,,1,1,7,1005,0,1,3,,2,182,"SR-180 W/B","WILLOW AVENUE",1584.00,W,N,A,-,Y,FRE,,180," ",R,61.330,H,,L,Y,3,0,1,1,A,-,03,22350,,N,E,I,A,A,H,-,A,D,0,,,,,Y,,A,01,0,1,0,0,0,0,0,0,0,"- ","- ",36.753890991210938,-119.72852325439453,FRESNO,FRESNO,-119.72852325439453,36.753768920898438
92069913,2023,2023-12-21,9435,2023-02-11,1345,017310,,6,1,7,1005,0,1,3,,2,181,"STATE ROUTE 180 WESTBOUND","PEACH AVENUE",2640.00,E,N,A,-,Y,FRE,,180," ",R,62.399,H,,L,N,1,1,0,2,A,-,01,23152,A,N,C,C,A,A,H,-,A,D,0,,,Y,,Y,Y,C,02,0,0,0,0,0,0,0,1,0,"- ","- ",36.753219604492188,-119.709228515625,FRESNO,FRESNO,-119.709228515625,36.753185272216797
92070190,2023,2023-05-16,9435,2023-05-15,1015,015095,,1,1,7,1005,0,1,3,,2,182,"SR-180 W/B","PEACH AVENUE",15840.00,W,N,A,-,Y,FRE,,180," ",R,61.520,H,,L,Y,3,0,1,2,A,-,03,22350,,N,C,C,A,A,H,-,A,D,0,,,,,Y,,A,07,0,1,0,0,0,0,0,0,0,"- ","- ",36.753631591796875,-119.72511291503906,FRESNO,FRESNO,-119.72510528564453,36.753665924072266
92071019,2023,2023-05-17,9435,2023-05-12,1210,015095,,5,1,7,1005,0,1,3,,2,181,"SR-180 W/B","G STREET",430.00,W,N,A,-,Y,FRE,,180," ",R,56.583,H,,L,Y,3,0,1,2,A,-,03,22350,,N,C,C,A,A,H,-,A,D,0,,,,,Y,,A,01,0,1,0,0,0,0,0,0,0,"- ","- ",36.743309020996094,-119.81076049804688,FRESNO,FRESNO,-119.81070709228516,36.743247985839844
92072030,2023,2023-05-18,9435,2023-05-18,"815 ",015986,,4,1,7,1005,0,1,3,,2,181,SR180,"G STREET",55.00,E,N,A,-,Y,FRE,,180," ",R,56.707,H,,L,N,4,0,1,3,A,-,03,22350,,N,C,C,A,A,H,-,A,D,0,,,,,Y,,A,07,0,0,1,0,0,0,0,0,0,"- ","- ",36.744251251220703,-119.80888366699219,FRESNO,FRESNO,-119.80886840820312,36.744235992431641
92072065,2022,2023-05-18,9435,2022-07-22,0451,021594,,5,3,7,1005,0,1,3,,2,182,"STATE ROUTE 180 EASTBOUND","CHESTNUT AVENUE",1088.00,E,N,A,-,Y,FRE,,180,,R,61.134,H,,R,Y,2,0,8,2,C,-,18,,,N,D,C,A,A,H,-,D,D,0,,,,,Y,,-,"- ",2,0,6,0,0,0,0,0,0,"- ","- ",36.753818511962891,-119.73201751708984,FRESNO,FRESNO,-119.73202514648438,36.753814697265625
92072074,2022,2023-05-18,9435,2022-07-22,0452,021594,,5,3,7,1005,0,1,3,,2,182,"STATE ROUTE 180 EASTBOUND","CHESTNUT AVENUE",1100.00,E,N,A,-,Y,FRE,,180,,R,61.134,H,,R,Y,4,0,4,2,C,-,18,,,N,B,C,A,A,H,-,D,D,0,,,,,Y,,-,"- ",0,0,4,0,0,0,0,0,0,"- ","- ",36.753818511962891,-119.73201751708984,FRESNO,FRESNO,-119.73202514648438,36.753814697265625
92075322,2023,2023-05-23,9435,2023-05-12,2205,020592,,5,3,9,1000,0,1,3,,1,183,"SR-180 WESTBOUND","MCCALL AVENUE",0.00,,Y,A,-,Y,FRE,,180," ",R,68.354,H,,L,N,3,0,2,2,A,-,01,23152,A,N,D,C,A,A,H,-,C,A,0,,,,Y,Y,Y,A,07,0,2,0,0,0,0,0,0,0,"- ","- ",36.736000061035156,-119.60997772216797,FRESNO,UNINCORPORATED,-119.60997772216797,36.735992431640625
92075401,2023,2023-05-23,9435,2023-05-15,1005,019263,,1,1,7,1005,0,1,3,,2,182,"SR-180 W/B","WILLOW AVE",320.00,W,N,A,-,Y,FRE,,180," ",R,61.321,H,,L,Y,4,0,1,2,A,-,03,22350,,N,C,C,A,A,H,-,A,D,0,,,,,Y,,A,01,0,0,1,0,0,0,0,0,0,"- ","- ",36.753810882568359,-119.72869110107422,FRESNO,FRESNO,-119.72869110107422,36.753776550292969
92076129,2023,2023-05-24,9435,2023-03-26,2035,020942,,7,2,9,1000,0,1,3,,1,180,"STATE ROUTE 180","SONOMA AVENUE",7286.00,W,N,A,-,Y,FRE,,180," "," ",31.196,H,,R,Y,1,1,2,3,A,-,01,23152,A,N,A,C,A,A,H,-,D,D,0,,,,,Y,Y,A,01,1,1,0,0,0,0,0,0,0,"- ","- ",36.734359741210938,-120.26643371582031,FRESNO,UNINCORPORATED,-120.26643371582031,36.734386444091797
92082724,2023,2023-05-31,9435,2023-05-19,"709 ",015986,,5,1,7,1005,0,1,3,,2,181,SR180,"BROADWAY STREET",285.00,W,N,A,-,Y,FRE,,180," ",R,57.015,H,,R,N,4,0,1,1,A,-,01,23152,F,N,E,I,A,A,H,-,A,D,0,,,,,Y,,A,07,0,0,1,0,0,0,0,0,0,"- ","- ",36.74639892578125,-119.80390167236328,FRESNO,FRESNO,-119.80399322509766,36.746509552001953
92085988,2023,2023-06-05,9435,2023-05-29,2350,021357,,1,3,7,1005,0,1,3,,1,180,"SR-180 W/B","TEILMAN AVE",19.00,W,N,A,-,Y,FRE,,180," ",R,55.850,H,,L,Y,3,0,1,1,A,-,01,23152,A,N,E,I,A,A,H,-,D,D,0,,,,,Y,Y,A,01,0,1,0,0,0,0,0,0,0,"- ","- ",36.738491058349609,-119.82219696044922,FRESNO,FRESNO,-119.82221221923828,36.738571166992188
92086070,2023,2023-06-05,9435,2023-05-26,2215,020592,,5,3,7,1005,0,1,3,,1,183,"STATE ROUTE 180 (EASTBOUND)","CLOVIS AVENUE",528.00,W,N,A,-,Y,FRE,,180," ",R,62.687,H,,R,N,3,0,1,2,A,-,01,23152,A,F,C,C,A,A,H,-,D,D,0,,,,,Y,Y,A,01,0,1,0,0,0,0,0,0,0,"- ","- ",36.752750396728516,-119.70401000976562,FRESNO,FRESNO,-119.70401000976562,36.752738952636719
92086236,2023,2023-06-05,9435,2023-05-25,1535,020095,,4,2,7,1005,0,1,3,,2,181,"SR-180 W/B","FIRST ST",1200.00,E,N,A,-,Y,FRE,,180," ",R,59.112,H,,L,Y,3,0,2,3,A,-,08,22107,,N,E,I,A,A,H,-,A,D,0,,,,,Y,,A,01,0,2,0,0,0,0,0,0,0,"- ","- ",36.755039215087891,-119.76830291748047,FRESNO,FRESNO,-119.76830291748047,36.755126953125
92087268,2023,2023-06-06,9435,2023-06-01,2040,021594,,4,2,9,1000,0,3,5,,2,010,"SR-180 W/B","DEL NORTE AVE",400.00,E,N,A,-,Y,FRE,,180," "," ",42.223,H,,L,N,4,0,4,3,A,-,03,22350,,N,C,C,A,A,H,-,C,D,0,,,,,Y,,A,07,0,0,4,0,0,0,0,0,0,"- ","- ",36.734909057617188,-120.06771087646484,FRESNO,UNINCORPORATED,-120.06771087646484,36.734870910644531
92088401,2023,2023-06-07,9435,2023-06-04,1615,020887,,7,2,9,1000,0,1,3,,1,183,"SR-180 E/B","BETHEL AVE",35.00,W,N,A,-,Y,FRE,,180," ",R,70.324,H,,R,Y,4,0,2,3,A,-,01,23152,A,N,C,C,A,A,H,-,A,D,0,,,,,Y,Y,A,07,0,0,2,0,0,0,0,0,0,"- ","- ",36.735908508300781,-119.57450103759766,FRESNO,UNINCORPORATED,-119.57450103759766,36.735904693603516
92089306,2023,2023-06-08,9435,2023-06-07,"742 ",015986,,3,1,7,1005,0,1,3,,2,182,SR180,"PEACH AVENUE",581.00,E,N,A,-,Y,FRE,,180," ",R,62.023,H,,L,Y,3,0,1,2,A,-,07,21658,A,M,E,I,A,A,H,-,A,D,0,,,,,Y,,-,99,0,1,0,0,0,0,0,0,0,"- ","- ",36.753471374511719,-119.71601867675781,FRESNO,FRESNO,-119.71602630615234,36.753391265869141
92091274,2023,2023-06-12,9435,2023-06-01,1930,021119,,4,2,7,1005,0,1,3,,2,181,"STATE ROUTE 180 EASTBOUND","H ST",705.00,E,N,A,-,Y,FRE,,180," ",R,56.983,H,,R,Y,4,0,3,3,A,-,07,21658,A,M,B,C,A,A,H,-,A,D,0,,,,,Y,,-,99,0,0,3,0,0,0,0,0,0,"- ","- ",36.746219635009766,-119.80442810058594,FRESNO,FRESNO,-119.80446624755859,36.746261596679688
92091687,2023,2023-06-12,9435,2023-06-06,1010,018926,,2,1,9,1000,0,1,3,,1,180,SR-180,"SAN MATEO AVE",1742.00,W,N,A,-,Y,FRE,,180," "," ",28.167,H,,R,Y,3,0,1,1,A,-,08,22107,,M,E,I,A,A,H,-,A,D,0,,,,,Y,,D,22,0,1,0,0,0,0,0,0,0,"- ","- ",36.734481811523438,-120.32102203369141,FRESNO,UNINCORPORATED,-120.32096099853516,36.734352111816406
92098741,2023,2023-06-21,9435,2023-06-19,1215,019263,,1,1,9,1000,0,1,3,,1,183,"STATE ROUTE 180","ACADEMY AVENUE",0.00,,Y,A,-,Y,FRE,,180," ",R,71.330,H,,R,Y,3,0,2,2,A,-,01,23152,F,N,D,C,A,A,H,-,A,D,0,,,,,Y,,-,"- ",0,2,0,0,0,0,0,0,0,"- ","- ",36.736141204833984,-119.55637359619141,FRESNO,UNINCORPORATED,-119.55637359619141,36.735923767089844
92099170,2023,2023-06-21,9435,2023-06-15,1540,020095,,4,2,9,1000,0,1,3,,1,180,"SR-180 E/B","LASSEN AVE",0.00,,Y,A,-,Y,FRE,,180," "," ",40.618,H,,R,Y,4,0,4,2,A,-,03,22350,,N,C,C,A,A,H,-,A,D,0,,,,,Y,,D,22,0,0,4,0,0,0,0,0,0,"- ","- ",36.734729766845703,-120.09638977050781,FRESNO,UNINCORPORATED,-120.09638977050781,36.734729766845703
92099193,2023,2023-06-21,9435,2023-04-25,1120,020540,,2,1,9,1000,0,1,3,,2,184,"STATE ROUTE 180","ALTA AVENUE",657.00,W,N,A,-,Y,FRE,,180," "," ",80.923,H,,R,Y,1,2,3,2,A,-,05,21460,A,N,A,C,A,A,H,-,A,D,0,,,,,Y,,A,07,0,3,0,0,0,0,0,0,0,"- ","- ",36.719928741455078,-119.39718627929688,FRESNO,UNINCORPORATED,-119.39719390869141,36.719924926757812
92099266,2023,2023-06-21,9435,2023-06-17,1100,016507,,6,1,9,1000,0,1,3,,2,184,"STATE ROUTE 180 (KINGS CANYON ROAD)","ALTA AVE",2640.00,W,N,A,-,Y,FRE,,180," "," ",80.534,H,,R,Y,4,0,4,4,A,-,03,22350,,N,C,C,A,A,H,-,A,D,0,,,,,Y,,E,22,0,0,4,0,0,0,0,0,0,"- ","- ",36.717170715332031,-119.40341949462891,FRESNO,UNINCORPORATED,-119.40339660644531,36.717144012451172
92104260,2023,2023-06-28,9435,2023-06-24,"805 ",018926,,6,1,9,1000,0,1,3,,1,180,"STATE ROUTE 180","HAYES AVENUE",0.00,,Y,B,-,Y,FRE,,180," "," ",51.589,H,,R,Y,4,0,1,2,A,-,08,22107,,N,A,C,A,A,H,-,A,D,0,,,,,Y,,A,07,0,0,1,0,0,0,0,0,0,"- ","- ",36.735511779785156,-119.89878845214844,FRESNO,UNINCORPORATED,-119.89878845214844,36.735374450683594
92104528,2023,2023-06-28,9435,2023-06-24,2120,021606,,6,2,7,1005,0,1,3,,2,182,"STATE ROUTE 180","WILLOW AVE.",525.00,W,N,A,-,Y,FRE,,180," ",R,61.285,H,,R,Y,4,0,4,2,A,-,08,22107,,M,E,J,A,A,H,-,C,D,0,,,,,Y,,A,07,0,0,4,0,0,0,0,0,0,"- ","- ",36.753730773925781,-119.72930145263672,FRESNO,FRESNO,-119.72930908203125,36.753559112548828
92104576,2023,2023-06-28,9435,2023-06-24,1120,019926,,6,1,7,1005,0,1,3,,2,181,"SR-180 W/B","H ST",150.00,W,N,A,-,Y,FRE,,180," ",R,56.808,H,,L,N,4,0,4,4,A,-,03,22350,,N,C,C,A,A,H,-,A,D,0,,,,,Y,,E,22,0,0,4,0,0,0,0,0,0,"- ","- ",36.745098114013672,-119.80732727050781,FRESNO,FRESNO,-119.80730438232422,36.745071411132812
92105424,2023,2023-06-29,9435,2023-06-29,1012,015095,,4,1,9,1000,0,1,3,,1,183,"SR-180 E/B","TEMPERANCE AVENUE",1000.00,W,N,A,-,Y,FRE,,180," ",R,65.108,H,,R,Y,3,0,1,1,A,-,08,22107,,N,E,I,A,A,H,-,A,D,0,,,,,Y,,A,01,0,1,0,0,0,0,0,0,0,"- ","- ",36.741420745849609,-119.66693115234375,FRESNO,UNINCORPORATED,-119.66688537597656,36.741455078125
92108823,2023,2023-07-03,9435,2023-07-02,"520 ",016507,,7,3,9,1000,0,1,3,,2,184,"STATE ROUTE 180 (KINGS CANYON ROAD)","FRANKWOOD AVE",7920.00,E,N,A,-,Y,FRE,,180," "," ",79.414,H,,R,Y,3,0,1,1,A,-,08,22107,,N,E,I,A,A,H,-,A,D,0,,,,,Y,,D,22,0,1,0,0,0,0,0,0,0,"- ","- ",36.715038299560547,-119.42292785644531,FRESNO,UNINCORPORATED,-119.42291259765625,36.715103149414062
92114209,2023,2023-07-11,9435,2023-05-31,2217,020680,,3,3,9,1000,0,1,3,,1,180,"STATE ROUTE 180","BRYAN AVENUE",0.00,,Y,A,-,Y,FRE,,180," "," ",51.091,H,,R,Y,1,1,0,2,A,-,00,21960,A,N,G,B,E,A,H,-,D,D,0,Y,,,,Y,,N,60,0,0,0,1,0,0,0,0,0,"- ","- ",36.735298156738281,-119.90782928466797,FRESNO,UNINCORPORATED,-119.90782928466797,36.735343933105469
92115269,2023,2023-07-12,9435,2023-07-02,1540,016507,,7,2,9,1000,0,1,3,,2,184,"STATE ROUTE 180 (KINGS CANYON ROAD)","FRANKWOOD AVE",100.00,E,N,A,-,Y,FRE,,180," ",R,77.559,H,,R,Y,2,0,1,2,A,-,09,21802,A,F,F,A,A,A,H,-,A,D,0,,,,,Y,,-,99,1,0,0,0,0,0,0,0,0,"- ","- ",36.721431732177734,-119.44776153564453,FRESNO,UNINCORPORATED,-119.44778442382812,36.721382141113281
92117187,2023,2023-07-14,9435,2023-07-13,"745 ",020429,,4,1,9,1000,0,1,3,,2,184,SR-180,SR-245,300.00,W,N,A,-,Y,FRE,,180," "," ",108.051,H,,R,Y,4,0,2,1,A,-,08,22107,,N,E,I,A,A,H,-,A,D,0,,,,,Y,,A,01,0,0,2,0,0,0,0,0,0,"- ","- ",36.71990966796875,-119.00142669677734,FRESNO,UNINCORPORATED,-119.00139617919922,36.719978332519531
92117218,2023,2023-07-14,9435,2023-07-13,1735,020586,,4,2,7,1005,0,1,3,,2,181,"SR-180 EB","FIRST ST",845.00,E,N,A,-,Y,FRE,,180," ",R,59.046,H,,R,N,3,0,1,2,A,-,03,22350,,N,C,C,A,A,H,-,A,D,0,,,,,Y,,A,01,0,1,0,0,0,0,0,0,0,"- ","- ",36.75482177734375,-119.76949310302734,FRESNO,FRESNO,-119.76949310302734,36.754852294921875
92119688,2023,2023-07-18,9435,2023-07-09,1100,020540,,7,1,9,1000,0,1,3,,2,184,"STATE ROUTE 180","GEORGE SMITH ROAD",0.00,,Y,A,-,Y,FRE,,180," "," ",89.376,H,,R,Y,4,0,4,3,A,-,08,22107,,N,D,C,A,A,H,-,A,A,0,,,,,Y,,D,22,0,0,4,0,0,0,0,0,0,"- ","- ",36.737308502197266,-119.25827026367188,FRESNO,UNINCORPORATED,-119.25829315185547,36.737373352050781
92121128,2023,2023-07-19,9435,2023-07-14,1500,020680,,5,2,9,1000,0,1,3,,1,180,SR-180,"SONOMA AVE.",3696.00,W,N,A,-,Y,FRE,,180," "," ",31.877,H,,R,Y,4,0,1,1,A,-,08,22107,,N,F,I,A,A,H,-,A,D,0,,,,,Y,,A,07,0,0,1,0,0,0,0,0,0,"- ","- ",36.734619140625,-120.25412750244141,FRESNO,UNINCORPORATED,-120.25412750244141,36.734375
92124324,2023,2023-07-24,9435,2023-07-21,"600 ",017310,,5,1,7,1005,0,1,3,,2,181,"SR 180 WB","CEDAR AVENUE",350.00,W,N,A,-,Y,FRE,,180," ",R,59.797,H,,L,N,4,0,2,2,D,-,00,,,N,B,C,A,A,H,-,B,D,0,,,,,Y,,-,"- ",0,0,2,0,0,0,0,0,0,"- ","- ",36.755180358886719,-119.75594329833984,FRESNO,FRESNO,-119.75594329833984,36.755149841308594
92126547,2023,2023-07-26,9435,2023-06-17,2340,021547,,6,3,9,1000,0,1,3,,1,180,"STATE ROUTE 180","BISHOP AVENUE",1924.00,W,N,A,-,Y,FRE,,180," "," ",45.278,H,,R,Y,1,1,0,3,A,-,11,21954,A,N,G,B,E,A,H,-,D,D,0,Y,,,,Y,Y,N,60,0,0,0,1,0,0,0,0,0,"- ","- ",36.734951019287109,-120.01261138916016,FRESNO,UNINCORPORATED,-120.01261138916016,36.734958648681641
92132945,2023,2023-08-01,9435,2023-07-27,1900,020540,,4,2,9,1000,0,1,3,,2,184,"STATE ROUTE 180","STATE ROUTE 63",6336.00,W,N,A,-,Y,FRE,,180," "," ",86.442,H,,R,Y,3,0,3,2,A,-,03,22350,,N,C,C,A,A,H,-,A,D,0,,,,,Y,,A,01,0,1,2,0,0,0,0,0,0,"- ","- ",36.723609924316406,-119.30464172363281,FRESNO,UNINCORPORATED,-119.30462646484375,36.723545074462891
92135310,2023,2023-08-03,9435,2023-08-02,1345,020429,,3,1,9,1000,0,1,3,,2,184,"STATE ROUTE 180 WESTBOUND","FRANKWOOD AVENUE",0.00,,Y,A,-,Y,FRE,,180," ",R,77.156,H,,L,Y,3,0,2,2,A,-,09,21801,A,N,D,C,A,A,H,-,A,D,0,,,,,Y,,A,01,0,1,1,0,0,0,0,0,0,"- ","- ",36.721771240234375,-119.44814300537109,FRESNO,UNINCORPORATED,-119.44815063476562,36.721752166748047
92138606,2023,2023-08-08,9435,2023-08-02,1435,020887,,3,2,9,1000,0,1,3,,1,183,"SR-180 W/B","LEONARD AVE",300.00,E,N,A,-,Y,FRE,,180," ",R,66.928,H,,L,N,4,0,1,3,A,-,03,22350,,N,C,C,A,A,H,-,A,D,0,,,,,Y,,A,01,0,0,1,0,0,0,0,0,0,"- ","- ",36.736579895019531,-119.63568878173828,FRESNO,UNINCORPORATED,-119.63568878173828,36.736614227294922
92139741,2023,2023-08-09,9435,2023-08-09,"700 ",015986,,3,1,7,1005,0,1,3,,2,181,SR180,"G STREET",22.00,E,N,A,-,Y,FRE,,180," ",R,56.700,H,,L,Y,4,0,1,2,A,-,07,21658,A,N,C,C,A,A,H,-,A,D,0,,,Y,,Y,,A,07,0,0,1,0,0,0,0,0,1,"- ","- ",36.74420166015625,-119.80899810791016,FRESNO,FRESNO,-119.80898284912109,36.744174957275391
92140744,2023,2023-08-10,9435,2023-08-08,1730,020680,,2,2,9,1000,0,1,3,,2,181,"SR-180 E/B",SR-41,1530.00,W,N,A,-,Y,FRE,,180," ",R,58.381,H,,R,Y,4,0,1,4,A,-,03,22350,,N,C,C,A,A,H,-,A,A,0,,,,,Y,,D,22,0,0,1,0,0,0,0,0,0,"- ","- ",36.753501892089844,-119.78134918212891,FRESNO,UNINCORPORATED,-119.78135681152344,36.753528594970703
92144152,2023,2023-08-15,9435,2023-08-03,2350,021031,,4,3,7,1005,0,1,3,,2,182,"STATE ROUTE 180 EASTBOUND","CEDAR AVENUE",5280.00,W,N,A,-,Y,FRE,,180," ",R,59.621,H,,R,Y,4,0,1,2,A,-,01,23152,A,N,C,C,A,A,H,-,C,D,0,,,,,Y,Y,A,01,0,0,1,0,0,0,0,0,0,"- ","- ",36.754798889160156,-119.75910186767578,FRESNO,FRESNO,-119.75910186767578,36.754871368408203
92144629,2023,2023-08-15,9435,2023-08-13,1142,018926,,7,1,9,1000,0,1,3,,1,180,"STATE ROUTE 180","YUBA AVE.",3168.00,W,N,A,-,Y,FRE,,180," "," ",35.938,H,,R,Y,3,0,1,2,A,-,09,21804,A,N,D,C,A,A,H,-,A,D,0,,,,,Y,,A,08,0,1,0,0,0,0,0,0,0,"- ","- ",36.734649658203125,-120.18094635009766,FRESNO,UNINCORPORATED,-120.18094635009766,36.734630584716797
92149138,2023,2023-08-21,9435,2023-08-19,"300 ",021119,,6,3,7,1005,0,1,3,,2,181,"STATE ROUTE 180 WESTBOUND","CEDAR AVENUE",200.00,E,N,A,-,Y,FRE,,180," ",R,59.922,H,,L,Y,4,0,1,1,A,-,08,22107,,N,E,I,A,A,H,-,D,D,0,,,,,Y,,A,01,0,0,1,0,0,0,0,0,0,"- ","- ",36.755100250244141,-119.75361633300781,FRESNO,FRESNO,-119.75361633300781,36.755142211914062
92151181,2023,2023-08-23,9435,2023-08-18,1810,020887,,5,2,7,1005,0,1,3,,2,181,"SR-180 W/B","CEDAR AVE",792.00,W,N,A,-,Y,FRE,,180," ",R,59.716,H,,L,N,3,0,1,2,A,-,07,21658,A,N,B,C,A,A,H,-,A,D,0,,,,,Y,,A,07,0,1,0,0,0,0,0,0,0,"- ","- ",36.755149841308594,-119.75740051269531,FRESNO,FRESNO,-119.75740051269531,36.755153656005859
92151207,2023,2023-08-23,9435,2023-08-18,1815,020942,,5,2,9,1000,0,1,3,,1,180,"STATE ROUTE 180","CHATEAU-FRESNO AVENUE",82.00,E,N,A,-,Y,FRE,,180," "," ",49.637,H,,R,Y,4,0,2,3,A,-,03,22350,,N,C,C,A,A,H,-,A,D,0,,,,,Y,,A,01,0,0,2,0,0,0,0,0,0,"- ","- ",36.7352294921875,-119.93402862548828,FRESNO,UNINCORPORATED,-119.93402862548828,36.735221862792969
92151231,2023,2023-08-23,9435,2023-08-16,1420,020127,,3,2,9,1000,0,1,3,,2,184,"STATE ROUTE 180","HUME ROAD",5280.00,W,N,A,-,Y,FRE,,180," "," ",115.180,H,,R,Y,3,0,1,1,A,-,01,23152,A,N,E,I,A,A,H,-,A,D,0,,,,,Y,Y,A,01,0,1,0,0,0,0,0,0,0,"- ","- ",36.798839569091797,-118.95117950439453,FRESNO,UNINCORPORATED,-118.95121765136719,36.798915863037109
92151255,2023,2023-08-23,9435,2023-08-16,"700 ",018926,,3,1,7,1005,0,1,3,,2,181,"STATE ROUTE 180, W/B","H ST.",528.00,W,N,A,-,Y,FRE,,180," ",R,56.759,H,,L,Y,4,0,1,3,A,-,03,22350,,N,C,C,A,A,H,-,A,D,0,,,,,Y,,D,22,0,0,1,0,0,0,0,0,0,"- ","- ",36.744678497314453,-119.80809020996094,FRESNO,FRESNO,-119.80807495117188,36.744663238525391
92151356,2023,2023-08-23,9435,2023-08-18,2040,020887,,5,2,9,1000,0,1,3,,1,183,"SR-180 W/B","MCCALL AVE",30.00,E,N,A,-,Y,FRE,,180," ",R,68.372,H,,L,Y,3,0,2,2,A,-,03,22350,,N,C,C,A,A,H,-,D,D,0,,,,,Y,,A,07,0,1,1,0,0,0,0,0,0,"- ","- ",36.735988616943359,-119.60967254638672,FRESNO,UNINCORPORATED,-119.60967254638672,36.735996246337891
92152268,2023,2023-08-24,9435,2023-08-15,1208,018926,,2,1,9,1000,0,1,3,,1,180,"STATE ROUTE 180","DICKENSON AVE.",100.00,W,N,A,-,Y,FRE,,180," "," ",47.620,H,,R,Y,3,0,4,4,A,-,03,22350,,N,C,C,A,A,H,-,A,D,0,,,,Y,Y,,D,22,0,2,2,0,0,0,0,0,0,"- ","- ",36.734981536865234,-119.97049713134766,FRESNO,UNINCORPORATED,-119.97049713134766,36.734966278076172
92154360,2023,2023-08-25,9435,2023-08-24,1225,015095,,4,1,7,1005,0,1,3,,2,182,"SR-180 E/B","FOWLER AVENUE",1056.00,W,N,A,-,Y,FRE,,180," ",R,63.725,H,,R,Y,3,0,1,2,A,-,03,22350,,N,C,C,A,A,D,-,A,D,0,,,,,Y,,A,01,0,1,0,0,0,0,0,0,0,"- ","- ",36.753391265869141,-119.68546295166016,FRESNO,FRESNO,-119.68546295166016,36.753379821777344
92154758,2023,2023-08-25,9435,2023-08-17,1640,021086,,4,2,9,1000,0,1,3,,2,181,"SR-180 (E/B) TO SR-168 (E/B)","FIRST STREET",1584.00,E,N,A,-,Y,FRE,,180," ",R,59.186,H,,R,Y,4,0,1,2,A,-,03,22350,,N,C,C,A,A,H,-,A,D,0,,,,,Y,,D,22,0,0,1,0,0,0,0,0,0,"- ","- ",36.754791259765625,-119.76696014404297,FRESNO,UNINCORPORATED,-119.76696014404297,36.754859924316406