CASE_ID,ACCIDENT_YEAR,PROC_DATE,JURIS,COLLISION_DATE,COLLISION_TIME,OFFICER_ID,REPORTING_DISTRICT,DAY_OF_WEEK,CHP_SHIFT,POPULATION,CNTY_CITY_LOC,SPECIAL_COND,BEAT_TYPE,CHP_BEAT_TYPE,CITY_DIVISION_LAPD,CHP_BEAT_CLASS,BEAT_NUMBER,PRIMARY_RD,SECONDARY_RD,DISTANCE,DIRECTION,INTERSECTION,WEATHER_1,WEATHER_2,STATE_HWY_IND,CALTRANS_COUNTY,CALTRANS_DISTRICT,STATE_ROUTE,ROUTE_SUFFIX,POSTMILE_PREFIX,POSTMILE,LOCATION_TYPE,RAMP_INTERSECTION,SIDE_OF_HWY,TOW_AWAY,COLLISION_SEVERITY,NUMBER_KILLED,NUMBER_INJURED,PARTY_COUNT,PRIMARY_COLL_FACTOR,PCF_CODE_OF_VIOL,PCF_VIOL_CATEGORY,PCF_VIOLATION,PCF_VIOL_SUBSECTION,HIT_AND_RUN,TYPE_OF_COLLISION,MVIW,PED_ACTION,ROAD_SURFACE,ROAD_COND_1,ROAD_COND_2,LIGHTING,CONTROL_DEVICE,CHP_ROAD_TYPE,PEDESTRIAN_ACCIDENT,BICYCLE_ACCIDENT,MOTORCYCLE_ACCIDENT,TRUCK_ACCIDENT,NOT_PRIVATE_PROPERTY,ALCOHOL_INVOLVED,STWD_VEHTYPE_AT_FAULT,CHP_VEHTYPE_AT_FAULT,COUNT_SEVERE_INJ,COUNT_VISIBLE_INJ,COUNT_COMPLAINT_PAIN,COUNT_PED_KILLED,COUNT_PED_INJURED,COUNT_BICYCLIST_KILLED,COUNT_BICYCLIST_INJURED,COUNT_MC_KILLED,COUNT_MC_INJURED,PRIMARY_RAMP,SECONDARY_RAMP,LATITUDE,LONGITUDE,COUNTY,CITY,POINT_X,POINT_Y
92160206,2023,2023-08-31,9435,2023-08-23,1412,021703,,3,2,7,1005,0,1,3,,2,181,"SR-180 E/B","FRESNO ST",528.00,W,N,A,-,Y,FRE,,180," ",R,58.257,H,,R,Y,4,0,1,4,A,-,03,22350,,N,C,C,A,A,H,-,A,D,0,,,,,Y,,A,01,0,0,1,0,0,0,0,0,0,"- ","- ",36.753181457519531,-119.78354644775391,FRESNO,FRESNO,-119.78356170654297,36.753223419189453
92163255,2023,2023-09-06,9435,2023-08-27,1500,020540,,7,2,9,1000,0,1,3,,2,184,"STATE ROUTE 180","SEQUOIA LAKE DRIVE",240.00,W,N,A,-,Y,FRE,,180," "," ",108.791,H,,R,Y,2,0,1,1,A,-,03,22350,,N,E,I,A,A,H,-,A,D,0,,,Y,,Y,,C,02,1,0,0,0,0,0,0,0,1,"- ","- ",36.723289489746094,-118.99244689941406,FRESNO,UNINCORPORATED,-118.99246978759766,36.723308563232422
92163376,2023,2023-09-06,9435,2023-08-28,"755 ",020095,,1,1,7,1005,0,1,3,,2,181,"SR-180 E/B",SR-41,70.00,W,N,A,-,Y,FRE,,180," ",R,58.660,H,,R,Y,4,0,1,2,A,-,03,22350,,N,C,C,A,A,H,-,A,D,0,,,,,Y,,A,01,0,0,1,0,0,0,0,0,0,"- ","- ",36.754119873046875,-119.77639007568359,FRESNO,FRESNO,-119.77639770507812,36.754154205322266
92164595,2023,2023-09-07,9435,2023-08-29,1700,020586,,2,2,7,1005,0,1,3,,2,181,"SR-180 WB TO SR-41","CEDAR AVE",1584.00,W,N,A,-,Y,FRE,,180," ",R,59.494,H,,L,N,2,0,1,2,A,-,00,21960,A,N,G,B,D,A,H,-,A,D,0,Y,,,,Y,,N,60,1,0,0,0,1,0,0,0,0,"- ","- ",36.75537109375,-119.76141357421875,FRESNO,FRESNO,-119.76141357421875,36.755153656005859
92164617,2023,2023-09-07,9435,2023-08-29,1645,020680,,2,2,9,1000,0,1,3,,2,181,"SR-180 E/B","FRESNO ST",850.00,W,N,A,-,Y,FRE,,180," ",R,58.205,H,,R,Y,4,0,1,3,A,-,03,22350,,N,C,C,A,A,H,-,A,D,0,,,,,Y,,D,22,0,0,1,0,0,0,0,0,0,"- ","- ",36.753059387207031,-119.78446960449219,FRESNO,UNINCORPORATED,-119.78446960449219,36.753063201904297
92167556,2023,2023-09-11,9435,2023-09-08,1008,020019,,5,1,7,1005,0,1,3,,2,181,"STATE ROUTE 180 EASTBOUND","BLACKSTONE AVENUE",49.00,W,N,A,-,Y,FRE,,180," ",R,57.841,H,,R,Y,4,0,1,2,A,-,08,22107,,N,B,C,A,A,H,-,A,D,0,,,,Y,Y,,G,25,0,0,1,0,0,0,0,0,0,"- ","- ",36.751739501953125,-119.79080963134766,FRESNO,FRESNO,-119.79081726074219,36.75177001953125
92168931,2023,2023-09-13,9435,2023-09-02,1715,021135,,6,2,7,1005,0,1,3,,1,180,"STATE ROUTE 180","GARFIELD AVE",0.00,,Y,A,-,Y,FRE,,180," "," ",50.109,H,,R,N,4,0,3,2,D,-,00,,,N,D,C,A,A,H,-,A,D,0,,,,,Y,,-,"- ",0,0,3,0,0,0,0,0,0,"- ","- ",36.735260009765625,-119.92546844482422,FRESNO,FRESNO,-119.92546844482422,36.735279083251953
92169041,2023,2023-09-13,9435,2023-09-06,"748 ",018926,,3,1,9,1000,0,1,3,,1,180,"STATE ROUTE 180","CORNELIA AVE.",0.00,,Y,A,-,Y,FRE,,180," "," ",52.591,H,,R,Y,4,0,1,3,A,-,09,21802,A,N,D,C,A,A,H,-,A,D,0,,,,,Y,,A,01,0,0,1,0,0,0,0,0,0,"- ","- ",36.735538482666016,-119.8807373046875,FRESNO,UNINCORPORATED,-119.8807373046875,36.735454559326172
92172336,2023,2023-09-18,9435,2023-09-08,1229,020019,,5,1,9,1000,0,1,3,,1,180,"STATE ROUTE 180","MONROE AVENUE",136.00,E,N,A,-,Y,FRE,,180," "," ",49.154,H,,R,Y,4,0,1,1,A,-,08,22107,,N,E,I,A,A,H,-,A,D,0,,,,,Y,,A,01,0,0,1,0,0,0,0,0,0,"- ","- ",36.735069274902344,-119.94264984130859,FRESNO,UNINCORPORATED,-119.94264984130859,36.735176086425781
92172523,2023,2023-09-18,9435,2023-09-05,"745 ",019263,,2,1,7,1005,0,1,3,,2,182,"SR-180 W/B","WILLOW AVE",228.00,E,N,A,-,Y,FRE,,180," ",R,61.445,H,,L,Y,4,0,1,4,A,-,03,22350,,N,C,C,A,A,H,-,A,D,0,,,,,Y,,D,22,0,0,1,0,0,0,0,0,0,"- ","- ",36.753711700439453,-119.72646331787109,FRESNO,FRESNO,-119.72646331787109,36.753707885742188
92172722,2023,2023-09-18,9435,2023-09-11,"600 ",018926,,1,1,9,1000,0,1,3,,1,180,"STATE ROUTE 180","GRANTLAND AVE.",528.00,W,N,A,-,Y,FRE,,180," "," ",50.352,H,,R,Y,4,0,1,2,A,-,03,22350,,N,C,C,A,A,H,-,B,D,0,,,,Y,Y,,D,22,0,0,1,0,0,0,0,0,0,"- ","- ",36.735260009765625,-119.92106628417969,FRESNO,UNINCORPORATED,-119.92106628417969,36.735260009765625
92175225,2023,2023-09-20,9435,2023-09-18,1545,021606,,1,2,7,1005,0,1,3,,2,181,"SR-180 E/B","H ST.",100.00,W,N,B,-,Y,FRE,,180," ",R,56.859,H,,R,Y,4,0,3,2,A,-,03,22350,,N,C,C,A,A,H,-,A,D,0,,,,,Y,,A,08,0,0,3,0,0,0,0,0,0,"- ","- ",36.7452392578125,-119.80621337890625,FRESNO,FRESNO,-119.80625915527344,36.745304107666016
92177125,2023,2023-09-22,9461,2023-09-16,1120,017329,,6,1,9,1000,0,1,3,,1,680,"SR-180 E/B","PANOCHE RD",0.00,,Y,A,-,Y,FRE,,180," "," ",26.126,H,,R,Y,4,0,1,2,A,-,09,21802,A,N,D,C,A,A,H,-,A,A,0,,,,,Y,,A,01,0,0,1,0,0,0,0,0,0,"- ","- ",36.731338500976562,-120.35897064208984,FRESNO,UNINCORPORATED,-120.35897064208984,36.731342315673828
92178555,2023,2023-09-25,9435,2023-09-17,"725 ",018926,,7,1,9,1000,0,1,3,,1,180,"STATE ROUTE 180","CORNELIA AVE.",0.00,,Y,A,-,Y,FRE,,180," "," ",52.590,H,,R,Y,3,0,2,2,A,-,09,21802,A,N,D,C,A,A,H,-,A,D,0,,,,,Y,,A,07,0,1,1,0,0,0,0,0,0,"- ","- ",36.735530853271484,-119.88076019287109,FRESNO,UNINCORPORATED,-119.88076019287109,36.735454559326172
92181046,2023,2023-09-27,9435,2023-09-22,1635,020942,,5,2,9,1000,0,1,3,,2,181,"STATE ROUTE 180 WESTBOUND",SR-99,1584.00,E,N,A,-,Y,FRE,,180," ",R,56.614,H,,L,Y,4,0,1,3,A,-,03,22350,,N,C,C,A,A,H,-,A,D,0,,,,,Y,,E,22,0,0,1,0,0,0,0,0,0,"- ","- ",36.743541717529297,-119.81027984619141,FRESNO,UNINCORPORATED,-119.81024169921875,36.743495941162109
92187783,2023,2023-10-02,9435,2023-09-25,1730,020942,,1,2,9,1000,0,1,3,,2,181,"STATE ROUTE 180, EASTBOUND","STATE ROUTE 41",2270.00,W,N,A,-,Y,FRE,,180," ",R,58.237,H,,R,Y,4,0,1,2,A,-,03,22350,,M,C,C,A,A,H,-,A,D,0,,,,,Y,,A,08,0,0,1,0,0,0,0,0,0,"- ","- ",36.753131866455078,-119.78391265869141,FRESNO,UNINCORPORATED,-119.78392028808594,36.753158569335938
92190068,2023,2023-10-04,9435,2023-09-27,2030,021247,,3,2,7,1005,0,1,3,,2,181,"STATE ROUTE 180","BLACKSTONE AVENUE",950.00,W,N,A,-,Y,FRE,,180," ",R,57.674,H,,R,N,4,0,1,2,A,-,07,21658,A,M,B,C,A,A,H,-,D,D,0,,,,,Y,Y,-,99,0,0,1,0,0,0,0,0,0,"- ","- ",36.751129150390625,-119.79371643066406,FRESNO,FRESNO,-119.79372406005859,36.751148223876953
92190316,2023,2023-10-04,9435,2023-09-24,"220 ",021031,,7,3,9,1000,0,1,3,,1,183,"SR-180 WB","TEMPERANCE AVENUE",1901.00,E,N,A,-,Y,FRE,,180," ",R,65.830,H,,L,Y,4,0,1,1,C,-,18,,,N,E,I,A,A,H,-,D,D,0,,,,,Y,,-,"- ",0,0,1,0,0,0,0,0,0,"- ","- ",36.737358093261719,-119.65686798095703,FRESNO,UNINCORPORATED,-119.65686798095703,36.73736572265625
92194461,2023,2023-10-09,9461,2023-09-30,"55  ",021837,,6,3,9,1000,0,3,5,,2,030,SR-180,"PANOCHE ROAD",1056.00,W,N,A,-,Y,FRE,,180," "," ",25.620,H,,R,Y,3,0,1,1,A,-,01,23152,A,N,F,A,A,A,H,-,D,D,0,,,,,Y,Y,A,07,0,1,0,0,0,0,0,0,0,"- ","- ",36.735008239746094,-120.36280059814453,FRESNO,UNINCORPORATED,-120.36278533935547,36.735012054443359
92195028,2023,2023-10-10,9435,2023-10-09,1547,021153,,1,2,9,1000,0,1,3,,1,180,"STATE ROUTE 180 (WESTBOUND)","BRAWLEY AVENUE",170.00,E,N,A,-,Y,FRE,,180," ",R,53.631,H,,R,N,4,0,2,2,A,-,03,22350,,N,C,C,A,A,H,-,A,A,0,,,,,Y,,D,22,0,0,2,0,0,0,0,0,0,"- ","- ",36.735569000244141,-119.86184692382812,FRESNO,UNINCORPORATED,-119.86184692382812,36.735450744628906
92195054,2023,2023-10-10,9435,2023-10-06,1630,021594,,5,2,7,1005,0,1,3,,2,181,SR-180,SR-99,1056.00,E,N,A,-,Y,FRE,,180," ",R,56.910,H,,R,Y,4,0,2,1,A,-,08,22107,,N,E,I,A,A,H,-,A,D,0,,,,,Y,,A,07,0,0,2,0,0,0,0,0,0,"- ","- ",36.745819091796875,-119.80561828613281,FRESNO,FRESNO,-119.80551910400391,36.745697021484375
92195100,2023,2023-10-10,9435,2023-10-06,"227 ",020064,,5,3,7,1005,0,1,3,,1,183,"STATE ROUTE 180 (SR-180) EASTBOUND","FOWLER AVENUE",480.00,W,N,B,-,Y,FRE,,180," ",R,63.822,H,,R,Y,3,0,1,1,A,-,01,23152,A,M,E,8,A,A,D,-,D,D,0,,,,,Y,Y,A,07,0,1,0,0,0,0,0,0,0,"- ","- ",36.753269195556641,-119.68373870849609,FRESNO,FRESNO,-119.68374633789062,36.753242492675781
92195651,2023,2023-10-10,9435,2023-10-09,1047,020095,,1,1,9,1000,0,1,3,,1,180,"SR-180 W/B","CORNELIA AVE",0.00,,Y,A,-,Y,FRE,,180," "," ",52.589,H,,L,Y,3,0,1,3,A,-,09,21802,A,N,D,C,A,A,H,-,A,A,0,,,,,Y,,A,01,0,1,0,0,0,0,0,0,0,"- ","- ",36.735538482666016,-119.88076019287109,FRESNO,UNINCORPORATED,-119.88076019287109,36.735549926757812
92196366,2023,2023-10-11,9435,2023-10-11,"700 ",015095,,3,1,9,1000,0,1,3,,1,183,"SR-180 W/B","DEWOLF AVENUE",1584.00,E,N,A,-,Y,FRE,,180," ",R,66.645,H,,L,Y,4,0,1,2,A,-,03,22350,,N,C,C,A,A,H,-,A,A,0,,,,,Y,,A,01,0,0,1,0,0,0,0,0,0,"- ","- ",36.736949920654297,-119.64077758789062,FRESNO,UNINCORPORATED,-119.64078521728516,36.736923217773438
92196486,2023,2023-10-11,9435,2023-10-09,"735 ",016507,,1,1,9,1000,0,1,3,,2,184,"STATE ROUTE 180","DUNLAP RD",12144.00,E,N,A,-,Y,FRE,,180," "," ",98.066,H,,R,Y,4,0,1,1,A,-,08,22107,,N,F,0,A,A,H,-,A,D,0,,,,,Y,,E,22,0,0,1,0,0,0,0,0,0,"- ","- ",36.758518218994141,-119.12315368652344,FRESNO,UNINCORPORATED,-119.12316131591797,36.758499145507812
92197480,2023,2023-10-12,9435,2023-10-02,2025,016507,,1,2,9,1000,0,1,3,,2,184,"STATE ROUTE 180 (KINGS CANYON ROAD)","REED AVE",0.00,,Y,A,-,Y,FRE,,180," ",M,77.090,H,,R,Y,3,0,2,2,A,-,09,21453,C,F,D,2,A,A,H,-,C,A,0,,,,,Y,,A,07,0,2,0,0,0,0,0,0,0,"- ","- ",36.724411010742188,-119.45542144775391,FRESNO,UNINCORPORATED,-119.45543670654297,36.724384307861328
92200005,2023,2024-02-08,9435,2023-10-07,1650,016911,,6,2,9,1000,0,3,5,,2,060,SR-180,"SILVER LANE",5280.00,E,N,A,-,Y,FRE,,180," "," ",92.218,H,,R,N,2,0,2,1,A,-,08,22107,,N,E,I,A,A,H,-,A,D,0,,,,,Y,,D,22,2,0,0,0,0,0,0,0,0,"- ","- ",36.754428863525391,-119.21283721923828,FRESNO,UNINCORPORATED,-119.21285247802734,36.754463195800781
92200385,2023,2023-10-16,9435,2023-10-11,1720,021594,,3,2,7,1005,0,1,3,,2,181,"SR-180 W/B",SR-99,1056.00,E,N,A,-,Y,FRE,,180," ",R,56.682,H,,L,Y,4,0,1,2,A,-,03,22350,,N,C,C,A,A,H,-,A,D,0,,,Y,,Y,,C,02,0,0,1,0,0,0,0,0,1,"- ","- ",36.7440185546875,-119.80924224853516,FRESNO,FRESNO,-119.80924987792969,36.744029998779297
92201483,2023,2023-10-17,9435,2023-10-09,2110,018944,,1,2,7,1005,0,1,3,,2,181,"STATE ROUTE 180 EASTBOUND","VAN NESS AVENUE",100.00,W,N,A,-,Y,FRE,,180," ",R,57.330,H,,R,Y,3,0,3,2,A,-,01,23152,F,M,C,C,A,A,H,-,D,D,0,,,,,Y,,A,01,0,1,2,0,0,0,0,0,0,"- ","- ",36.748981475830078,-119.79929351806641,FRESNO,FRESNO,-119.79930877685547,36.749000549316406
92204590,2023,2023-10-20,9435,2023-10-17,"555 ",019926,,2,3,7,1005,0,1,3,,2,181,"SR-180 W/B","BROADWAY ST",500.00,W,N,A,-,Y,FRE,,180," ",R,56.955,H,,L,Y,4,0,2,3,A,-,03,22350,,N,C,C,A,A,H,-,A,D,0,,,,,Y,,A,08,0,0,2,0,0,0,0,0,0,"- ","- ",36.746330261230469,-119.80500793457031,FRESNO,FRESNO,-119.80498504638672,36.746299743652344
92204603,2023,2023-10-20,9435,2023-10-19,1629,020205,,4,2,7,1005,0,1,3,,2,181,"SR-180 E/B",SR-41,548.00,W,N,A,-,Y,FRE,,180," ",R,58.569,H,,R,N,3,0,2,2,A,-,03,22350,,N,C,C,A,A,H,-,A,D,0,,,,,Y,,D,22,0,1,1,0,0,0,0,0,0,"- ","- ",36.753921508789062,-119.77799987792969,FRESNO,FRESNO,-119.77800750732422,36.753963470458984
92207287,2023,2023-10-24,9435,2023-10-20,1720,020429,,5,2,9,1000,0,1,3,,2,184,"STATE ROUTE 180","COVE ROAD",3500.00,E,N,A,-,Y,FRE,,180," "," ",84.545,H,,R,Y,3,0,1,1,A,-,08,22107,,N,F,A,A,A,H,-,A,D,0,,,,,Y,,A,01,0,1,0,0,0,0,0,0,0,"- ","- ",36.715869903564453,-119.33596038818359,FRESNO,UNINCORPORATED,-119.33602142333984,36.715984344482422
92208372,2023,2023-10-25,9435,2023-10-21,1422,020680,,6,2,9,1000,0,1,3,,2,181,"SR-180 W/B","H ST",400.00,W,N,A,-,Y,FRE,,180," ",R,56.760,H,,L,Y,4,0,1,3,A,-,03,22350,,N,C,C,A,A,H,-,A,D,0,,,,,Y,,A,07,0,0,1,0,0,0,0,0,0,"- ","- ",36.74468994140625,-119.80806732177734,FRESNO,UNINCORPORATED,-119.80805969238281,36.744674682617188
92209712,2023,2023-10-26,9435,2023-10-14,2244,021703,,6,3,7,1005,0,1,3,,2,181,"SR-180 E/B","NORTH ABBY ST",1056.00,E,N,A,-,Y,FRE,,180," ",R,58.107,H,,R,Y,4,0,1,1,A,-,01,23152,A,N,E,I,A,A,H,-,D,D,0,,,,,Y,Y,A,01,0,0,1,0,0,0,0,0,0,"- ","- ",36.752891540527344,-119.78624725341797,FRESNO,FRESNO,-119.78620910644531,36.752750396728516
92225818,2023,2023-11-01,9435,2023-10-26,1730,021315,,4,2,7,1005,0,1,3,,2,181,"STATE ROUTE 99","FULTON AVENUE",100.00,E,N,A,-,Y,FRE,,180," ",R,57.903,H,,L,Y,4,0,1,3,A,-,03,22350,,N,C,C,A,A,H,-,A,D,0,,,,,Y,,A,01,0,0,1,0,0,0,0,0,0,"- ","- ",36.752311706542969,-119.78975677490234,FRESNO,FRESNO,-119.78974914550781,36.752277374267578
92226465,2023,2023-11-02,9461,2023-10-21,2030,021056,,6,2,9,1000,0,1,3,,1,680,"SR-180 E/B","N SAN BENITO AVE",0.00,,Y,A,-,Y,FRE,,180," "," ",25.818,H,,R,Y,2,0,2,2,A,-,09,21802,A,N,D,C,A,A,H,-,A,A,0,,,,,Y,,A,01,1,0,1,0,0,0,0,0,0,"- ","- ",36.732578277587891,-120.36151885986328,FRESNO,UNINCORPORATED,-120.36150360107422,36.732589721679688
92226778,2023,2023-11-02,9435,2023-10-27,1836,020205,,5,2,7,1005,0,1,3,,2,181,"SR-180 E/B","FRESNO ST",957.00,W,N,A,-,Y,FRE,,180," ",R,58.192,H,,R,N,4,0,1,2,A,-,08,22107,,N,D,C,A,A,H,-,D,D,0,,,,,Y,,A,01,0,0,1,0,0,0,0,0,0,"- ","- ",36.7530517578125,-119.78472137451172,FRESNO,FRESNO,-119.78471374511719,36.753021240234375
92230999,2023,2023-11-08,9435,2023-11-01,2120,020586,,3,2,9,1000,0,1,3,,1,180,"SR-180 WB","GRANTLAND AVE",1056.00,E,N,A,-,Y,FRE,,180," "," ",50.833,H,,L,N,3,0,1,1,A,-,08,22107,,N,E,I,A,A,H,-,D,D,0,,,,,Y,,A,07,0,1,0,0,0,0,0,0,0,"- ","- ",36.735481262207031,-119.91242980957031,FRESNO,UNINCORPORATED,-119.91242980957031,36.735382080078125
92231371,2023,2023-11-08,9435,2023-11-02,1725,020592,,4,2,9,1000,0,1,3,,1,180,"STATE ROUTE 180 (EASTBOUND)","BRAWLEY AVENUE",0.00,,Y,A,-,Y,FRE,,180," "," ",53.595,H,,R,N,4,0,2,2,A,-,09,21453,C,N,D,C,A,A,H,-,A,A,0,,,,,Y,,A,01,0,0,2,0,0,0,0,0,0,"- ","- ",36.735469818115234,-119.86248016357422,FRESNO,UNINCORPORATED,-119.86248016357422,36.735446929931641
92234255,2023,2023-11-13,9435,2023-11-11,"338 ",021589,,6,3,7,1005,0,1,3,,2,182,"STATE ROUTE 180 WESTBOUND","PEACH AVENUE",1056.00,E,N,A,-,Y,FRE,,180," ",R,62.422,H,,L,Y,2,0,2,3,A,-,03,22350,,N,C,1,E,A,H,-,D,D,0,Y,,,,Y,,A,07,1,1,0,0,1,0,0,0,0,"- ","- ",36.753181457519531,-119.70881652832031,FRESNO,FRESNO,-119.70881652832031,36.753173828125
92234859,2023,2023-11-14,9435,2023-11-03,1715,020540,,5,2,9,1000,0,1,3,,2,184,"STATE ROUTE 180","PIEDRA AVENUE",91.00,W,N,A,-,Y,FRE,,180," ",R,76.307,H,,L,Y,2,0,1,2,A,-,09,21802,A,N,C,C,A,A,H,-,A,A,0,,,,,Y,,D,22,1,0,0,0,0,0,0,0,0,"- ","- ",36.729881286621094,-119.46778869628906,FRESNO,UNINCORPORATED,-119.46781921386719,36.729831695556641
92234872,2023,2023-11-14,9435,2023-11-04,1220,020540,,6,1,9,1000,0,1,3,,2,184,"STATE ROUTE 180","STATE ROUTE 245",5280.00,W,N,A,-,Y,FRE,,180," "," ",104.894,H,,R,Y,3,0,1,1,A,-,03,22350,,N,D,I,A,A,H,-,A,D,0,,,Y,,Y,,C,02,0,1,0,0,0,0,0,0,1,"- ","- ",36.743160247802734,-119.04267883300781,FRESNO,UNINCORPORATED,-119.04283905029297,36.743278503417969
92235616,2023,2023-11-14,9435,2023-11-05,"250 ",021312,,7,3,9,1000,0,1,3,,2,181,"SR-180 E/B TO SR-41 N/B","TYLER AVE",575.00,S,N,A,-,Y,FRE,,180," ",R,58.622,H,,R,Y,2,0,1,1,A,-,01,23152,A,N,E,I,A,A,H,-,D,D,0,,,,,Y,Y,A,01,1,0,0,0,0,0,0,0,0,"- ","- ",36.754009246826172,-119.77704620361328,FRESNO,UNINCORPORATED,-119.77706146240234,36.754077911376953
92235704,2023,2023-11-14,9435,2023-11-06,1400,020319,,1,2,9,1000,0,3,5,,2,010,SR-180,"CORNELIA AVE",0.00,,Y,A,-,Y,FRE,,180," "," ",52.590,H,,R,Y,4,0,1,2,A,-,09,21802,A,N,D,C,A,A,H,-,A,A,0,,,,,Y,,D,22,0,0,1,0,0,0,0,0,0,"- ","- ",36.735530853271484,-119.88076019287109,FRESNO,UNINCORPORATED,-119.88076019287109,36.735454559326172
92235708,2023,2023-11-14,9435,2023-11-07,1800,020205,,2,2,7,1005,0,1,3,,2,181,"SR-180 E/B",SR-41,69.00,W,N,A,-,Y,FRE,,180," ",R,58.658,H,,R,N,4,0,1,2,A,-,03,22350,,N,C,C,A,A,H,-,D,D,0,,,,,Y,,A,01,0,0,1,0,0,0,0,0,0,"- ","- ",36.754108428955078,-119.77641296386719,FRESNO,FRESNO,-119.77642059326172,36.754150390625
92237771,2023,2023-11-16,9435,2023-11-08,"805 ",015986,,3,1,7,1005,0,1,3,,2,181,"SR-180 W/B","FULTON STREET",25.00,E,N,A,-,Y,FRE,,180," ",R,57.233,H,,L,Y,3,0,1,2,A,-,03,22350,,N,C,C,A,A,H,-,A,D,0,,,,,Y,,A,01,0,1,0,0,0,0,0,0,0,"- ","- ",36.748310089111328,-119.80059051513672,FRESNO,FRESNO,-119.80077362060547,36.748531341552734
92237951,2023,2023-11-16,9435,2023-11-11,1955,021982,,6,2,9,1000,0,1,3,,2,181,"SR-180 E/B","ABBY ST",1540.00,E,N,A,-,Y,FRE,,180," ",R,58.226,H,,R,N,4,0,1,2,A,-,03,22350,,N,C,C,A,A,H,-,D,D,0,,,,,Y,,E,22,0,0,1,0,0,0,0,0,0,"- ","- ",36.753059387207031,-119.78408813476562,FRESNO,UNINCORPORATED,-119.78411102294922,36.753128051757812
92240421,2023,2023-11-20,9435,2023-11-18,"730 ",020429,,6,1,9,1000,0,1,3,,2,184,SR-180,"DUNLAP RD",15840.00,E,N,B,-,Y,FRE,,180," "," ",97.916,H,,R,Y,4,0,1,1,A,-,08,22107,,N,E,I,A,B,H,-,A,D,0,,,,,Y,,A,01,0,0,1,0,0,0,0,0,0,"- ","- ",36.760459899902344,-119.12386322021484,FRESNO,UNINCORPORATED,-119.1239013671875,36.760440826416016
92240627,2023,2023-11-20,9435,2023-11-15,"755 ",015095,,3,1,7,1005,0,1,3,,2,182,"SR-180 W/B (TRANSITION TO SR-41)","CEDAR AVENUE",1900.00,W,N,B,-,Y,FRE,,180," ",R,59.500,H,,L,Y,3,0,2,3,A,-,03,22350,,N,C,C,A,A,H,-,A,D,0,,,,,Y,,A,07,0,2,0,0,0,0,0,0,0,"- ","- ",36.755340576171875,-119.76130676269531,FRESNO,FRESNO,-119.76130676269531,36.755153656005859
92240878,2023,2023-11-20,9435,2023-11-20,"545 ",015106,,1,3,7,1005,0,1,3,,2,182,"SR-180 E/B","CHESTNUT AVE. U/C",98.00,W,N,A,-,Y,FRE,,180," ",R,60.836,H,,R,Y,3,0,1,3,A,-,07,21658,A,N,B,C,A,A,H,-,D,D,0,,,,,Y,,D,22,0,1,0,0,0,0,0,0,0,"- ","- ",36.754749298095703,-119.73725128173828,FRESNO,FRESNO,-119.73725891113281,36.754711151123047
92241554,2023,2023-11-21,9435,2023-11-20,1735,020205,,1,2,7,1005,0,1,3,,2,181,"SR-180 W/B","FULTON ST",218.00,W,N,A,-,Y,FRE,,180," ",R,57.206,H,,L,Y,3,0,3,3,A,-,03,22350,,N,C,C,A,A,H,-,D,D,0,,,,,Y,,A,07,0,2,1,0,0,0,0,0,0,"- ","- ",36.748340606689453,-119.80117797851562,FRESNO,FRESNO,-119.80116271972656,36.748321533203125
92242009,2023,2023-11-21,9435,2023-11-19,1026,020019,,7,1,7,1005,0,1,3,,2,181,"STATE ROUTE 180 WESTBOUND","BLACKSTONE AVENUE",528.00,E,N,A,-,Y,FRE,,180," ",R,57.961,H,,L,Y,4,0,3,1,A,-,08,22107,,N,E,I,A,A,H,-,A,D,0,,,,,Y,,A,08,0,0,3,0,0,0,0,0,0,"- ","- ",36.752410888671875,-119.78871154785156,FRESNO,FRESNO,-119.78873443603516,36.752487182617188
92242128,2023,2023-11-21,9435,2023-11-17,1442,020592,,5,2,9,1000,0,1,3,,1,180,"STATE ROUTE 180","JAMES ROAD",20.00,W,N,B,-,Y,FRE,,180," "," ",34.579,H,,R,N,4,0,1,2,A,-,09,21802,A,N,E,A,A,A,H,-,A,A,0,,,,Y,Y,,G,25,0,0,1,0,0,0,0,0,0,"- ","- ",36.734668731689453,-120.20532989501953,FRESNO,UNINCORPORATED,-120.20532989501953,36.734535217285156
92243177,2023,2023-11-22,9435,2023-11-11,1400,021982,,6,2,7,1005,0,1,3,,2,181,"SR-180 W/B","FULTON ST",990.00,W,N,A,-,Y,FRE,,180," ",R,57.062,H,,L,N,4,0,2,5,A,-,03,22350,,M,C,C,A,A,H,-,A,D,0,,,,,Y,,E,22,0,0,2,0,0,0,0,0,0,"- ","- ",36.747219085693359,-119.80335235595703,FRESNO,FRESNO,-119.80332183837891,36.747180938720703