CASE_ID,ACCIDENT_YEAR,PROC_DATE,JURIS,COLLISION_DATE,COLLISION_TIME,OFFICER_ID,REPORTING_DISTRICT,DAY_OF_WEEK,CHP_SHIFT,POPULATION,CNTY_CITY_LOC,SPECIAL_COND,BEAT_TYPE,CHP_BEAT_TYPE,CITY_DIVISION_LAPD,CHP_BEAT_CLASS,BEAT_NUMBER,PRIMARY_RD,SECONDARY_RD,DISTANCE,DIRECTION,INTERSECTION,WEATHER_1,WEATHER_2,STATE_HWY_IND,CALTRANS_COUNTY,CALTRANS_DISTRICT,STATE_ROUTE,ROUTE_SUFFIX,POSTMILE_PREFIX,POSTMILE,LOCATION_TYPE,RAMP_INTERSECTION,SIDE_OF_HWY,TOW_AWAY,COLLISION_SEVERITY,NUMBER_KILLED,NUMBER_INJURED,PARTY_COUNT,PRIMARY_COLL_FACTOR,PCF_CODE_OF_VIOL,PCF_VIOL_CATEGORY,PCF_VIOLATION,PCF_VIOL_SUBSECTION,HIT_AND_RUN,TYPE_OF_COLLISION,MVIW,PED_ACTION,ROAD_SURFACE,ROAD_COND_1,ROAD_COND_2,LIGHTING,CONTROL_DEVICE,CHP_ROAD_TYPE,PEDESTRIAN_ACCIDENT,BICYCLE_ACCIDENT,MOTORCYCLE_ACCIDENT,TRUCK_ACCIDENT,NOT_PRIVATE_PROPERTY,ALCOHOL_INVOLVED,STWD_VEHTYPE_AT_FAULT,CHP_VEHTYPE_AT_FAULT,COUNT_SEVERE_INJ,COUNT_VISIBLE_INJ,COUNT_COMPLAINT_PAIN,COUNT_PED_KILLED,COUNT_PED_INJURED,COUNT_BICYCLIST_KILLED,COUNT_BICYCLIST_INJURED,COUNT_MC_KILLED,COUNT_MC_INJURED,PRIMARY_RAMP,SECONDARY_RAMP,LATITUDE,LONGITUDE,COUNTY,CITY,POINT_X,POINT_Y
92243234,2023,2023-11-22,9435,2023-11-17,"5   ",020854,,5,3,7,1005,0,1,3,,2,181,"STATE ROUTE 180 (SR-180) EASTBOUND","FIRST STREET",100.00,E,N,B,-,Y,FRE,,180," ",R,58.907,H,,R,N,3,0,1,3,A,-,01,23152,A,N,C,C,A,A,H,-,D,D,0,,,,,Y,Y,A,01,0,1,0,0,0,0,0,0,0,"- ","- ",36.754680633544922,-119.77197265625,FRESNO,FRESNO,-119.77196502685547,36.754665374755859
92245021,2023,2023-11-27,9435,2023-11-15,1733,020586,,3,2,9,1000,0,1,3,,1,180,"STATE ROUTE 180","ROLINDA AVENUE",950.00,W,N,B,-,Y,FRE,,180," "," ",47.966,H,,R,N,4,0,1,3,A,-,03,22350,,N,C,C,A,B,H,-,D,D,0,,,,,Y,,D,22,0,0,1,0,0,0,0,0,0,"- ","- ",36.735069274902344,-119.96424102783203,FRESNO,UNINCORPORATED,-119.96424102783203,36.735057830810547
92245255,2023,2023-11-27,9435,2023-11-12,1040,020095,,7,1,7,1005,0,1,3,,2,182,"SR-180 E/B TO SR-168 E/B","CEDAR AVE",1000.00,E,N,A,-,Y,FRE,,180," ",R,60.087,H,,R,Y,4,0,3,2,A,-,07,21658,A,F,B,C,A,A,H,-,A,D,0,,,,,Y,,-,99,0,0,3,0,0,0,0,0,0,"- ","- ",36.755088806152344,-119.75083923339844,FRESNO,FRESNO,-119.75083923339844,36.754875183105469
92249126,2023,2023-11-30,9435,2023-11-21,1347,015751,,2,1,9,1000,0,1,3,,1,180,"CORNELIA AVE","SR-180 (WHITESBRIDGE AVE)",0.00,,Y,A,-,Y,FRE,,180," "," ",52.588,H,,R,Y,4,0,1,2,A,-,09,21802,A,N,D,C,A,A,H,-,A,A,0,,,,,Y,,A,07,0,0,1,0,0,0,0,0,0,"- ","- ",36.735458374023438,-119.88079833984375,FRESNO,UNINCORPORATED,-119.88079833984375,36.735454559326172
92249166,2023,2023-11-30,9435,2023-11-23,1630,020205,,4,2,7,1005,0,1,3,,2,182,"SR-180 E/B","WILLOW AVE",200.00,W,N,A,-,Y,FRE,,180," ",R,61.352,H,,R,N,2,0,1,3,A,-,07,21658,A,F,B,A,A,A,H,-,A,D,0,,,,,Y,,-,99,1,0,0,0,0,0,0,0,0,"- ","- ",36.753490447998047,-119.72811126708984,FRESNO,FRESNO,-119.72811126708984,36.753520965576172
92251932,2023,2023-12-04,9435,2023-11-30,1315,020540,,4,1,9,1000,0,1,3,,2,184,"STATE ROUTE 180","FRANKWOOD AVENUE",0.00,,Y,B,-,Y,FRE,,180," ",R,77.526,H,,R,Y,4,0,1,2,A,-,08,22107,,N,D,C,A,A,H,-,A,D,0,,,,,Y,,E,22,0,0,1,0,0,0,0,0,0,"- ","- ",36.721580505371094,-119.44834899902344,FRESNO,UNINCORPORATED,-119.4483642578125,36.7215576171875
92252047,2023,2023-12-04,9435,2023-12-02,1711,021119,,6,2,9,1000,0,1,3,,1,180,"STATE ROUTE 180 WESTBOUND","YUBA AVENUE",528.00,E,N,A,-,Y,FRE,,180," "," ",36.955,H,,L,N,4,0,3,2,A,-,03,22350,,N,C,C,A,A,H,-,D,D,0,,,,,Y,,A,01,0,0,3,0,0,0,0,0,0,"- ","- ",36.734649658203125,-120.16262817382812,FRESNO,UNINCORPORATED,-120.16262817382812,36.734653472900391
92252195,2023,2023-12-04,9435,2023-11-30,1600,020942,,4,2,9,1000,0,1,3,,1,180,"STATE ROUTE 180","DICKENSON AVENUE",0.00,,Y,A,-,Y,FRE,,180," "," ",47.649,H,,R,N,4,0,1,2,A,-,09,21800,A,N,D,C,A,A,H,-,D,A,0,,,,,Y,,D,22,0,0,1,0,0,0,0,0,0,"- ","- ",36.734981536865234,-119.97000122070312,FRESNO,UNINCORPORATED,-119.97000122070312,36.734962463378906
92252215,2023,2023-12-04,9435,2023-11-29,1535,020205,,3,2,9,1000,0,1,3,,1,183,"SR-180 E/B","MCCALL AVE",459.00,W,N,A,-,Y,FRE,,180," ",R,68.251,H,,R,N,4,0,1,3,A,-,03,22350,,N,C,C,A,A,H,-,A,D,0,,,,,Y,,A,01,0,0,1,0,0,0,0,0,0,"- ","- ",36.73577880859375,-119.61184692382812,FRESNO,UNINCORPORATED,-119.61185455322266,36.735729217529297
92252839,2023,2023-12-05,9435,2023-11-28,1014,019926,,2,1,7,1005,0,1,3,,2,181,"SR-180 W/B","H ST",300.00,W,N,A,-,Y,FRE,,180," ",R,56.786,H,,L,Y,3,0,2,1,A,-,08,22107,,N,E,I,A,A,H,-,A,D,0,,,,,Y,,A,01,0,2,0,0,0,0,0,0,0,"- ","- ",36.744949340820312,-119.80770111083984,FRESNO,FRESNO,-119.80764770507812,36.744888305664062
92253077,2023,2023-12-05,9435,2023-11-27,1715,020205,,1,2,7,1005,0,1,3,,2,181,"SR-180 E/B","FRESNO ST",575.00,W,N,A,-,Y,FRE,,180," ",R,58.257,H,,R,N,4,0,1,3,A,-,03,22350,,N,C,C,A,A,H,-,D,D,0,,,,,Y,,A,07,0,0,1,0,0,0,0,0,0,"- ","- ",36.753181457519531,-119.78354644775391,FRESNO,FRESNO,-119.78356170654297,36.753223419189453
92253105,2023,2023-12-05,9435,2023-11-24,1555,021086,,5,2,9,1000,0,1,3,,1,180,"STATE ROUTE 180","G STREET",190.00,W,N,A,-,Y,FRE,,180," ",R,56.634,H,,L,Y,4,0,1,2,A,-,03,22350,,N,C,C,A,A,H,-,A,D,0,,,,,Y,,A,01,0,0,1,0,0,0,0,0,0,"- ","- ",36.743679046630859,-119.80996704101562,FRESNO,UNINCORPORATED,-119.80995178222656,36.743656158447266
92253299,2023,2023-12-05,9435,2023-11-29,"725 ",015095,,3,1,7,1005,0,1,3,,2,182,"SR-180 W/B","CHESTNUT AVENUE",775.00,E,N,A,-,Y,FRE,,180," ",R,61.052,H,,L,Y,3,0,2,4,A,-,03,22350,,N,C,C,A,A,H,-,A,D,0,,,,,Y,,A,07,0,2,0,0,0,0,0,0,0,"- ","- ",36.754390716552734,-119.73348236083984,FRESNO,FRESNO,-119.73348999023438,36.754364013671875
92253877,2023,2023-12-06,9435,2023-11-24,2110,021386,,5,2,9,1000,0,1,3,,1,180,"STATE ROUTE 180","SHASTA AVENUE",191.00,E,N,A,-,Y,FRE,,180," "," ",40.146,H,,R,Y,2,0,4,2,A,-,08,22107,,N,A,C,A,A,H,-,D,D,0,,,,,Y,,D,22,3,1,0,0,0,0,0,0,0,"- ","- ",36.734661102294922,-120.10475921630859,FRESNO,UNINCORPORATED,-120.10475921630859,36.734718322753906
92254302,2023,2023-12-06,9435,2023-12-01,1820,019926,,5,2,7,1005,0,1,3,,2,182,"SR-180 E/B","PEACH AVE",1584.00,E,N,A,-,Y,FRE,,180," ",R,62.206,H,,R,N,3,0,1,2,A,-,03,22350,,N,C,C,A,A,H,-,D,D,0,,,,,Y,,A,07,0,1,0,0,0,0,0,0,0,"- ","- ",36.753070831298828,-119.71269989013672,FRESNO,FRESNO,-119.71269989013672,36.753055572509766
92256609,2023,2023-12-07,9435,2023-12-06,1805,016507,,3,2,9,1000,0,1,3,,2,184,"STATE ROUTE 180 (KINGS CANYON ROAD)","STATE ROUTE 63 (HILLS VALLEY ROAD)",4752.00,W,N,B,-,Y,FRE,,180," "," ",86.676,H,,R,Y,4,0,1,1,C,-,18,,,N,H,H,A,A,H,-,D,D,0,,,,,Y,,-,"- ",0,0,1,0,0,0,0,0,0,"- ","- ",36.723590850830078,-119.30052947998047,FRESNO,UNINCORPORATED,-119.30052947998047,36.723587036132812
92257432,2023,2023-12-08,9435,2023-08-19,"215 ",021606,,6,3,9,1000,0,1,3,,1,183,"STATE ROUTE 180","MCCALL AVENUE",50.00,E,N,A,-,Y,FRE,,180," ",R,68.367,H,,R,Y,1,1,0,1,A,-,08,22107,,N,E,I,A,A,H,-,C,A,0,,,,,Y,,A,01,0,0,0,0,0,0,0,0,0,"- ","- ",36.735641479492188,-119.60977172851562,FRESNO,UNINCORPORATED,-119.60977172851562,36.735733032226562
92260221,2023,2023-12-12,9435,2023-12-04,1015,020095,,1,1,7,1005,0,1,3,,2,181,"SR-180 W/B","G STREET",850.00,W,N,A,-,Y,FRE,,180," ",R,56.645,H,,L,Y,4,0,1,2,A,-,03,22350,,N,C,C,A,A,H,-,A,D,0,,,,,Y,,A,07,0,0,1,0,0,0,0,0,0,"- ","- ",36.743770599365234,-119.80980682373047,FRESNO,FRESNO,-119.80978393554688,36.743743896484375
92261899,2023,2023-12-14,9435,2023-12-13,"450 ",020064,,3,3,7,1005,0,1,3,,2,182,"STATE ROUTE 180 (SR-180) EASTBOUND","WILLOW AVENUE",528.00,E,N,B,-,Y,FRE,,180," ",R,61.526,H,,R,Y,4,0,1,1,A,-,08,22107,,N,E,I,A,A,H,-,D,D,0,,,,,Y,,A,01,0,0,1,0,0,0,0,0,0,"- ","- ",36.753440856933594,-119.72498321533203,FRESNO,FRESNO,-119.72498321533203,36.75341796875
92263963,2023,2023-12-18,9435,2023-12-11,1300,019705,,1,1,9,1000,0,1,3,,1,180,"SR-180 E/B","PANOCHE ROAD",5808.00,E,N,A,-,Y,FRE,,180," "," ",27.167,H,,R,Y,4,0,2,2,A,-,03,22350,,N,C,C,A,A,H,-,A,A,0,,,,,Y,,A,01,0,0,2,0,0,0,0,0,0,"- ","- ",36.733119964599609,-120.33907318115234,FRESNO,UNINCORPORATED,-120.33908081054688,36.733165740966797
92266516,2023,2023-12-19,9435,2023-12-11,1700,021703,,1,2,7,1005,0,1,3,,2,181,"SR-180 E/B","N FRESNO ST",375.00,E,N,A,-,Y,FRE,,180," ",R,58.295,H,,R,Y,4,0,2,3,A,-,03,22350,,N,C,C,A,A,H,-,C,D,0,,,,,Y,,A,07,0,0,2,0,0,0,0,0,0,"- ","- ",36.753288269042969,-119.78286743164062,FRESNO,FRESNO,-119.78287506103516,36.753326416015625
92268169,2023,2023-12-21,9435,2023-12-18,2020,021031,,1,2,7,1005,0,1,3,,2,181,"STATE ROUTE 180","BLACKSTONE AVENUE",500.00,W,N,B,-,Y,FRE,,180," ",R,57.804,H,,R,N,4,0,1,2,A,-,07,21658,A,N,B,C,A,A,H,-,D,D,0,,,,,Y,,D,22,0,0,1,0,0,0,0,0,0,"- ","- ",36.751651763916016,-119.79145812988281,FRESNO,FRESNO,-119.79145812988281,36.751640319824219
92269609,2023,2023-12-22,9435,2023-12-20,"905 ",019603,,3,1,7,1005,0,1,3,,2,182,"STATE ROUTE 180 W/B FROM CLOVIS AVENUE N/B","CLOVIS AVENUE",11.00,E,N,B,-,Y,FRE,,180," ",R,62.911,H,,L,N,3,0,1,1,A,-,03,22350,,N,F,A,A,B,H,-,A,D,0,,,,,Y,,A,07,0,1,0,0,0,0,0,0,0,"- ","- ",36.752979278564453,-119.69998931884766,FRESNO,FRESNO,-119.69998168945312,36.752845764160156
92275418,2023,2024-01-01,9435,2023-12-19,"408 ",020064,,2,3,7,1005,0,1,3,,2,181,"STATE ROUTE 180 (SR-180) WESTBOUND","FRESNO STREET",1056.00,E,N,B,-,Y,FRE,,180," ",R,58.547,H,,L,Y,3,0,1,2,A,-,01,23152,A,N,C,C,A,B,H,-,D,D,0,,,,,Y,Y,A,01,0,1,0,0,0,0,0,0,0,"- ","- ",36.754169464111328,-119.77838897705078,FRESNO,FRESNO,-119.77839660644531,36.754203796386719
92276544,2023,2024-01-02,9435,2023-12-23,"145 ",020429,,6,3,9,1000,0,1,3,,2,184,"STATE ROUTE 180","PECK LANE",200.00,W,N,B,-,Y,FRE,,180," "," ",94.334,H,,R,Y,3,0,2,1,D,-,00,,,N,E,I,A,A,H,-,D,D,0,,,,,Y,,-,"- ",0,1,1,0,0,0,0,0,0,"- ","- ",36.755870819091797,-119.17754364013672,FRESNO,UNINCORPORATED,-119.17760467529297,36.755817413330078
92278350,2023,2024-01-03,9435,2023-12-17,"840 ",019263,,7,1,7,1005,0,1,3,,2,181,"SR-180 W/B","FULTON ST",1214.00,E,N,A,-,Y,FRE,,180," ",R,57.503,H,,L,Y,3,0,1,2,A,-,01,23152,A,N,C,C,A,A,H,-,A,D,0,,,,,Y,Y,A,01,0,1,0,0,0,0,0,0,0,"- ","- ",36.750640869140625,-119.79666137695312,FRESNO,FRESNO,-119.79661560058594,36.750576019287109
92278439,2023,2024-01-03,9435,2023-12-17,1140,019263,,7,1,7,1005,0,1,3,,2,181,"SR-180 W/B","H STREET",700.00,E,N,A,-,Y,FRE,,180," ",R,56.968,H,,L,Y,2,0,2,2,A,-,08,22107,,N,B,2,A,A,H,-,A,D,0,,,,,Y,,A,01,1,1,0,0,0,0,0,0,0,"- ","- ",36.746448516845703,-119.8048095703125,FRESNO,FRESNO,-119.80477905273438,36.746410369873047
92279354,2023,2024-01-04,9435,2023-12-30,1740,020887,,6,2,7,1005,0,1,3,,2,181,"SR-180 W/B",SR-99,1478.00,E,N,B,-,Y,FRE,,180," ",R,56.600,H,,L,N,4,0,1,3,A,-,03,22350,,N,C,C,A,A,H,-,C,D,0,,,,,Y,,A,07,0,0,1,0,0,0,0,0,0,"- ","- ",36.743431091308594,-119.81049346923828,FRESNO,FRESNO,-119.81045532226562,36.743385314941406
92282740,2024,2024-01-09,9435,2024-01-07,1435,020429,,7,2,9,1000,0,3,5,,2,060,"STATE ROUTE 180","STATE ROUTE 245",2000.00,E,N,A,-,Y,FRE,,180," "," ",108.550,H,,R,Y,3,0,2,1,A,-,03,22350,,N,E,I,A,C,H,-,A,D,0,,,,,Y,,A,07,0,2,0,0,0,0,0,0,0,"- ","- ",36.720401763916016,-118.99333953857422,FRESNO,UNINCORPORATED,-118.99334716796875,36.720405578613281
92287606,2024,2024-01-16,9435,2024-01-04,1735,021086,,4,2,9,1000,0,1,3,,2,182,"STATE ROUTE 180","CLOVIS AVENUE",720.00,W,N,B,-,Y,FRE,,180," ",R,62.742,H,,R,Y,4,0,2,2,A,-,07,21658,A,F,B,C,A,A,H,-,D,D,0,,,,,Y,,A,01,0,0,2,0,0,0,0,0,0,"- ","- ",36.752960205078125,-119.70301055908203,FRESNO,UNINCORPORATED,-119.70302581787109,36.752696990966797
92288444,2024,2024-08-21,9435,2024-01-04,1810,021086,,4,2,7,1005,0,1,3,,2,182,"SR-180 E/B FROM CEDAR AVENUE","CHESTNUT AVENUE",792.00,E,N,B,-,Y,FRE,,180," ",R,61.059,H,,R,Y,2,0,3,4,A,-,03,22350,,N,C,C,E,A,H,-,C,D,0,Y,,,,Y,,A,01,1,2,0,0,2,0,0,0,0,"- ","- ",36.753921508789062,-119.73336791992188,FRESNO,FRESNO,-119.73332977294922,36.754051208496094
92288943,2024,2024-01-17,9435,2024-01-10,"314 ",021247,,3,3,9,1000,0,1,3,,1,180,"STATE ROUTE 180 EASTBOUND","MARKS AVENUE",62.00,W,N,A,-,Y,FRE,,180," ",R,54.689,H,,R,Y,4,0,1,1,A,-,01,23152,A,M,E,I,A,A,H,-,C,D,0,,,,,Y,Y,A,07,0,0,1,0,0,0,0,0,0,"- ","- ",36.738380432128906,-119.84397125244141,FRESNO,UNINCORPORATED,-119.84396362304688,36.73822021484375
92289475,2023,2024-10-14,9435,2023-06-14,"305 ",019705,,3,3,9,1000,0,1,3,,1,183,"STATE ROUTE 180 EASTBOUND","BETHEL AVENUE",900.00,W,N,A,-,Y,FRE,,180," ",R,70.158,H,,R,Y,1,1,4,2,A,-,01,23152,E,N,C,C,A,A,H,-,D,D,0,,,,,Y,,A,01,0,1,3,0,0,0,0,0,0,"- ","- ",36.735889434814453,-119.57749938964844,FRESNO,UNINCORPORATED,-119.57749938964844,36.735893249511719
92292046,2024,2024-01-19,9435,2024-01-12,1430,020319,,5,2,9,1000,0,1,3,,1,180,SR-180,"LASSEN AVE",0.00,,Y,A,-,Y,FRE,,180," "," ",40.622,H,,R,N,4,0,1,2,A,-,03,22350,,N,C,C,A,A,H,-,A,D,0,,,,,Y,,A,01,0,0,1,0,0,0,0,0,0,"- ","- ",36.734760284423828,-120.09632110595703,FRESNO,UNINCORPORATED,-120.09632110595703,36.734729766845703
92293977,2024,2024-01-22,9435,2024-01-17,2050,020205,,3,2,9,1000,0,1,3,,1,183,SR-180,"MCCALL AVE",0.00,,Y,A,-,Y,FRE,,180," ",R,68.347,H,,R,Y,4,0,1,2,A,-,12,21453,A,N,D,C,A,A,H,-,D,A,0,,,,,Y,,A,07,0,0,1,0,0,0,0,0,0,"- ","- ",36.735988616943359,-119.61013031005859,FRESNO,UNINCORPORATED,-119.61013031005859,36.735733032226562
92296273,2024,2024-01-24,9435,2024-01-18,"850 ",018746,,4,1,9,1000,0,1,3,,1,180,SR-180,"HAYES AVENUE",0.00,,Y,B,-,Y,FRE,,180," "," ",51.591,H,,R,Y,4,0,2,2,A,-,09,21802,A,N,D,C,A,B,H,-,A,A,0,,,,,Y,,D,22,0,0,2,0,0,0,0,0,0,"- ","- ",36.735408782958984,-119.89875793457031,FRESNO,UNINCORPORATED,-119.89875793457031,36.735374450683594
92300734,2024,2024-01-30,9435,2024-01-29,1753,021153,,1,2,9,1000,0,1,3,,2,182,"STATE ROUTE 180 (EASTBOUND)","WILLOW AVENUE",40.00,W,N,A,-,Y,FRE,,180," ",R,61.382,H,,R,N,3,0,2,2,A,-,03,22350,,N,C,C,A,A,H,-,D,D,0,,,,,Y,,A,01,0,1,1,0,0,0,0,0,0,"- ","- ",36.753410339355469,-119.72757720947266,FRESNO,UNINCORPORATED,-119.72757720947266,36.753501892089844
92300790,2024,2024-01-30,9435,2024-01-23,"28  ",021290,,2,3,7,1005,0,1,3,,2,181,"SR-180 W/B","CEDAR AVE",707.00,W,N,B,-,Y,FRE,,180," ",R,59.731,H,,L,Y,3,0,1,1,A,-,08,22107,,N,E,I,A,B,H,-,C,D,0,,,,,Y,,A,01,0,1,0,0,0,0,0,0,0,"- ","- ",36.7552490234375,-119.75713348388672,FRESNO,FRESNO,-119.75713348388672,36.755153656005859
92300799,2024,2024-01-30,9435,2024-01-22,"800 ",015751,,1,1,7,1005,0,1,3,,2,181,"SR-180 E/B","'G' ST",739.00,W,N,B,C,Y,FRE,,180," ",R,56.531,H,,R,Y,4,0,1,2,A,-,03,22350,,N,D,C,A,B,H,-,A,D,0,,,,,Y,,D,22,0,0,1,0,0,0,0,0,0,"- ","- ",36.742641448974609,-119.81108856201172,FRESNO,FRESNO,-119.81112670898438,36.742683410644531
92300805,2024,2024-01-30,9435,2024-01-22,1633,020205,,1,2,7,1005,0,1,3,,2,181,"SR-180 W/B FROM CHESTNUT AVE","CHESTNUT AVE",45.00,W,N,B,-,Y,FRE,,180," ",R,60.894,H,,L,N,4,0,1,2,A,-,03,22350,,N,C,C,A,B,H,-,A,D,0,,,,,Y,,A,07,0,0,1,0,0,0,0,0,0,"- ","- ",36.755020141601562,-119.73621368408203,FRESNO,FRESNO,-119.73625183105469,36.754863739013672
92305084,2023,2025-02-19,9435,2023-11-04,"24  ",021687,,6,3,7,1005,0,1,3,,1,183,"STATE ROUTE 180 WESTBOUND","BELMONT AVENUE",30.00,N,N,A,-,Y,FRE,,180," ",R,64.371,H,,L,Y,1,1,2,2,A,-,01,23152,A,N,D,2,A,A,H,-,D,D,0,,,,,Y,Y,A,01,0,2,0,0,0,0,0,0,0,"- ","- ",36.750259399414062,-119.67475128173828,FRESNO,FRESNO,-119.67477416992188,36.750236511230469
92305992,2024,2024-02-05,9435,2024-02-05,"150 ",016507,,1,3,9,1000,0,1,3,,2,184,"STATE ROUTE 180","FRANKOOD AVE",7920.00,E,N,A,-,Y,FRE,,180," "," ",79.451,H,,R,Y,3,0,1,1,A,-,08,22107,,N,E,I,A,B,H,-,D,D,0,,,,,Y,,A,01,0,1,0,0,0,0,0,0,0,"- ","- ",36.714988708496094,-119.42224884033203,FRESNO,UNINCORPORATED,-119.4222412109375,36.71502685546875
92306668,2024,2024-02-06,9435,2024-02-01,1840,020887,,4,2,7,1005,0,1,3,,2,181,"SR-180 W/B","CEDAR AVE",686.00,E,N,B,-,Y,FRE,,180," ",R,60.010,H,,L,Y,4,0,2,3,A,-,08,22107,,M,D,C,A,B,H,-,C,D,0,,,,,Y,,-,99,0,0,2,0,0,0,0,0,0,"- ","- ",36.755168914794922,-119.75187683105469,FRESNO,FRESNO,-119.75187683105469,36.755138397216797
92306693,2024,2024-02-06,9435,2024-02-04,"544 ",015095,,7,3,7,1005,0,1,3,,1,183,"SR-180 W/B","ARMSTRONG AVENUE",700.00,E,N,B,C,Y,FRE,,180," ",R,64.636,H,,L,Y,3,0,1,1,A,-,03,22350,,N,E,I,A,B,H,-,D,D,0,,,,,Y,,A,01,0,1,0,0,0,0,0,0,0,"- ","- ",36.747440338134766,-119.67135620117188,FRESNO,FRESNO,-119.67142486572266,36.747402191162109
92306766,2024,2024-02-06,9435,2024-01-28,1815,020887,,7,2,7,1005,0,1,3,,2,181,"SR-180 EB FROM CHESTNUT AVE","WILLOW AVE",739.00,W,N,A,-,Y,FRE,,180," ",R,61.251,H,,R,Y,2,0,1,2,A,-,03,22350,,F,D,C,A,A,H,-,D,D,0,,,Y,,Y,,-,99,1,0,0,0,0,0,0,0,1,"- ","- ",36.753471374511719,-119.72994995117188,FRESNO,FRESNO,-119.72993469238281,36.753597259521484
92307225,2024,2024-02-06,9435,2024-02-02,1705,021153,,5,2,7,1005,0,1,3,,2,181,"STATE ROUTE 180 (WESTBOUND)","FULTON STREET",739.00,E,N,A,-,Y,FRE,,180," ",R,57.511,H,,L,Y,4,0,4,5,A,-,03,22350,,N,C,C,A,B,H,-,A,D,0,,,,,Y,,A,01,0,0,4,0,0,0,0,0,0,"- ","- ",36.750659942626953,-119.79650115966797,FRESNO,FRESNO,-119.79647827148438,36.750633239746094
92308104,2024,2024-02-07,9435,2024-01-27,1427,020680,,6,2,9,1000,0,1,3,,1,180,"SR-180 E/B","BRAWLEY AVE",2270.00,E,N,B,-,Y,FRE,,180," ",R,54.061,H,,R,Y,4,0,1,3,C,-,18,,,N,D,C,A,A,H,-,A,D,0,,,,Y,Y,,-,"- ",0,0,1,0,0,0,0,0,0,"- ","- ",36.737518310546875,-119.85492706298828,FRESNO,UNINCORPORATED,-119.85491943359375,36.737495422363281
92312803,2024,2024-02-13,9435,2024-02-07,"630 ",018746,,3,1,9,1000,0,1,3,,1,180,SR-180,"FLOYD AVENUE",970.00,W,N,B,-,Y,FRE,,180," "," ",45.957,H,,R,Y,3,0,1,1,A,-,08,22107,,M,E,I,A,B,H,-,A,D,0,,,,,Y,,A,01,0,1,0,0,0,0,0,0,0,"- ","- ",36.734821319580078,-120.00042724609375,FRESNO,UNINCORPORATED,-120.00042724609375,36.734962463378906
92313799,2024,2024-02-14,9435,2024-02-03,1815,020680,,6,2,7,1005,0,1,3,,2,105,"SR-99 N/B TO SR-180 E/B","G ST",30.00,E,N,B,-,Y,FRE,,180," ",R,56.708,H,,R,Y,4,0,2,3,A,-,05,21651,A,N,C,E,A,A,H,-,D,D,0,,,,,Y,,A,01,0,0,2,0,0,0,0,0,0,"- ","- ",36.744041442871094,-119.80844116210938,FRESNO,FRESNO,-119.80850219726562,36.744110107421875
92314033,2024,2024-03-28,9435,2024-02-09,"734 ",015095,,5,1,7,1005,0,1,3,,2,182,"SR-180 W/B","WILLOW AVENUE",250.00,E,N,A,-,Y,FRE,,180," ",R,61.451,H,,L,Y,3,0,2,4,A,-,07,21658,A,N,B,C,A,A,H,-,A,D,0,,,,,Y,,A,07,0,2,0,0,0,0,0,0,0,"- ","- ",36.753738403320312,-119.72634124755859,FRESNO,FRESNO,-119.72634124755859,36.753704071044922
92314095,2024,2024-03-04,9435,2024-02-02,1804,021153,,5,2,7,1005,1,1,3,,2,105,"SR-99 S/B TO SR-180 E/B",SR-99,2059.00,E,N,A,-,Y,FRE,,180," ",R,56.732,H,,R,Y,4,0,2,3,A,-,08,22107,,N,B,C,A,B,H,-,D,D,0,,,,,Y,,A,01,0,0,2,0,0,0,0,0,0,"- ","- ",36.744220733642578,-119.80812072753906,FRESNO,FRESNO,-119.80817413330078,36.744285583496094
92316283,2024,2024-02-16,9435,2024-02-13,1605,020836,,2,2,7,1005,0,1,3,,2,181,"STATE ROUTE 180 EASTBOUND","FIRST STREET",380.00,E,N,A,-,Y,FRE,,180," ",R,59.120,H,,R,Y,4,0,1,2,A,-,03,22350,,N,C,C,A,A,H,-,A,D,0,,,,,Y,,A,01,0,0,1,0,0,0,0,0,0,"- ","- ",36.754829406738281,-119.76814270019531,FRESNO,FRESNO,-119.76814270019531,36.754856109619141
92318066,2024,2024-02-20,9435,2024-02-12,1535,020836,,1,2,7,1005,0,1,3,,2,181,"SR-180 W/B TO SR-99 N/B","STATE ROUTE 99",160.00,E,N,A,-,Y,FRE,,180," ",R,56.406,H,,L,Y,4,0,2,3,A,-,03,22350,,M,C,C,A,A,H,-,A,D,0,,,,,Y,,A,01,0,0,2,0,0,0,0,0,0,"- ","- ",36.741989135742188,-119.8134765625,FRESNO,FRESNO,-119.81334686279297,36.741828918457031