CASE_ID,ACCIDENT_YEAR,PROC_DATE,JURIS,COLLISION_DATE,COLLISION_TIME,OFFICER_ID,REPORTING_DISTRICT,DAY_OF_WEEK,CHP_SHIFT,POPULATION,CNTY_CITY_LOC,SPECIAL_COND,BEAT_TYPE,CHP_BEAT_TYPE,CITY_DIVISION_LAPD,CHP_BEAT_CLASS,BEAT_NUMBER,PRIMARY_RD,SECONDARY_RD,DISTANCE,DIRECTION,INTERSECTION,WEATHER_1,WEATHER_2,STATE_HWY_IND,CALTRANS_COUNTY,CALTRANS_DISTRICT,STATE_ROUTE,ROUTE_SUFFIX,POSTMILE_PREFIX,POSTMILE,LOCATION_TYPE,RAMP_INTERSECTION,SIDE_OF_HWY,TOW_AWAY,COLLISION_SEVERITY,NUMBER_KILLED,NUMBER_INJURED,PARTY_COUNT,PRIMARY_COLL_FACTOR,PCF_CODE_OF_VIOL,PCF_VIOL_CATEGORY,PCF_VIOLATION,PCF_VIOL_SUBSECTION,HIT_AND_RUN,TYPE_OF_COLLISION,MVIW,PED_ACTION,ROAD_SURFACE,ROAD_COND_1,ROAD_COND_2,LIGHTING,CONTROL_DEVICE,CHP_ROAD_TYPE,PEDESTRIAN_ACCIDENT,BICYCLE_ACCIDENT,MOTORCYCLE_ACCIDENT,TRUCK_ACCIDENT,NOT_PRIVATE_PROPERTY,ALCOHOL_INVOLVED,STWD_VEHTYPE_AT_FAULT,CHP_VEHTYPE_AT_FAULT,COUNT_SEVERE_INJ,COUNT_VISIBLE_INJ,COUNT_COMPLAINT_PAIN,COUNT_PED_KILLED,COUNT_PED_INJURED,COUNT_BICYCLIST_KILLED,COUNT_BICYCLIST_INJURED,COUNT_MC_KILLED,COUNT_MC_INJURED,PRIMARY_RAMP,SECONDARY_RAMP,LATITUDE,LONGITUDE,COUNTY,CITY,POINT_X,POINT_Y
92318195,2024,2024-02-20,9435,2024-02-13,1600,020592,,2,2,7,1005,0,1,S,,2,841,"STATE ROUTE 180 (WESTBOUND)","FULTON STREET",20.00,E,N,A,-,Y,FRE,,180," ",R,57.258,H,,L,N,4,0,1,2,A,-,03,22350,,N,C,C,A,A,H,-,A,D,0,,,,,Y,,A,01,0,0,1,0,0,0,0,0,0,"- ","- ",36.748771667480469,-119.80042266845703,FRESNO,FRESNO,-119.80039215087891,36.748733520507812
92321596,2024,2024-02-23,9435,2024-02-17,1828,020592,,6,2,9,1000,0,1,3,,1,180,"STATE ROUTE 180","LASSEN AVENUE",1056.00,W,N,C,-,Y,FRE,,180," "," ",40.353,H,,R,Y,3,0,2,2,A,-,08,22107,,N,A,C,A,B,H,-,D,D,0,,,,,Y,,A,08,0,1,1,0,0,0,0,0,0,"- ","- ",36.734729766845703,-120.10109710693359,FRESNO,UNINCORPORATED,-120.10109710693359,36.734722137451172
92324470,2024,2024-02-27,9435,2024-02-25,1815,020836,,7,2,7,1005,0,1,3,,2,181,"STATE ROUTE 180 WESTBOUND","H STREET",160.00,W,N,A,-,Y,FRE,,180," ",R,56.740,H,,L,Y,4,0,2,2,A,-,03,22350,,N,C,C,A,A,H,-,D,D,0,,,,,Y,,A,01,0,0,2,0,0,0,0,0,0,"- ","- ",36.744518280029297,-119.80837249755859,FRESNO,FRESNO,-119.80836486816406,36.744510650634766
92325246,2024,2024-02-28,9435,2024-02-24,1910,020680,,6,2,9,1000,0,1,3,,1,180,"SR-180 E/B","DICKENSON AVE",0.00,,Y,B,-,Y,FRE,,180," "," ",47.647,H,,R,Y,4,0,2,2,A,-,09,21800,A,N,D,C,A,A,H,-,C,D,0,,,,,Y,,A,01,0,0,2,0,0,0,0,0,0,"- ","- ",36.734981536865234,-119.97003173828125,FRESNO,UNINCORPORATED,-119.97003173828125,36.734962463378906
92325278,2024,2024-02-28,9435,2024-02-26,"740 ",018914,,1,1,7,1005,0,1,3,,2,182,"SR-180 W/B","MAPLE AVENUE",350.00,W,N,A,-,Y,FRE,,180," ",R,60.289,H,,L,N,4,0,2,2,A,-,03,22350,,N,C,C,A,A,H,-,A,D,0,,,,,Y,,-,"- ",0,0,2,0,0,0,0,0,0,"- ","- ",36.755168914794922,-119.74698638916016,FRESNO,FRESNO,-119.74698638916016,36.755138397216797
92334765,2024,2024-03-11,9435,2024-03-02,1240,019603,,6,1,7,1005,0,1,3,,2,181,"STATE ROUTE 180 WESTBOUND","G STREET",115.00,E,N,B,-,Y,FRE,,180," ",R,56.650,H,,L,N,4,0,2,2,A,-,03,22350,,N,C,C,A,B,H,-,A,D,0,,,,,Y,,A,01,0,0,2,0,0,0,0,0,0,"- ","- ",36.743808746337891,-119.80973052978516,FRESNO,FRESNO,-119.80970764160156,36.743785858154297
92337484,2024,2024-03-13,9435,2024-03-12,1725,020836,,2,2,7,1005,0,1,3,,2,181,"STATE ROUTE 180 WESTBOUND","STATE ROUTE 99",65.00,E,N,A,-,Y,FRE,,180," ",R,56.334,H,,L,Y,3,0,1,2,A,-,08,22107,,N,C,C,A,A,H,-,A,D,0,,,,,Y,,A,01,0,1,0,0,0,0,0,0,0,"- ","- ",36.741191864013672,-119.81440734863281,FRESNO,FRESNO,-119.814453125,36.741237640380859
92339345,2024,2024-03-15,9435,2024-03-07,1040,016911,,4,1,9,1000,0,1,3,,1,630,SR-180,"ALTA AVE",500.00,W,N,A,-,Y,FRE,,180," "," ",80.930,H,,R,N,4,0,4,1,A,-,08,22107,,N,E,I,A,A,H,-,A,D,0,,,,,Y,,-,"- ",0,0,4,0,0,0,0,0,0,"- ","- ",36.719970703125,-119.39704895019531,FRESNO,UNINCORPORATED,-119.39704895019531,36.719921112060547
92342100,2024,2024-03-19,9435,2024-03-14,"740 ",015106,,4,1,7,1005,0,1,3,,2,181,"SR-180 EASTBOUND","FRESNO STREET U/C",300.00,E,N,A,-,Y,FRE,,180," ",R,58.458,H,,R,Y,3,0,1,3,A,-,07,21658,A,N,C,C,A,A,H,-,A,D,0,,,,,Y,,A,01,0,1,0,0,0,0,0,0,0,"- ","- ",36.753669738769531,-119.77998352050781,FRESNO,FRESNO,-119.77999114990234,36.753707885742188
92343013,2024,2025-01-27,9435,2024-03-09,1650,021544,,6,2,7,1005,0,1,3,,2,181,"SR-180 E/B","SR-41 N/B",500.00,E,N,A,-,Y,FRE,,180," ",R,58.816,H,,R,Y,4,0,1,2,A,-,03,22350,,N,C,C,A,A,H,-,A,D,0,,,,,Y,,A,01,0,0,1,0,0,0,0,0,0,"- ","- ",36.754508972167969,-119.77361297607422,FRESNO,FRESNO,-119.77360534667969,36.754486083984375
92347358,2024,2024-03-26,9435,2024-03-18,1505,021119,,1,2,9,1000,0,1,3,,2,181,"STATE ROUTE 180","CORNELIA AVE",0.00,,Y,A,-,Y,FRE,,180," "," ",52.592,H,,R,Y,3,0,2,2,A,-,09,21802,A,N,D,C,A,A,H,-,A,D,0,,,,,Y,,A,01,0,1,1,0,0,0,0,0,0,"- ","- ",36.735511779785156,-119.88072204589844,FRESNO,UNINCORPORATED,-119.88072204589844,36.735454559326172
92347552,2024,2024-03-26,9435,2024-03-25,1715,021153,,1,2,9,1000,0,1,3,,1,183,"STATE ROUTE 180 (EASTBOUND)","MCCALL AVENUE",1267.00,W,N,A,-,Y,FRE,,180," ",R,68.091,H,,R,Y,4,0,1,2,A,-,03,22350,,N,C,C,A,A,H,-,A,D,0,,,,,Y,,A,07,0,0,1,0,0,0,0,0,0,"- ","- ",36.735801696777344,-119.61473083496094,FRESNO,UNINCORPORATED,-119.61473083496094,36.735767364501953
92347612,2024,2024-03-26,9435,2024-03-20,1530,020836,,3,2,9,1000,0,1,3,,1,180,"STATE ROUTE 180","DICKENSON AVENUE",2640.00,W,N,A,-,Y,FRE,,180," "," ",47.080,H,,R,Y,3,0,3,2,A,-,09,21801,A,N,D,C,A,A,H,-,A,D,0,,,,,Y,,D,22,0,2,1,0,0,0,0,0,0,"- ","- ",36.735000610351562,-119.97979736328125,FRESNO,UNINCORPORATED,-119.97979736328125,36.734996795654297
92348521,2024,2024-03-27,9435,2024-03-23,"830 ",020429,,6,1,9,1000,0,1,3,,2,184,"STATE ROUTE 180","STATE ROUTE 63",6336.00,W,N,B,C,Y,FRE,,180," "," ",86.527,H,,R,Y,2,0,3,1,A,-,08,22107,,N,E,I,A,B,H,-,A,D,0,,,,,Y,,A,08,1,1,1,0,0,0,0,0,0,"- ","- ",36.723628997802734,-119.30309295654297,FRESNO,UNINCORPORATED,-119.30313110351562,36.723781585693359
92350375,2024,2024-03-29,9435,2024-03-28,1935,020836,,4,2,7,1005,0,1,3,,2,181,"STATE ROUTE 180 WESTBOUND","G STREET",235.00,W,N,A,-,Y,FRE,,180," ",R,56.624,H,,L,Y,4,0,1,2,A,-,03,22350,,N,C,C,A,A,H,-,D,D,0,,,,,Y,,A,01,0,0,1,0,0,0,0,0,0,"- ","- ",36.743610382080078,-119.81011962890625,FRESNO,FRESNO,-119.81009674072266,36.743579864501953
92358624,2024,2024-04-08,9435,2024-04-06,2100,021930,,6,2,9,1000,0,1,3,,1,180,"SR-180 W/B","BRAWLEY AVE",15.00,E,N,A,-,Y,FRE,,180," ",R,53.617,H,,L,N,4,0,1,2,A,-,03,22350,,N,C,C,A,A,H,-,C,A,0,,,,,Y,Y,D,22,0,0,1,0,0,0,0,0,0,"- ","- ",36.735538482666016,-119.862060546875,FRESNO,UNINCORPORATED,-119.862060546875,36.735569000244141
92360345,2024,2024-04-09,9435,2024-04-06,1055,015095,,6,1,9,1000,0,1,3,,1,183,SR-180,"OLIVER AVENUE",0.00,,Y,A,-,Y,FRE,,180," ",R,74.538,H,,R,Y,3,0,2,2,A,-,09,21801,A,N,D,C,A,A,H,-,A,D,0,,,,Y,Y,,F,25,0,2,0,0,0,0,0,0,0,"- ","- ",36.734970092773438,-119.49871826171875,FRESNO,UNINCORPORATED,-119.49874114990234,36.734737396240234
92360863,2023,2024-04-10,9435,2023-10-12,"640 ",018746,,4,1,7,1005,0,1,3,,2,182,"SR-180 W/B TO SR-41 S/B","STATE ROUTE 41 SOUTHBOUND",175.00,E,N,A,-,Y,FRE,,180," ",R,58.640,H,,R,Y,1,1,0,1,A,-,01,23152,F,N,E,I,A,A,H,-,B,D,0,,,Y,,Y,,C,02,0,0,0,0,0,0,0,1,0,"- ","- ",36.754070281982422,-119.77674102783203,FRESNO,FRESNO,-119.77674865722656,36.754112243652344
92360921,2024,2024-04-10,9435,2024-03-31,1340,020429,,7,1,9,1000,0,1,3,,2,184,"STATE ROUTE 180","FOREST ROUTE 13S97",150.00,E,N,D,-,Y,FRE,,180," "," ",108.881,H,,R,Y,2,0,8,1,A,-,08,22107,,N,E,I,A,C,H,-,A,D,0,,,,,Y,,A,08,2,1,5,0,0,0,0,0,0,"- ","- ",36.723430633544922,-118.99105072021484,FRESNO,UNINCORPORATED,-118.99101257324219,36.723514556884766
92360988,2024,2024-04-10,9435,2024-04-03,1715,020540,,3,2,9,1000,0,1,3,,2,184,"STATE ROUTE 180","SEQUOIA LAKE ROAD",243.00,W,N,A,-,Y,FRE,,180," "," ",108.718,H,,R,Y,2,0,2,1,A,-,01,23152,A,N,E,I,A,A,H,-,A,D,0,,,,,Y,Y,A,01,2,0,0,0,0,0,0,0,0,"- ","- ",36.722541809082031,-118.99308776855469,FRESNO,UNINCORPORATED,-118.99314880371094,36.722545623779297
92361123,2024,2024-04-10,9435,2024-04-02,"730 ",015106,,2,1,9,1000,0,1,3,,1,183,SR-180,"OLIVER AVE",0.00,,Y,A,-,Y,FRE,,180," ",R,74.533,H,,R,Y,3,0,1,2,A,-,09,21802,A,N,D,C,A,A,H,-,A,A,0,,,,,Y,,A,01,0,1,0,0,0,0,0,0,0,"- ","- ",36.7347412109375,-119.49884033203125,FRESNO,UNINCORPORATED,-119.49884033203125,36.7347412109375
92362391,2024,2024-04-11,9435,2024-04-04,"530 ",015095,,4,3,7,1005,0,1,3,,1,168,"SR-168 W/B (TO SR-180 E/B)","MAPLE AVENUE",132.00,W,N,B,-,Y,FRE,,180," ",R,60.349,H,,R,Y,2,0,1,1,A,-,03,22350,,N,E,I,A,A,H,-,A,D,0,,,,,Y,,A,01,1,0,0,0,0,0,0,0,0,"- ","- ",36.754798889160156,-119.74600219726562,FRESNO,FRESNO,-119.74600219726562,36.754875183105469
92363350,2024,2024-04-12,9435,2024-04-07,"140 ",021703,,7,3,7,1005,0,1,3,,2,182,"SR-180 E/B FROM CEDAR AVE","CHESTNUT AVE",170.00,W,N,A,-,Y,FRE,,180," ",R,60.846,H,,R,Y,4,0,1,2,A,-,01,23152,A,N,E,I,A,A,H,-,C,D,0,,,,,Y,Y,A,07,0,0,1,0,0,0,0,0,0,"- ","- ",36.754589080810547,-119.73709869384766,FRESNO,FRESNO,-119.73708343505859,36.754688262939453
92364647,2024,2024-04-15,9435,2024-04-09,1735,021135,,2,2,9,1000,0,1,3,,1,180,"STATE ROUTE 180","MODOC AVENUE",0.00,,Y,A,-,Y,FRE,,180," "," ",41.132,H,,R,N,4,0,1,2,A,-,09,21802,A,N,D,C,A,A,H,-,A,D,0,,,,,Y,,A,07,0,0,1,0,0,0,0,0,0,"- ","- ",36.734779357910156,-120.0872802734375,FRESNO,UNINCORPORATED,-120.0872802734375,36.7347412109375
92364718,2024,2024-04-15,9435,2024-04-10,1412,020205,,3,2,7,1005,0,1,3,,2,181,"SR-180 W/B",SR-99,1616.00,E,N,A,-,Y,FRE,,180," ",R,56.610,H,,L,N,4,0,1,2,A,-,03,22350,,N,C,C,A,A,H,-,A,D,0,,,,,Y,,-,"- ",0,0,1,0,0,0,0,0,0,"- ","- ",36.743511199951172,-119.81034088134766,FRESNO,FRESNO,-119.810302734375,36.743465423583984
92365427,2024,2024-04-16,9435,2024-04-11,1603,020205,,4,2,7,1005,0,1,3,,2,181,"SR-180 W/B","SAN PABLO AVE",275.00,E,N,A,-,Y,FRE,,180," ",R,57.650,H,,L,N,4,0,2,2,A,-,03,22350,,N,C,C,A,A,H,-,A,D,0,,,,,Y,,-,"- ",0,0,2,0,0,0,0,0,0,"- ","- ",36.751308441162109,-119.79414367675781,FRESNO,FRESNO,-119.79415130615234,36.751331329345703
92365926,2024,2024-04-16,9435,2024-04-04,"540 ",015095,,4,3,7,1005,0,1,3,,1,168,"SR-168 W/B (TO SR-180 E/B)","MAPLE AVENUE",132.00,W,N,A,-,Y,FRE,,180," ",R,60.349,H,,R,Y,2,0,2,4,A,-,03,22350,,N,D,C,E,A,H,-,D,D,0,Y,,,,Y,,D,22,2,0,0,0,2,0,0,0,0,"- ","- ",36.754749298095703,-119.74600219726562,FRESNO,FRESNO,-119.74600219726562,36.754875183105469
92371775,2024,2024-04-22,9435,2024-04-13,1552,021153,,6,2,9,1000,0,1,3,,2,181,"STATE ROUTE 180 (WESTBOUND)","STATE ROUTE 99",1901.00,E,N,C,-,Y,FRE,,180," ",R,56.687,H,,R,N,4,0,1,1,A,-,03,22350,,N,E,I,A,B,H,-,A,D,0,,,,,Y,,A,01,0,0,1,0,0,0,0,0,0,"- ","- ",36.744068145751953,-119.80892181396484,FRESNO,UNINCORPORATED,-119.80880737304688,36.743938446044922
92377256,2024,2024-04-29,9435,2024-04-27,1650,021153,,6,2,9,1000,0,1,3,,1,180,"STATE ROUTE 180","CORNELIA AVENUE",0.00,,Y,A,-,Y,FRE,,180," "," ",52.590,H,,R,N,4,0,2,2,A,-,12,22450,A,N,D,C,A,A,H,-,A,A,0,,,,,Y,,A,01,0,0,2,0,0,0,0,0,0,"- ","- ",36.735530853271484,-119.88075256347656,FRESNO,UNINCORPORATED,-119.88075256347656,36.735454559326172
92378881,2024,2024-04-30,9435,2024-04-28,1950,020680,,7,2,9,1000,0,1,3,,1,180,SR-180,"SHASTA AVE",0.00,,Y,A,-,Y,FRE,,180," "," ",40.107,H,,R,Y,4,0,2,2,A,-,09,21802,A,N,D,C,A,A,H,-,B,D,0,,,,,Y,,D,22,0,0,2,0,0,0,0,0,0,"- ","- ",36.734718322753906,-120.10546112060547,FRESNO,UNINCORPORATED,-120.10546112060547,36.734718322753906
92383020,2024,2024-05-06,9435,2024-04-21,2053,021135,,7,2,7,1005,0,1,3,,2,181,"STATE ROUTE 180 WESTBOUND","STATE ROUTE 99",1848.00,E,N,A,-,Y,FRE,,180," ",R,56.657,H,,L,N,4,0,1,2,A,-,03,22350,,N,C,C,A,A,H,-,D,D,0,,,,,Y,,J,48,0,0,1,0,0,0,0,0,0,"- ","- ",36.743858337402344,-119.80963134765625,FRESNO,FRESNO,-119.80960845947266,36.743839263916016
92383629,2024,2024-05-07,9435,2024-04-25,"825 ",015986,,4,1,7,1005,0,1,3,,2,181,SR180,"G STREET",100.00,W,N,A,-,Y,FRE,,180," ",R,56.577,H,,L,N,4,0,1,2,A,-,03,22350,,N,C,C,A,A,H,-,A,D,0,,,,,Y,,D,22,0,0,1,0,0,0,0,0,0,"- ","- ",36.743259429931641,-119.81083679199219,FRESNO,FRESNO,-119.810791015625,36.743202209472656
92384163,2024,2024-05-07,9435,2024-05-06,"705 ",017329,,1,1,9,1000,0,1,3,,1,180,"SR-180 E/B","FRESNO SLOUGH",1056.00,E,N,A,-,Y,FRE,,180," "," ",27.193,H,,R,N,4,0,2,3,A,-,03,22350,,N,C,C,A,A,H,-,A,D,0,,,,Y,Y,,G,25,0,0,2,0,0,0,0,0,0,"- ","- ",36.733200073242188,-120.33860015869141,FRESNO,UNINCORPORATED,-120.33860015869141,36.73321533203125
92384840,2023,2024-05-08,9435,2023-12-06,"655 ",018746,,3,1,9,1000,0,1,3,,1,180,"STATE ROUTE 180 WESTBOUND","HAYES AVENUE",0.00,,Y,A,-,Y,FRE,,180," "," ",51.590,H,,L,Y,1,1,1,2,A,-,12,22450,A,N,D,C,A,A,H,-,A,A,0,,,,,Y,,A,01,1,0,0,0,0,0,0,0,0,"- ","- ",36.735401153564453,-119.89878845214844,FRESNO,UNINCORPORATED,-119.89878845214844,36.735469818115234
92387169,2024,2024-05-10,9435,2024-05-06,1600,020977,,1,2,9,1000,0,1,3,,2,181,"SR-180 W/B","G STREET",200.00,E,N,A,-,Y,FRE,,180," ",R,56.732,H,,L,N,4,0,1,2,A,-,03,22350,,N,C,C,A,A,H,-,A,D,0,,,,,Y,,A,08,0,0,1,0,0,0,0,0,0,"- ","- ",36.744468688964844,-119.80851745605469,FRESNO,UNINCORPORATED,-119.80849456787109,36.744438171386719
92388191,2024,2024-05-13,9435,2024-05-04,2059,020887,,6,2,7,1005,0,1,3,,2,182,"SR-180 W/B","TEMPERANCE AVE",2482.00,W,N,B,-,Y,FRE,,180," ",R,64.808,H,,L,N,4,0,1,3,A,-,08,22107,,M,C,C,A,B,H,-,D,D,0,,,,,Y,,-,99,0,0,1,0,0,0,0,0,0,"- ","- ",36.745189666748047,-119.66963195800781,FRESNO,FRESNO,-119.66967010498047,36.745170593261719
92388280,2024,2024-05-13,9435,2024-05-09,2250,021594,,4,3,7,1005,0,1,3,,1,183,"SR-180 E/B","CLOVIS AVENUE",450.00,E,N,A,-,Y,FRE,,180," ",R,62.993,H,,R,N,4,0,2,1,A,-,08,22107,,N,F,I,A,A,H,-,D,D,0,,,,,Y,,A,07,0,0,2,0,0,0,0,0,0,"- ","- ",36.752498626708984,-119.69850158691406,FRESNO,FRESNO,-119.69850921630859,36.752647399902344
92390526,2024,2024-05-15,9435,2024-05-04,1935,021119,,6,2,9,1000,0,1,3,,2,181,"STATE ROUTE 180","ROLINDA AVENUE",500.00,E,N,C,-,Y,FRE,,180," "," ",48.197,H,,R,N,4,0,2,2,A,-,08,22107,,M,C,C,A,B,H,-,B,D,0,,,,,Y,,-,99,0,0,2,0,0,0,0,0,0,"- ","- ",36.735088348388672,-119.96005249023438,FRESNO,UNINCORPORATED,-119.96005249023438,36.735080718994141
92394055,2024,2024-05-20,9435,2024-05-10,2355,021544,,5,3,9,1000,0,1,3,,1,180,"SR-180 W/B","S. GARFIELD AVE",1056.00,E,N,A,-,Y,FRE,,180," "," ",50.344,H,,L,Y,2,0,2,1,A,-,01,23152,A,N,F,A,A,A,H,-,D,D,0,,,,,Y,Y,A,01,2,0,0,0,0,0,0,0,0,"- ","- ",36.735179901123047,-119.92122650146484,FRESNO,UNINCORPORATED,-119.92123413085938,36.735332489013672
92397111,2024,2024-05-23,9435,2024-05-12,1405,020887,,7,2,7,1005,0,1,3,,2,181,"SR-180 E/B","WILLOW AVE",300.00,W,N,A,-,Y,FRE,,180," ",R,61.343,H,,R,Y,3,0,1,2,A,-,03,22350,,N,C,C,A,A,H,-,A,D,0,,,Y,,Y,,C,02,0,1,0,0,0,0,0,0,1,"- ","- ",36.753501892089844,-119.728271484375,FRESNO,FRESNO,-119.728271484375,36.753524780273438
92400084,2024,2024-05-28,9435,2024-05-22,1650,021086,,3,2,9,1000,0,1,3,,2,181,"STATE ROUTE 180","STATE ROUTE 41",100.00,W,N,A,-,Y,FRE,,180," ",R,58.653,H,,R,Y,4,0,1,4,A,-,03,22350,,N,C,C,A,A,H,-,A,D,0,,,,,Y,,D,22,0,0,1,0,0,0,0,0,0,"- ","- ",36.754081726074219,-119.77651214599609,FRESNO,UNINCORPORATED,-119.77651977539062,36.754138946533203
92403090,2024,2024-05-31,9435,2024-05-29,1720,021086,,3,2,9,1000,0,1,3,,2,181,"STATE ROUTE 180","BROADWAY STREET",30.00,W,N,A,-,Y,FRE,,180," ",R,57.072,H,,L,Y,4,0,3,3,A,-,03,22350,,N,C,D,A,A,H,-,A,D,0,,,,,Y,,A,01,0,0,3,0,0,0,0,0,0,"- ","- ",36.747310638427734,-119.80319976806641,FRESNO,UNINCORPORATED,-119.80316162109375,36.747264862060547
92405398,2024,2024-06-04,9435,2024-05-11,"155 ",020064,,6,3,7,1005,0,1,3,,2,181,"STATE ROUTE 180 (SR-180) EASTBOUND","FRESNO STREET",430.00,E,N,A,-,Y,FRE,,180," ",R,58.457,H,,R,Y,2,0,1,2,A,-,01,23152,A,N,C,E,A,A,H,-,D,D,0,,,,,Y,Y,A,07,1,0,0,0,0,0,0,0,0,"- ","- ",36.753650665283203,-119.77999877929688,FRESNO,FRESNO,-119.78001403808594,36.753704071044922
92405694,2024,2024-06-04,9435,2024-06-03,1725,020205,,1,2,7,1005,0,1,3,,2,181,"SR-180 E/B","FIRST ST",626.00,E,N,A,-,Y,FRE,,180," ",R,59.002,H,,R,N,4,0,1,2,A,-,03,22350,,N,C,C,A,A,H,-,A,D,0,,,,,Y,,A,07,0,0,1,0,0,0,0,0,0,"- ","- ",36.754798889160156,-119.77027130126953,FRESNO,FRESNO,-119.77027893066406,36.754837036132812
92408124,2024,2024-06-06,9435,2024-06-03,"640 ",020540,,1,1,9,1000,0,1,3,,2,184,"STATE ROUTE 180","FRANKWOOD AVENUE",0.00,,Y,A,-,Y,FRE,,180," ",R,77.529,H,,R,Y,4,0,2,2,D,-,00,,,N,A,C,A,A,H,-,A,A,0,,,,,Y,,-,"- ",0,0,2,0,0,0,0,0,0,"- ","- ",36.7216796875,-119.4482421875,FRESNO,UNINCORPORATED,-119.44831085205078,36.721542358398438
92409055,2024,2024-06-07,9435,2024-06-04,"520 ",018944,,2,3,9,1000,0,1,3,,1,180,"STATE ROUTE 180","SAN MATEO AVENUE",6336.00,W,N,A,-,Y,FRE,,180," "," ",26.737,H,,R,Y,4,0,1,1,A,-,08,22107,,N,E,I,A,A,H,-,D,D,0,,,,,Y,,A,01,0,0,1,0,0,0,0,0,0,"- ","- ",36.732551574707031,-120.34681701660156,FRESNO,UNINCORPORATED,-120.34680938720703,36.732490539550781
92413849,2024,2024-06-13,9435,2024-06-05,1610,016507,,3,2,9,1000,0,1,3,,2,184,"STATE ROUTE 180 (KINGS CANYON ROAD)","STATE ROUTE 63 (HILLS VALLEY ROAD)",150.00,E,N,A,-,Y,FRE,,180," "," ",87.737,H,,R,Y,3,0,1,2,A,-,03,22350,,N,C,C,A,A,H,-,A,D,0,,,,,Y,,A,01,0,1,0,0,0,0,0,0,0,"- ","- ",36.730220794677734,-119.28617858886719,FRESNO,UNINCORPORATED,-119.28616333007812,36.730304718017578
92416124,2024,2024-06-17,9435,2024-06-09,1845,021086,,7,2,9,1000,0,1,3,,2,182,"STATE ROUTE 180","PEACH AVENUE",35.00,E,N,A,-,Y,FRE,,180," ",R,61.913,H,,R,Y,3,0,6,2,A,-,03,22350,,N,C,C,A,A,H,-,A,D,0,,,,,Y,,A,01,0,1,5,0,0,0,0,0,0,"- ","- ",36.753421783447266,-119.71798706054688,FRESNO,UNINCORPORATED,-119.71799468994141,36.753208160400391
92416133,2024,2024-06-17,9435,2024-06-09,1238,020019,,7,1,7,1005,0,1,3,,2,181,"STATE ROUTE 180 EB TO STATE ROUTE 41","STATE ROUTE 41",1056.00,W,N,A,-,Y,FRE,,180," ",R,58.441,H,,R,Y,4,0,2,2,A,-,08,22107,,N,B,C,A,A,H,-,A,D,0,,,,,Y,,A,07,0,0,2,0,0,0,0,0,0,"- ","- ",36.753501892089844,-119.78025817871094,FRESNO,FRESNO,-119.78029632568359,36.753665924072266
92419701,2024,2024-06-20,9435,2024-06-08,2245,020854,,6,3,9,1000,0,1,3,,2,182,"STATE  ROUTE 180 EASTBOUND","CHESTNUT AVENUE",940.00,E,N,A,-,Y,FRE,,180," ",R,61.099,H,,R,Y,3,0,1,1,A,-,01,23152,A,N,F,A,A,A,H,-,D,D,0,,,,,Y,Y,A,01,0,1,0,0,0,0,0,0,0,"- ","- ",36.753711700439453,-119.73269653320312,FRESNO,UNINCORPORATED,-119.73264312744141,36.753925323486328
92422057,2024,2024-06-24,9435,2024-06-21,1715,020887,,5,2,7,1005,0,1,3,,2,181,"SR-180 E/B","BLACKSTONE AVE",265.00,W,N,A,-,Y,FRE,,180," ",R,57.798,H,,R,N,4,0,2,4,A,-,03,22350,,N,C,C,A,A,H,-,A,D,0,,,,,Y,,A,01,0,0,2,0,0,0,0,0,0,"- ","- ",36.751579284667969,-119.79154968261719,FRESNO,FRESNO,-119.79156494140625,36.751617431640625
92425273,2024,2024-08-14,9435,2024-06-27,"545 ",015095,,4,3,7,1005,0,1,3,,2,182,"SR-180 W/B","CHESTNUT AVENUE",900.00,W,N,A,-,Y,FRE,,180," ",R,61.075,H,,L,Y,4,0,1,2,A,-,03,22350,,N,B,C,A,A,H,-,B,D,0,,,,Y,Y,,G,25,0,0,1,0,0,0,0,0,0,"- ","- ",36.754280090332031,-119.73307800292969,FRESNO,FRESNO,-119.73307800292969,36.754287719726562
92427234,2024,2024-07-01,9461,2024-06-21,2152,022033,,5,2,9,1000,0,1,3,,1,680,SR-180,"SAN BENITO AVE",2640.00,E,N,A,-,Y,FRE,,180," "," ",25.388,H,,R,Y,3,0,1,2,A,-,01,23152,A,N,B,C,A,A,H,-,D,D,0,,,,,Y,Y,A,07,0,1,0,0,0,0,0,0,0,"- ","- ",36.738151550292969,-120.36408996582031,FRESNO,UNINCORPORATED,-120.36412811279297,36.738140106201172