CASE_ID,ACCIDENT_YEAR,PROC_DATE,JURIS,COLLISION_DATE,COLLISION_TIME,OFFICER_ID,REPORTING_DISTRICT,DAY_OF_WEEK,CHP_SHIFT,POPULATION,CNTY_CITY_LOC,SPECIAL_COND,BEAT_TYPE,CHP_BEAT_TYPE,CITY_DIVISION_LAPD,CHP_BEAT_CLASS,BEAT_NUMBER,PRIMARY_RD,SECONDARY_RD,DISTANCE,DIRECTION,INTERSECTION,WEATHER_1,WEATHER_2,STATE_HWY_IND,CALTRANS_COUNTY,CALTRANS_DISTRICT,STATE_ROUTE,ROUTE_SUFFIX,POSTMILE_PREFIX,POSTMILE,LOCATION_TYPE,RAMP_INTERSECTION,SIDE_OF_HWY,TOW_AWAY,COLLISION_SEVERITY,NUMBER_KILLED,NUMBER_INJURED,PARTY_COUNT,PRIMARY_COLL_FACTOR,PCF_CODE_OF_VIOL,PCF_VIOL_CATEGORY,PCF_VIOLATION,PCF_VIOL_SUBSECTION,HIT_AND_RUN,TYPE_OF_COLLISION,MVIW,PED_ACTION,ROAD_SURFACE,ROAD_COND_1,ROAD_COND_2,LIGHTING,CONTROL_DEVICE,CHP_ROAD_TYPE,PEDESTRIAN_ACCIDENT,BICYCLE_ACCIDENT,MOTORCYCLE_ACCIDENT,TRUCK_ACCIDENT,NOT_PRIVATE_PROPERTY,ALCOHOL_INVOLVED,STWD_VEHTYPE_AT_FAULT,CHP_VEHTYPE_AT_FAULT,COUNT_SEVERE_INJ,COUNT_VISIBLE_INJ,COUNT_COMPLAINT_PAIN,COUNT_PED_KILLED,COUNT_PED_INJURED,COUNT_BICYCLIST_KILLED,COUNT_BICYCLIST_INJURED,COUNT_MC_KILLED,COUNT_MC_INJURED,PRIMARY_RAMP,SECONDARY_RAMP,LATITUDE,LONGITUDE,COUNTY,CITY,POINT_X,POINT_Y
94412779,2024,2024-09-30,9435,2024-09-29,"535 ",019603,,7,3,7,1005,0,1,3,,2,181,"STATE ROUTE 180 EASTBOUND","G STREET",92.00,E,N,A,-,Y,FRE,,180," ",R,56.681,H,,R,Y,4,0,1,1,A,-,08,22107,,N,E,I,A,A,H,-,C,D,0,,,,,Y,,A,01,0,0,1,0,0,0,0,0,0,"- ","- ",36.743949890136719,-119.80895233154297,FRESNO,FRESNO,-119.80889892578125,36.743892669677734
94416355,2024,2024-10-02,9435,2024-09-28,1435,022000,,6,2,7,1005,0,1,3,,2,181,"SR-180 W/B TO SR-99 N/B",SR-99,450.00,E,N,A,-,Y,FRE,,180," ",R,56.369,H,,L,N,4,0,1,2,A,-,03,22350,,F,C,C,A,A,H,-,A,D,0,,,,,Y,,-,99,0,0,1,0,0,0,0,0,0,"- ","- ",36.741718292236328,-119.8140869140625,FRESNO,FRESNO,-119.81392669677734,36.741519927978516
94422609,2024,2024-10-08,9435,2024-09-28,1900,021086,,6,2,9,1000,0,1,3,,2,410,"SR-41 S/B TO SR-180 E/B","OLIVE AVENUE",5544.00,S,N,A,-,Y,FRE,,180," ",R,59.560,H,,R,N,3,0,1,2,A,-,07,21658,A,N,B,C,A,A,H,-,D,D,0,,,Y,,Y,,A,07,0,1,0,0,0,0,0,0,1,"- ","- ",36.75482177734375,-119.76020812988281,FRESNO,UNINCORPORATED,-119.76020812988281,36.754871368408203
94427489,2024,2024-10-11,9435,2024-10-04,2206,021230,,5,3,7,1005,0,1,3,,2,181,"STATE  ROUTE 180 WESTBOUND","PEACH AVE",300.00,E,N,A,-,Y,FRE,,180," ",R,62.193,H,,L,N,4,0,1,2,A,-,03,22350,,M,C,C,A,A,H,-,D,D,0,,,,,Y,,A,01,0,0,1,0,0,0,0,0,0,"- ","- ",36.753269195556641,-119.71295166015625,FRESNO,FRESNO,-119.71295166015625,36.753299713134766
94427868,2024,2024-10-11,9435,2024-10-10,"752 ",020062,,4,1,7,1005,0,1,3,,2,181,"SR180 EASTBOUND",SR41,528.00,W,N,A,-,Y,FRE,,180," ",R,58.510,H,,R,N,4,0,2,3,A,-,03,22350,,N,C,C,A,A,H,-,A,D,0,,,,,Y,,A,01,0,0,2,0,0,0,0,0,0,"- ","- ",36.753780364990234,-119.779052734375,FRESNO,FRESNO,-119.77906036376953,36.753826141357422
94430419,2024,2024-10-14,9435,2024-10-12,"915 ",015095,,6,1,7,1005,0,1,3,,1,183,"SR-180 W/B","ARMSTRONG AVENUE",850.00,E,N,A,-,Y,FRE,,180," ",R,64.677,H,,L,N,4,0,1,2,A,-,03,22350,,N,C,C,A,A,H,-,A,D,0,,,,,Y,,A,01,0,0,1,0,0,0,0,0,0,"- ","- ",36.746879577636719,-119.67098236083984,FRESNO,FRESNO,-119.67098236083984,36.746879577636719
94431629,2024,2024-10-15,9435,2024-10-13,"840 ",019259,,7,1,9,1000,0,1,3,,1,180,SR-180,"DICKENSON AVENUE",2640.00,W,N,B,-,Y,FRE,,180," "," ",47.288,H,,R,Y,3,0,4,3,A,-,05,21650,,F,A,C,A,A,H,-,A,D,0,,,,,Y,,A,07,0,2,2,0,0,0,0,0,0,"- ","- ",36.735019683837891,-119.97621154785156,FRESNO,UNINCORPORATED,-119.97621154785156,36.735008239746094
94433667,2024,2024-10-16,9435,2024-10-12,1800,022112,,6,2,9,1000,0,1,3,,2,181,"SR-180 E/B TO","CLOVIS AVENUE",792.00,W,N,A,-,Y,FRE,,180," ",R,62.680,H,,R,N,3,0,1,2,A,-,08,22107,,N,B,C,A,A,H,-,A,A,0,,,,,Y,,A,01,0,1,0,0,0,0,0,0,0,"- ","- ",36.752578735351562,-119.70416259765625,FRESNO,UNINCORPORATED,-119.70414733886719,36.75274658203125
94438506,2024,2024-10-21,9435,2024-10-16,1733,020205,,3,2,7,1005,0,1,3,,2,181,"SR-180 W/B","H ST",266.00,E,N,A,-,Y,FRE,,180," ",R,56.892,H,,L,Y,4,0,1,2,A,-,03,22350,,N,C,C,A,A,H,-,A,D,0,,,,,Y,,A,01,0,0,1,0,0,0,0,0,0,"- ","- ",36.745811462402344,-119.80599212646484,FRESNO,FRESNO,-119.80596923828125,36.745780944824219
94439390,2024,2024-10-21,9435,2024-10-12,1450,022112,,6,2,9,1000,0,1,3,,1,183,"SR-180 W/B","CLOVIS AVENUE",1056.00,E,N,A,-,Y,FRE,,180," ",R,63.057,H,,L,Y,2,0,3,2,A,-,07,21658,A,N,C,2,A,A,H,-,A,D,0,,,,Y,Y,,F,55,1,0,2,0,0,0,0,0,0,"- ","- ",36.752948760986328,-119.69735717773438,FRESNO,UNINCORPORATED,-119.69736480712891,36.752979278564453
94447356,2024,2024-10-28,9435,2024-10-23,1710,021402,,3,2,7,1005,0,1,3,,2,410,"SR-41 N/B TO SR-168 EB","FIRST STREET",2330.00,E,N,A,-,Y,FRE,,180," ",R,59.297,H,,R,N,2,0,1,2,A,-,03,22350,,N,C,C,A,A,H,-,A,D,0,,,Y,,Y,,C,02,1,0,0,0,0,0,0,0,1,"- ","- ",36.754680633544922,-119.76495361328125,FRESNO,FRESNO,-119.76495361328125,36.754863739013672
94451140,2024,2024-10-30,9435,2024-10-19,"615 ",018746,,6,1,9,1000,0,1,3,,1,180,SR-180,"HAYES AVENUE",475.00,E,N,A,-,Y,FRE,,180," "," ",51.681,H,,R,Y,4,0,2,2,A,-,01,23152,A,N,A,C,A,A,H,-,B,D,0,,,,,Y,Y,A,01,0,0,2,0,0,0,0,0,0,"- ","- ",36.735378265380859,-119.89710998535156,FRESNO,UNINCORPORATED,-119.89710998535156,36.735370635986328
94451190,2024,2024-10-30,9435,2024-10-30,"815 ",018746,,3,1,9,1000,0,1,3,,1,183,"SR-180 EASTBOUND","QUALITY AVENUE",1395.00,E,N,A,-,Y,FRE,,180," ",R,72.345,H,,R,Y,4,0,1,1,A,-,08,22107,,N,E,8,A,A,H,-,A,D,0,,,,,Y,,A,08,0,0,1,0,0,0,0,0,0,"- ","- ",36.735828399658203,-119.53810119628906,FRESNO,UNINCORPORATED,-119.53810119628906,36.735847473144531
94451453,2024,2024-10-30,9435,2024-09-20,2335,021031,,5,3,7,1005,0,1,3,,1,183,"SR-180 E/B TO FOWLER AVE","FOWLER AVE",1267.00,W,N,A,-,Y,FRE,,180," ",R,63.675,H,,R,Y,2,0,1,1,A,-,08,22107,,N,E,I,A,A,H,-,C,D,0,,,,,Y,,A,01,1,0,0,0,0,0,0,0,0,"- ","- ",36.753231048583984,-119.68636322021484,FRESNO,FRESNO,-119.68635559082031,36.753395080566406
94460318,2024,2024-11-06,9435,2024-11-05,1510,020540,,2,2,9,1000,0,1,3,,2,184,"STATE ROUTE 180","GEORGE SMITH ROAD",84.00,E,N,A,-,Y,FRE,,180," "," ",89.389,H,,R,Y,4,0,3,2,A,-,03,22350,,N,C,C,A,A,H,-,A,D,0,,,,,Y,,A,01,0,0,3,0,0,0,0,0,0,"- ","- ",36.737430572509766,-119.25807952880859,FRESNO,UNINCORPORATED,-119.25807952880859,36.737430572509766
94470140,2024,2024-11-14,9435,2024-11-09,1625,022221,,6,2,7,1005,0,1,3,,2,181,"SR-180 W/B","SR-99 N/B",2640.00,E,N,A,-,Y,FRE,,180," ",R,56.715,H,,L,Y,4,0,1,2,A,-,03,22350,,N,C,C,A,A,H,-,B,D,0,,,,,Y,,A,07,0,0,1,0,0,0,0,0,0,"- ","- ",36.744319915771484,-119.80876159667969,FRESNO,FRESNO,-119.80874633789062,36.744304656982422
94471034,2024,2024-11-15,9435,2024-11-13,1740,021837,,3,2,7,1005,0,1,3,,2,181,"SR-180 E/B",SR-41,1584.00,W,N,A,-,Y,FRE,,180," ",R,58.378,H,,R,N,4,0,1,4,A,-,03,22350,,N,C,C,A,A,H,-,B,D,0,,,,,Y,,A,01,0,0,1,0,0,0,0,0,0,"- ","- ",36.753509521484375,-119.78140258789062,FRESNO,FRESNO,-119.78140258789062,36.753524780273438
94473200,2024,2024-11-18,9435,2024-11-11,1330,018914,,1,1,7,1005,0,1,3,,2,182,"EB SR-180","ABBY STREET",350.00,E,N,A,-,Y,FRE,,180," ",R,58.012,H,,R,N,4,0,1,2,A,-,03,22350,A,N,C,C,A,A,H,-,A,A,0,,,,,Y,,D,22,0,0,1,0,0,0,0,0,0,"- ","- ",36.75238037109375,-119.787841796875,FRESNO,FRESNO,-119.78784942626953,36.752414703369141
94474011,2024,2024-11-18,9435,2024-11-17,1939,022221,,7,2,7,1005,0,1,3,,2,181,"SR-180 E/B","CEDAR AVE",1320.00,W,N,A,-,Y,FRE,,180," ",R,59.592,H,,R,Y,4,0,1,2,A,-,03,22350,,M,C,C,A,A,H,-,D,D,0,,,,,Y,,-,99,0,0,1,0,0,0,0,0,0,"- ","- ",36.754829406738281,-119.75962829589844,FRESNO,FRESNO,-119.75962829589844,36.754871368408203
94477417,2024,2024-11-20,9435,2024-11-20,"616 ",015986,,3,1,7,1005,0,1,3,,1,180,"SR-180 W/B","BRAWLEY AVE",88.00,E,N,A,-,Y,FRE,,180," ",R,53.631,H,,L,N,4,0,2,3,A,-,03,22350,,N,C,C,A,A,H,-,A,D,0,,,,,Y,,A,01,0,0,2,0,0,0,0,0,0,"- ","- ",36.735561370849609,-119.86180877685547,FRESNO,FRESNO,-119.86180877685547,36.735572814941406
94486436,2024,2024-11-27,9435,2024-10-30,"415 ",021940,,3,3,9,1000,0,1,3,,2,182,"SR-180 W/B","TEMPERANCE AVE",898.00,W,N,A,-,Y,FRE,,180," ",R,65.116,H,,L,N,2,0,1,2,A,-,00,21960,A,N,G,B,D,A,H,-,C,D,0,Y,,,,Y,Y,N,60,1,0,0,0,1,0,0,0,0,"- ","- ",36.741569519042969,-119.66654968261719,FRESNO,UNINCORPORATED,-119.66657257080078,36.741554260253906
94493331,2024,2024-12-05,9435,2024-12-03,1735,020205,,2,2,7,1005,0,1,3,,2,182,"SR-180 E/B","CHESTNUT AVE",280.00,W,N,A,-,Y,FRE,,180," ",R,60.825,H,,R,Y,4,0,4,3,A,-,03,22350,,N,C,C,A,A,H,-,D,D,0,,,,,Y,,A,01,0,0,4,0,0,0,0,0,0,"- ","- ",36.754718780517578,-119.73744964599609,FRESNO,FRESNO,-119.73744964599609,36.754734039306641
94493597,2024,2024-12-05,9435,2024-11-28,"345 ",021148,,4,3,7,1005,0,1,3,,2,181,"SR-180 W/B","BLACKSTONE AVENUE",0.00,,Y,E,-,Y,FRE,,180," ",R,57.892,H,,L,Y,2,0,1,1,A,-,01,23152,A,N,E,J,A,B,H,-,D,D,0,,,,,Y,Y,A,01,1,0,0,0,0,0,0,0,0,"- ","- ",36.7523193359375,-119.78997039794922,FRESNO,FRESNO,-119.78993988037109,36.752239227294922
94494698,2024,2024-12-06,9435,2024-11-25,2259,021031,,1,3,7,1005,0,1,3,,2,181,"STATE ROUTE 180 WESTBOUND","ABBY STREET",300.00,E,N,C,-,Y,FRE,,180," ",R,57.957,H,,L,N,4,0,1,2,A,-,08,22107,,N,B,C,A,B,H,-,D,D,0,,,,,Y,,D,22,0,0,1,0,0,0,0,0,0,"- ","- ",36.752449035644531,-119.78880310058594,FRESNO,FRESNO,-119.78881072998047,36.752475738525391
94494979,2024,2024-12-06,9435,2024-11-22,2146,022624,,5,2,9,1000,0,1,3,,1,183,"SR-180 W/B","BETHEL AVE",50.00,W,N,A,-,Y,FRE,,180," ",R,70.317,H,,L,N,3,0,1,2,A,-,01,23152,A,N,C,C,A,A,H,-,C,D,0,,,,,Y,Y,-,"- ",0,1,0,0,0,0,0,0,0,"- ","- ",36.736160278320312,-119.57463836669922,FRESNO,UNINCORPORATED,-119.57463836669922,36.736167907714844
94500537,2024,2024-12-13,9435,2024-12-06,2238,020854,,5,3,9,1000,0,1,3,,1,168,"STATE ROUTE 168 WESTBOUND TO STATE ROUTE 180 EASTB","HARVEY AVENUE",385.00,N,N,A,-,Y,FRE,,180," ",R,60.253,H,,L,N,4,0,1,1,A,-,01,23152,A,N,E,I,A,A,H,-,C,D,0,,,,,Y,Y,A,07,0,0,1,0,0,0,0,0,0,"- ","- ",36.755329132080078,-119.74759674072266,FRESNO,UNINCORPORATED,-119.74759674072266,36.755138397216797
94502966,2024,2024-12-13,9435,2024-12-04,1728,020977,,3,2,9,1000,0,1,3,,2,181,"E/B STATE ROUTE 180","STATE ROUTE 41",2112.00,W,N,A,-,Y,FRE,,180," ",R,58.292,H,,R,N,4,0,1,3,A,-,03,22350,,N,C,C,A,A,H,-,D,D,0,,,,,Y,,A,07,0,0,1,0,0,0,0,0,0,"- ","- ",36.753288269042969,-119.78294372558594,FRESNO,UNINCORPORATED,-119.78294372558594,36.753318786621094
94508445,2024,2024-12-18,9435,2024-12-07,"155 ",021658,,6,3,9,1000,0,1,3,,1,180,SR-180,"HAYES AVE.",500.00,W,N,E,-,Y,FRE,,180," "," ",51.315,H,,R,Y,3,0,2,2,A,-,01,23152,A,M,A,C,A,B,H,-,D,D,0,,,,,Y,Y,A,01,0,1,1,0,0,0,0,0,0,"- ","- ",36.735378265380859,-119.90377044677734,FRESNO,UNINCORPORATED,-119.90377044677734,36.735359191894531
94514083,2024,2024-12-23,9435,2024-12-14,"26  ",020854,,6,3,9,1000,0,1,3,,1,183,"STATE ROUTE 180 WESTBOUND","TEMPERANCE AVENUE",2000.00,E,N,A,-,Y,FRE,,180," ",R,65.784,H,,L,Y,3,0,1,1,A,-,01,23152,A,N,E,8,A,A,H,-,D,D,0,,,,,Y,Y,A,01,0,1,0,0,0,0,0,0,0,"- ","- ",36.737529754638672,-119.65753173828125,FRESNO,UNINCORPORATED,-119.65755462646484,36.737453460693359
94515233,2024,2024-12-24,9435,2024-12-22,1515,021424,,7,2,7,1005,0,1,3,,2,182,"SR-180 E/B","MAPLE AVE",500.00,W,N,A,-,Y,FRE,,180," ",R,60.279,H,,R,Y,4,0,3,2,A,-,08,22107,,N,D,2,A,A,H,-,A,D,0,,,,,Y,,A,01,0,0,3,0,0,0,0,0,0,"- ","- ",36.754878997802734,-119.74729919433594,FRESNO,FRESNO,-119.74729919433594,36.754878997802734
94516335,2024,2024-12-26,9435,2024-12-20,1725,020205,,5,2,7,1005,0,1,3,,2,182,"SR-180 E/B","CHESTNUT AVE",1322.00,W,N,A,-,Y,FRE,,180," ",R,60.626,H,,R,N,4,0,3,2,A,-,03,22350,,M,C,C,A,A,H,-,D,D,0,,,,,Y,,-,"- ",0,0,3,0,0,0,0,0,0,"- ","- ",36.75482177734375,-119.74102020263672,FRESNO,FRESNO,-119.74102020263672,36.754863739013672
94516402,2024,2024-12-26,9435,2024-12-24,"910 ",018746,,2,1,7,1005,0,1,3,,2,182,"SR-180 EASTBOUND","WILLOW AVENUE",535.00,W,N,C,-,Y,FRE,,180," ",R,61.288,H,,R,Y,4,0,1,1,A,-,08,22107,,N,F,A,A,A,H,-,A,D,0,,,,,Y,,A,01,0,0,1,0,0,0,0,0,0,"- ","- ",36.753589630126953,-119.72927093505859,FRESNO,FRESNO,-119.72927093505859,36.753559112548828
94516437,2024,2024-12-26,9435,2024-12-24,1244,015986,,2,1,7,1005,0,1,3,,2,181,SR180,"VAN NESS AVENUE",100.00,E,N,C,-,Y,FRE,,180," ",R,57.329,H,,R,Y,4,0,1,1,A,-,08,22107,,N,E,I,A,B,H,-,A,D,0,,,,,Y,,A,01,0,0,1,0,0,0,0,0,0,"- ","- ",36.749149322509766,-119.79945373535156,FRESNO,FRESNO,-119.79932403564453,36.748992919921875
94516463,2024,2024-12-26,9435,2024-08-17,"145 ",021982,,6,3,9,1000,0,1,3,,1,180,"STATE ROUTE 180","FLOYD AVENUE",2040.00,E,N,A,-,Y,FRE,,180," "," ",46.795,H,,R,Y,1,1,2,2,A,-,08,22107,,N,A,C,A,A,H,-,D,D,0,,,,,Y,Y,A,01,2,0,0,0,0,0,0,0,0,"- ","- ",36.735000610351562,-119.98470306396484,FRESNO,UNINCORPORATED,-119.98470306396484,36.734981536865234
94520355,2024,2024-12-30,9435,2024-12-26,2220,020854,,4,3,9,1000,0,1,3,,2,181,"STATE ROUTE 180 EASTBOUND","FULTON STREET",225.00,E,N,C,-,Y,FRE,,180," ",R,57.310,H,,R,Y,4,0,1,1,A,-,03,22350,,N,E,I,A,B,H,-,C,D,0,,,,,Y,,A,01,0,0,1,0,0,0,0,0,0,"- ","- ",36.748920440673828,-119.7996826171875,FRESNO,UNINCORPORATED,-119.79961395263672,36.74884033203125
94522063,2024,2024-12-31,9435,2024-12-27,1719,021247,,5,2,7,1005,0,1,3,,2,181,"STATE ROUTE 180 WESTBOUND","STATE ROUTE 99",1901.00,E,N,A,-,Y,FRE,,180," ",R,56.672,H,,L,Y,4,0,2,3,A,-,03,22350,,N,C,C,A,A,H,-,C,D,0,,,,,Y,,A,01,0,0,2,0,0,0,0,0,0,"- ","- ",36.743980407714844,-119.80941009521484,FRESNO,FRESNO,-119.80938720703125,36.74395751953125
94524962,2024,2025-01-03,9435,2024-12-29,1520,021086,,7,2,9,1000,0,1,3,,2,182,"STATE ROUTE 180 WESTBOUND","WILLOW AVENUE",110.00,W,N,B,C,Y,FRE,,180," ",R,61.370,H,,L,Y,4,0,1,2,A,-,03,22350,,N,B,2,A,B,H,-,A,D,0,,,,,Y,,A,01,0,0,1,0,0,0,0,0,0,"- ","- ",36.753730773925781,-119.72779846191406,FRESNO,UNINCORPORATED,-119.72779846191406,36.753749847412109
94526551,2024,2025-01-06,9435,2024-12-28,1700,022712,,6,2,7,1005,0,1,3,,2,181,"SR-180 W/B","''H' ST.",250.00,N,N,A,-,Y,FRE,,180," ",R,56.787,H,,L,Y,4,0,1,2,A,-,03,22350,,N,C,C,A,A,H,-,B,D,0,,,,,Y,,-,"- ",0,0,1,0,0,0,0,0,0,"- ","- ",36.744869232177734,-119.8076171875,FRESNO,FRESNO,-119.80764007568359,36.744895935058594
94528232,2024,2025-01-07,9435,2024-12-24,1906,020977,,2,2,9,1000,0,1,3,,2,182,"STATE ROUTE 180 E/B","DE WOLF AVENUE",450.00,E,N,A,-,Y,FRE,,180," ",R,66.450,H,,R,N,4,0,1,2,A,-,08,22107,,N,B,C,A,A,H,-,D,A,0,,,,,Y,Y,-,"- ",0,0,1,0,0,0,0,0,0,"- ","- ",36.736850738525391,-119.64425659179688,FRESNO,UNINCORPORATED,-119.64425659179688,36.736869812011719
94529964,2024,2025-01-08,9435,2024-12-27,1735,022712,,5,2,7,1005,0,1,3,,2,181,"SR-180 W/B","FULTON ST",650.00,W,N,A,-,Y,FRE,,180," ",R,57.128,H,,L,Y,4,0,1,3,A,-,03,22350,,N,C,C,A,A,H,-,C,D,0,,,,,Y,,A,08,0,0,1,0,0,0,0,0,0,"- ","- ",36.747730255126953,-119.8023681640625,FRESNO,FRESNO,-119.80234527587891,36.747699737548828
94533405,2024,2025-01-10,9435,2024-12-28,"815 ",019603,,6,1,7,1005,0,1,3,,2,182,"STATE ROUTE 180 WESTBOUND","CHESTNUT AVENUE",1300.00,E,N,E,-,Y,FRE,,180," ",R,61.131,H,,L,N,4,0,1,1,A,-,01,23152,A,M,E,I,A,A,H,-,A,D,0,,,,,Y,Y,A,01,0,0,1,0,0,0,0,0,0,"- ","- ",36.7540283203125,-119.73211669921875,FRESNO,FRESNO,-119.73209381103516,36.754108428955078
94588455,2024,2025-02-24,9435,2024-09-06,1320,018746,,5,1,9,1000,0,1,3,,1,180,"STATE ROUTE 180","HAYES AVENUE",0.00,,Y,A,-,Y,FRE,,180," "," ",51.592,H,,R,Y,1,1,0,2,A,-,09,21802,A,N,D,2,A,A,H,-,A,A,0,,,,Y,Y,,A,01,0,0,0,0,0,0,0,0,0,"- ","- ",36.735378265380859,-119.89875030517578,FRESNO,UNINCORPORATED,-119.89875030517578,36.735374450683594
94589203,2024,2025-02-25,9435,2024-06-20,"15  ",018944,,4,3,9,1000,0,1,3,,1,180,"STATE ROUTE 180","CORNELIA AVENUE",792.00,W,N,A,-,Y,FRE,,180," "," ",52.433,H,,R,Y,1,1,2,2,A,-,01,23152,A,N,A,C,A,A,H,-,D,D,0,,,,,Y,Y,A,01,2,0,0,0,0,0,0,0,0,"- ","- ",36.735450744628906,-119.88352966308594,FRESNO,UNINCORPORATED,-119.88352966308594,36.735450744628906
9467921,2022,2023-01-12,1009,2022-10-31,1846,R054,MENDO,1,5,2,1009,0,0,0,,0,0ME,"COLLER ST","9TH ST",8.00,N,N,A,-,Y,FRE,6,180,-,-,24.200,I,5,E,N,4,0,1,2,A,-,10,21950,A,N,G,B,B,A,H,-,C,A,0,Y,,,,Y,,A,01,0,0,1,0,1,0,0,0,0,"- ","- ",,,FRESNO,MENDOTA,-120.37784576416016,36.753250122070312
9536504,2022,2023-01-25,1013,2022-12-05,0732,M185,SANGE,1,5,3,1013,0,0,0,,0,B02,"ACADEMY AV","RT 180",192.00,S,N,B,-,Y,FRE,6,180,-,R,71.334,I,6,E,N,4,0,1,3,A,-,03,22350,,N,A,C,A,B,H,-,A,A,0,,,,,Y,,A,01,0,0,1,0,0,0,0,0,0,"- ","- ",36.735191345214844,-119.55635833740234,FRESNO,SANGER,-119.55630493164062,36.735923767089844
9554826,2023,2023-03-23,1005,2023-01-09,"15  ",R109,MENDR,1,5,7,1005,0,0,0,,0,0ME,WHITESBRIDGE,"SAN MATEO",188.00,S,N,G,-,Y,FRE,6,180,-,-,25.790,I,5,E,Y,3,0,1,2,A,-,06,21750,,N,B,C,A,B,G,-,C,D,0,,,,,Y,Y,A,01,0,1,0,0,0,0,0,0,0,"- ","- ",,,FRESNO,FRESNO,-120.36167144775391,36.732765197753906
9556861,2023,2023-04-07,1009,2023-02-03,1715,R089,MENDO,5,5,2,1009,0,0,0,,0,0ME,"OLLER ST",6TH,0.00,,Y,A,-,Y,FRE,6,180,-,-,23.920,I,5,W,Y,4,0,1,3,A,-,21,22106,,N,D,C,A,A,H,-,B,D,0,,,,,Y,Y,A,01,0,0,1,0,0,0,0,0,0,"- ","- ",36.452201843261719,-120.22519683837891,FRESNO,MENDOTA,-120.38123321533203,36.756141662597656
9715878,2023,2024-09-05,1007,2023-09-04,1802,I127,KERMA,1,5,2,1007,0,0,0,,0,0KE,"RT 180","VINELAND AV",168.00,E,N,A,-,Y,FRE,6,180,-,-,43.150,H,-,E,N,4,0,2,2,A,-,03,22350,,N,C,D,A,A,H,-,A,D,0,,,,,Y,,A,01,0,0,2,0,0,0,0,0,0,"- ","- ",,,FRESNO,KERMAN,-120.05071258544922,36.734943389892578
9715886,2023,2024-10-10,1007,2023-08-21,1821,I127,KERMA,1,5,2,1007,0,0,0,,0,0KE,"RT 180","RT 145",190.00,W,N,A,-,Y,FRE,6,180,-,-,42.590,H,-,W,Y,4,0,1,2,A,-,09,21801,A,N,D,D,A,A,H,-,A,D,0,,,Y,,Y,,A,01,0,0,1,0,0,0,0,0,1,"- ","- ",,,FRESNO,KERMAN,-120.06103515625,36.734973907470703
9715919,2023,2024-09-12,1007,2023-08-25,"728 ",I129,KERMA,5,5,2,1007,0,0,0,,0,0KE,"WHITESBRIDGE RD","1ST ST",510.00,E,N,A,-,Y,FRE,6,180,-,-,42.490,H,-,E,N,2,0,1,2,A,-,09,21804,A,N,H,G,A,A,H,-,A,D,0,,Y,,,Y,,L,04,1,0,0,0,0,0,1,0,0,"- ","- ",,,FRESNO,KERMAN,-120.06282806396484,36.734878540039062
9720423,2024,2024-09-27,1007,2024-03-13,1537,I119,KERMA,3,5,2,1007,0,0,0,,0,0KE,"WHITESBRIDGE AV","GOLDENROD AV",1312.00,W,N,A,-,Y,FRE,6,180,-,-,43.390,H,-,E,Y,4,0,1,1,A,-,08,22107,,N,E,J,A,A,H,-,A,D,0,,,,,Y,,A,01,0,0,1,0,0,0,0,0,0,"- ","- ",36.734970092773438,-120.04219818115234,FRESNO,KERMAN,-120.04652404785156,36.734951019287109
9720439,2024,2024-09-27,1007,2024-04-21,2009,I127,KERMA,7,5,2,1007,0,0,0,,0,0KE,"RT 180","S SISKIYOU AV",0.00,,Y,A,-,Y,FRE,6,180,-,-,41.630,I,5,E,Y,3,0,1,2,A,-,01,23152,A,N,C,C,A,A,H,-,C,A,0,,,,,Y,Y,A,01,0,1,0,0,0,0,0,0,0,"- ","- ",,,FRESNO,KERMAN,-120.07826995849609,36.734760284423828
9725432,2024,2024-09-27,1007,2024-01-08,1515,I126,KERMA,1,5,2,1007,0,0,0,,0,KERMAN,"WHITESBRIDGE AV","MADERA AV",78.00,E,N,A,-,Y,FRE,6,180,-,-,42.660,H,-,W,N,4,0,1,2,A,-,21,22106,,N,C,C,A,A,H,-,A,A,0,,,,,Y,,D,22,0,0,1,0,0,0,0,0,0,"- ","- ",36.735031127929688,-120.06014251708984,FRESNO,KERMAN,-120.05976104736328,36.734973907470703
9751465,2023,2025-02-19,1007,2023-11-16,"515 ",2776,,4,5,2,1007,0,0,0,,0,,"RT 180","SISKIYOU AV",1214.00,W,N,A,-,Y,FRE,6,180,-,-,41.400,H,-,E,N,1,1,0,2,A,-,11,21954,A,N,G,B,D,A,H,-,E,D,0,Y,,,,Y,,N,60,0,0,0,1,0,0,0,0,0,"- ","- ",36.7347412109375,-120.08262634277344,FRESNO,KERMAN,-120.08242797851562,36.734748840332031